"Year","Table","County","Birth Weight in Grams","Number of Live Births"
"2022","11a","Albany","Unknown","2"
"2022","11a","Albany","3500+","932"
"2022","11a","Albany","3000-3499","1,054"
"2022","11a","Albany","2500-2999","575"
"2022","11a","Albany","2000-2499","143"
"2022","11a","Albany","1500-1999","63"
"2022","11a","Albany","1000-1499","28"
"2022","11a","Albany","Under 1000","22"
"2022","11a","Albany","Total","2,819"
"2022","11a","Allegany","Total","472"
"2022","11a","Allegany","Under 1000","6"
"2022","11a","Allegany","1000-1499","2"
"2022","11a","Allegany","1500-1999","3"
"2022","11a","Allegany","2000-2499","29"
"2022","11a","Allegany","2500-2999","72"
"2022","11a","Allegany","3000-3499","161"
"2022","11a","Allegany","3500+","186"
"2022","11a","Allegany","Unknown","13"
"2022","11a","Bronx","1000-1499","163"
"2022","11a","Bronx","Total","16,728"
"2022","11a","Bronx","Under 1000","138"
"2022","11a","Bronx","1500-1999","350"
"2022","11a","Bronx","2000-2499","1,148"
"2022","11a","Bronx","2500-2999","3,824"
"2022","11a","Bronx","3000-3499","6,637"
"2022","11a","Bronx","3500+","4,464"
"2022","11a","Bronx","Unknown","4"
"2022","11a","Broome","Under 1000","14"
"2022","11a","Broome","Total","1,685"
"2022","11a","Broome","Unknown","2"
"2022","11a","Broome","3500+","575"
"2022","11a","Broome","3000-3499","633"
"2022","11a","Broome","2500-2999","329"
"2022","11a","Broome","2000-2499","94"
"2022","11a","Broome","1500-1999","27"
"2022","11a","Broome","1000-1499","11"
"2022","11a","Cattaraugus","1000-1499","2"
"2022","11a","Cattaraugus","Total","796"
"2022","11a","Cattaraugus","Unknown","101"
"2022","11a","Cattaraugus","3500+","249"
"2022","11a","Cattaraugus","Under 1000","5"
"2022","11a","Cattaraugus","3000-3499","246"
"2022","11a","Cattaraugus","2500-2999","132"
"2022","11a","Cattaraugus","2000-2499","48"
"2022","11a","Cattaraugus","1500-1999","13"
"2022","11a","Cayuga","Under 1000","4"
"2022","11a","Cayuga","Total","706"
"2022","11a","Cayuga","Unknown","1"
"2022","11a","Cayuga","3500+","280"
"2022","11a","Cayuga","3000-3499","238"
"2022","11a","Cayuga","2500-2999","133"
"2022","11a","Cayuga","2000-2499","32"
"2022","11a","Cayuga","1500-1999","11"
"2022","11a","Cayuga","1000-1499","7"
"2022","11a","Chautauqua","1500-1999","21"
"2022","11a","Chautauqua","Total","1,157"
"2022","11a","Chautauqua","Under 1000","8"
"2022","11a","Chautauqua","1000-1499","11"
"2022","11a","Chautauqua","2000-2499","51"
"2022","11a","Chautauqua","2500-2999","200"
"2022","11a","Chautauqua","3000-3499","406"
"2022","11a","Chautauqua","3500+","414"
"2022","11a","Chautauqua","Unknown","46"
"2022","11a","Chemung","Total","802"
"2022","11a","Chemung","Unknown","0"
"2022","11a","Chemung","3500+","282"
"2022","11a","Chemung","3000-3499","281"
"2022","11a","Chemung","2500-2999","166"
"2022","11a","Chemung","2000-2499","41"
"2022","11a","Chemung","1500-1999","17"
"2022","11a","Chemung","1000-1499","10"
"2022","11a","Chemung","Under 1000","5"
"2022","11a","Chenango","Under 1000","0"
"2022","11a","Chenango","Total","465"
"2022","11a","Chenango","1000-1499","2"
"2022","11a","Chenango","1500-1999","8"
"2022","11a","Chenango","2000-2499","23"
"2022","11a","Chenango","2500-2999","76"
"2022","11a","Chenango","3000-3499","169"
"2022","11a","Chenango","3500+","184"
"2022","11a","Chenango","Unknown","3"
"2022","11a","Clinton","1000-1499","5"
"2022","11a","Clinton","Total","615"
"2022","11a","Clinton","Unknown","1"
"2022","11a","Clinton","3500+","223"
"2022","11a","Clinton","3000-3499","229"
"2022","11a","Clinton","2500-2999","114"
"2022","11a","Clinton","2000-2499","28"
"2022","11a","Clinton","1500-1999","8"
"2022","11a","Clinton","Under 1000","7"
"2022","11a","Columbia","Under 1000","2"
"2022","11a","Columbia","Total","473"
"2022","11a","Columbia","Unknown","3"
"2022","11a","Columbia","3500+","176"
"2022","11a","Columbia","3000-3499","174"
"2022","11a","Columbia","2500-2999","93"
"2022","11a","Columbia","2000-2499","18"
"2022","11a","Columbia","1500-1999","4"
"2022","11a","Columbia","1000-1499","3"
"2022","11a","Cortland","2000-2499","19"
"2022","11a","Cortland","Total","455"
"2022","11a","Cortland","Under 1000","3"
"2022","11a","Cortland","1000-1499","4"
"2022","11a","Cortland","1500-1999","7"
"2022","11a","Cortland","2500-2999","77"
"2022","11a","Cortland","3000-3499","172"
"2022","11a","Cortland","3500+","156"
"2022","11a","Cortland","Unknown","17"
"2022","11a","Delaware","Total","350"
"2022","11a","Delaware","Unknown","0"
"2022","11a","Delaware","3500+","128"
"2022","11a","Delaware","3000-3499","146"
"2022","11a","Delaware","2500-2999","52"
"2022","11a","Delaware","2000-2499","15"
"2022","11a","Delaware","1500-1999","4"
"2022","11a","Delaware","1000-1499","1"
"2022","11a","Delaware","Under 1000","4"
"2022","11a","Dutchess","Total","2,615"
"2022","11a","Dutchess","Unknown","3"
"2022","11a","Dutchess","3500+","956"
"2022","11a","Dutchess","3000-3499","1,000"
"2022","11a","Dutchess","2500-2999","465"
"2022","11a","Dutchess","2000-2499","124"
"2022","11a","Dutchess","1500-1999","38"
"2022","11a","Dutchess","1000-1499","20"
"2022","11a","Dutchess","Under 1000","9"
"2022","11a","Erie","Total","9,087"
"2022","11a","Erie","Unknown","13"
"2022","11a","Erie","3500+","3,045"
"2022","11a","Erie","3000-3499","3,381"
"2022","11a","Erie","2500-2999","1,829"
"2022","11a","Erie","2000-2499","516"
"2022","11a","Erie","1500-1999","175"
"2022","11a","Erie","1000-1499","71"
"2022","11a","Erie","Under 1000","57"
"2022","11a","Essex","Total","263"
"2022","11a","Essex","Under 1000","1"
"2022","11a","Essex","1000-1499","7"
"2022","11a","Essex","1500-1999","4"
"2022","11a","Essex","2000-2499","13"
"2022","11a","Essex","2500-2999","45"
"2022","11a","Essex","3000-3499","86"
"2022","11a","Essex","3500+","101"
"2022","11a","Essex","Unknown","6"
"2022","11a","Franklin","3000-3499","167"
"2022","11a","Franklin","Total","441"
"2022","11a","Franklin","Under 1000","1"
"2022","11a","Franklin","1000-1499","0"
"2022","11a","Franklin","1500-1999","4"
"2022","11a","Franklin","2000-2499","23"
"2022","11a","Franklin","2500-2999","53"
"2022","11a","Franklin","3500+","188"
"2022","11a","Franklin","Unknown","5"
"2022","11a","Fulton","Under 1000","6"
"2022","11a","Fulton","Total","507"
"2022","11a","Fulton","1000-1499","3"
"2022","11a","Fulton","1500-1999","8"
"2022","11a","Fulton","2000-2499","33"
"2022","11a","Fulton","2500-2999","95"
"2022","11a","Fulton","3000-3499","190"
"2022","11a","Fulton","3500+","171"
"2022","11a","Fulton","Unknown","1"
"2022","11a","Genesee","Total","553"
"2022","11a","Genesee","1000-1499","4"
"2022","11a","Genesee","Under 1000","2"
"2022","11a","Genesee","1500-1999","11"
"2022","11a","Genesee","2000-2499","26"
"2022","11a","Genesee","2500-2999","84"
"2022","11a","Genesee","3000-3499","208"
"2022","11a","Genesee","3500+","218"
"2022","11a","Genesee","Unknown","0"
"2022","11a","Greene","3500+","142"
"2022","11a","Greene","Total","379"
"2022","11a","Greene","Under 1000","2"
"2022","11a","Greene","1000-1499","3"
"2022","11a","Greene","1500-1999","6"
"2022","11a","Greene","2000-2499","16"
"2022","11a","Greene","2500-2999","58"
"2022","11a","Greene","3000-3499","151"
"2022","11a","Greene","Unknown","1"
"2022","11a","Hamilton","3500+","8"
"2022","11a","Hamilton","3000-3499","12"
"2022","11a","Hamilton","2500-2999","3"
"2022","11a","Hamilton","2000-2499","1"
"2022","11a","Hamilton","1500-1999","0"
"2022","11a","Hamilton","1000-1499","0"
"2022","11a","Hamilton","Under 1000","0"
"2022","11a","Hamilton","Unknown","0"
"2022","11a","Hamilton","Total","24"
"2022","11a","Herkimer","Unknown","3"
"2022","11a","Herkimer","3500+","225"
"2022","11a","Herkimer","3000-3499","219"
"2022","11a","Herkimer","2500-2999","99"
"2022","11a","Herkimer","2000-2499","30"
"2022","11a","Herkimer","1500-1999","7"
"2022","11a","Herkimer","1000-1499","4"
"2022","11a","Herkimer","Under 1000","4"
"2022","11a","Herkimer","Total","591"
"2022","11a","Jefferson","Total","1,759"
"2022","11a","Jefferson","Unknown","4"
"2022","11a","Jefferson","3500+","608"
"2022","11a","Jefferson","3000-3499","703"
"2022","11a","Jefferson","2500-2999","293"
"2022","11a","Jefferson","2000-2499","95"
"2022","11a","Jefferson","1500-1999","24"
"2022","11a","Jefferson","1000-1499","17"
"2022","11a","Jefferson","Under 1000","15"
"2022","11a","Kings","Total","33,383"
"2022","11a","Kings","Unknown","6"
"2022","11a","Kings","3500+","10,160"
"2022","11a","Kings","3000-3499","13,576"
"2022","11a","Kings","2500-2999","6,994"
"2022","11a","Kings","2000-2499","1,766"
"2022","11a","Kings","1500-1999","521"
"2022","11a","Kings","1000-1499","203"
"2022","11a","Kings","Under 1000","157"
"2022","11a","Lewis","Unknown","2"
"2022","11a","Lewis","Total","311"
"2022","11a","Lewis","Under 1000","2"
"2022","11a","Lewis","1000-1499","3"
"2022","11a","Lewis","1500-1999","5"
"2022","11a","Lewis","2000-2499","17"
"2022","11a","Lewis","2500-2999","47"
"2022","11a","Lewis","3000-3499","111"
"2022","11a","Lewis","3500+","124"
"2022","11a","Livingston","1000-1499","2"
"2022","11a","Livingston","Total","518"
"2022","11a","Livingston","Under 1000","3"
"2022","11a","Livingston","1500-1999","8"
"2022","11a","Livingston","2000-2499","22"
"2022","11a","Livingston","2500-2999","77"
"2022","11a","Livingston","3000-3499","194"
"2022","11a","Livingston","3500+","205"
"2022","11a","Livingston","Unknown","7"
"2022","11a","Madison","Unknown","6"
"2022","11a","Madison","Total","574"
"2022","11a","Madison","Under 1000","0"
"2022","11a","Madison","1000-1499","1"
"2022","11a","Madison","1500-1999","2"
"2022","11a","Madison","2000-2499","45"
"2022","11a","Madison","2500-2999","84"
"2022","11a","Madison","3000-3499","221"
"2022","11a","Madison","3500+","215"
"2022","11a","Monroe","3500+","2,556"
"2022","11a","Monroe","Total","7,437"
"2022","11a","Monroe","Under 1000","80"
"2022","11a","Monroe","1000-1499","57"
"2022","11a","Monroe","1500-1999","128"
"2022","11a","Monroe","2000-2499","462"
"2022","11a","Monroe","2500-2999","1,411"
"2022","11a","Monroe","3000-3499","2,741"
"2022","11a","Monroe","Unknown","2"
"2022","11a","Montgomery","3000-3499","224"
"2022","11a","Montgomery","Total","611"
"2022","11a","Montgomery","Under 1000","4"
"2022","11a","Montgomery","Unknown","46"
"2022","11a","Montgomery","1000-1499","4"
"2022","11a","Montgomery","1500-1999","3"
"2022","11a","Montgomery","2000-2499","27"
"2022","11a","Montgomery","2500-2999","92"
"2022","11a","Montgomery","3500+","211"
"2022","11a","Nassau","2500-2999","2,822"
"2022","11a","Nassau","Unknown","5"
"2022","11a","Nassau","3500+","4,307"
"2022","11a","Nassau","3000-3499","5,456"
"2022","11a","Nassau","2000-2499","762"
"2022","11a","Nassau","1500-1999","248"
"2022","11a","Nassau","1000-1499","88"
"2022","11a","Nassau","Under 1000","59"
"2022","11a","Nassau","Total","13,747"
"2022","11a","New York","Under 1000","68"
"2022","11a","New York","1000-1499","96"
"2022","11a","New York","1500-1999","210"
"2022","11a","New York","2000-2499","800"
"2022","11a","New York","2500-2999","2,927"
"2022","11a","New York","Unknown","2"
"2022","11a","New York","3000-3499","5,378"
"2022","11a","New York","3500+","3,717"
"2022","11a","New York","Total","13,198"
"2022","11a","New York City","3500+","26,261"
"2022","11a","New York City","Total","92,094"
"2022","11a","New York City","Under 1000","537"
"2022","11a","New York City","1000-1499","684"
"2022","11a","New York City","1500-1999","1,576"
"2022","11a","New York City","2000-2499","5,551"
"2022","11a","New York City","2500-2999","20,244"
"2022","11a","New York City","3000-3499","37,223"
"2022","11a","New York City","Unknown","18"
"2022","11a","New York State","3000-3499","81,118"
"2022","11a","New York State","2500-2999","41,528"
"2022","11a","New York State","2000-2499","11,579"
"2022","11a","New York State","1500-1999","3,397"
"2022","11a","New York State","1000-1499","1,493"
"2022","11a","New York State","Under 1000","1,183"
"2022","11a","New York State","Total","206,812"
"2022","11a","New York State","Unknown","447"
"2022","11a","New York State","3500+","66,067"
"2022","11a","Niagara","2500-2999","364"
"2022","11a","Niagara","Total","1,961"
"2022","11a","Niagara","Under 1000","11"
"2022","11a","Niagara","1000-1499","13"
"2022","11a","Niagara","1500-1999","40"
"2022","11a","Niagara","2000-2499","118"
"2022","11a","Niagara","3000-3499","727"
"2022","11a","Niagara","3500+","686"
"2022","11a","Niagara","Unknown","2"
"2022","11a","Oneida","Total","2,185"
"2022","11a","Oneida","Unknown","8"
"2022","11a","Oneida","3500+","683"
"2022","11a","Oneida","3000-3499","877"
"2022","11a","Oneida","2500-2999","418"
"2022","11a","Oneida","2000-2499","133"
"2022","11a","Oneida","1500-1999","43"
"2022","11a","Oneida","1000-1499","13"
"2022","11a","Oneida","Under 1000","10"
"2022","11a","Onondaga","Unknown","0"
"2022","11a","Onondaga","3500+","1,676"
"2022","11a","Onondaga","3000-3499","1,683"
"2022","11a","Onondaga","2500-2999","825"
"2022","11a","Onondaga","2000-2499","274"
"2022","11a","Onondaga","1500-1999","85"
"2022","11a","Onondaga","1000-1499","48"
"2022","11a","Onondaga","Under 1000","36"
"2022","11a","Onondaga","Total","4,627"
"2022","11a","Ontario","Total","1,016"
"2022","11a","Ontario","Unknown","2"
"2022","11a","Ontario","3500+","416"
"2022","11a","Ontario","3000-3499","360"
"2022","11a","Ontario","2500-2999","170"
"2022","11a","Ontario","2000-2499","42"
"2022","11a","Ontario","1500-1999","8"
"2022","11a","Ontario","1000-1499","6"
"2022","11a","Ontario","Under 1000","12"
"2022","11a","Orange","Total","5,443"
"2022","11a","Orange","Under 1000","25"
"2022","11a","Orange","1000-1499","53"
"2022","11a","Orange","1500-1999","69"
"2022","11a","Orange","2000-2499","258"
"2022","11a","Orange","2500-2999","911"
"2022","11a","Orange","3000-3499","2,207"
"2022","11a","Orange","3500+","1,913"
"2022","11a","Orange","Unknown","7"
"2022","11a","Orleans","Total","376"
"2022","11a","Orleans","Under 1000","1"
"2022","11a","Orleans","1000-1499","4"
"2022","11a","Orleans","1500-1999","4"
"2022","11a","Orleans","2000-2499","22"
"2022","11a","Orleans","2500-2999","62"
"2022","11a","Orleans","3000-3499","137"
"2022","11a","Orleans","3500+","146"
"2022","11a","Orleans","Unknown","0"
"2022","11a","Oswego","Total","1,110"
"2022","11a","Oswego","Under 1000","6"
"2022","11a","Oswego","1000-1499","11"
"2022","11a","Oswego","1500-1999","16"
"2022","11a","Oswego","2000-2499","77"
"2022","11a","Oswego","2500-2999","177"
"2022","11a","Oswego","3000-3499","378"
"2022","11a","Oswego","3500+","433"
"2022","11a","Oswego","Unknown","12"
"2022","11a","Otsego","Total","458"
"2022","11a","Otsego","Under 1000","1"
"2022","11a","Otsego","1000-1499","2"
"2022","11a","Otsego","1500-1999","2"
"2022","11a","Otsego","2000-2499","16"
"2022","11a","Otsego","2500-2999","74"
"2022","11a","Otsego","3000-3499","154"
"2022","11a","Otsego","3500+","202"
"2022","11a","Otsego","Unknown","7"
"2022","11a","Putnam","Total","909"
"2022","11a","Putnam","Under 1000","2"
"2022","11a","Putnam","1000-1499","4"
"2022","11a","Putnam","1500-1999","19"
"2022","11a","Putnam","2000-2499","35"
"2022","11a","Putnam","2500-2999","130"
"2022","11a","Putnam","3000-3499","358"
"2022","11a","Putnam","3500+","360"
"2022","11a","Putnam","Unknown","1"
"2022","11a","Queens","Total","23,877"
"2022","11a","Queens","Under 1000","141"
"2022","11a","Queens","1000-1499","190"
"2022","11a","Queens","1500-1999","421"
"2022","11a","Queens","2000-2499","1,553"
"2022","11a","Queens","2500-2999","5,473"
"2022","11a","Queens","3000-3499","9,618"
"2022","11a","Queens","3500+","6,475"
"2022","11a","Queens","Unknown","6"
"2022","11a","Rensselaer","Total","1,483"
"2022","11a","Rensselaer","Under 1000","10"
"2022","11a","Rensselaer","1000-1499","6"
"2022","11a","Rensselaer","1500-1999","22"
"2022","11a","Rensselaer","2000-2499","74"
"2022","11a","Rensselaer","2500-2999","287"
"2022","11a","Rensselaer","3000-3499","540"
"2022","11a","Rensselaer","3500+","541"
"2022","11a","Rensselaer","Unknown","3"
"2022","11a","Rest of State","Unknown","429"
"2022","11a","Rest of State","Total","114,718"
"2022","11a","Rest of State","Under 1000","646"
"2022","11a","Rest of State","1000-1499","809"
"2022","11a","Rest of State","1500-1999","1,821"
"2022","11a","Rest of State","2000-2499","6,028"
"2022","11a","Rest of State","2500-2999","21,284"
"2022","11a","Rest of State","3000-3499","43,895"
"2022","11a","Rest of State","3500+","39,806"
"2022","11a","Richmond","3500+","1,445"
"2022","11a","Richmond","Unknown","0"
"2022","11a","Richmond","3000-3499","2,014"
"2022","11a","Richmond","2500-2999","1,026"
"2022","11a","Richmond","2000-2499","284"
"2022","11a","Richmond","1500-1999","74"
"2022","11a","Richmond","1000-1499","32"
"2022","11a","Richmond","Under 1000","33"
"2022","11a","Richmond","Total","4,908"
"2022","11a","Rockland","Unknown","14"
"2022","11a","Rockland","3500+","2,463"
"2022","11a","Rockland","Total","6,389"
"2022","11a","Rockland","Under 1000","11"
"2022","11a","Rockland","1000-1499","17"
"2022","11a","Rockland","1500-1999","65"
"2022","11a","Rockland","2000-2499","266"
"2022","11a","Rockland","2500-2999","1,046"
"2022","11a","Rockland","3000-3499","2,507"
"2022","11a","Saratoga","3500+","866"
"2022","11a","Saratoga","Total","2,082"
"2022","11a","Saratoga","Under 1000","5"
"2022","11a","Saratoga","1000-1499","13"
"2022","11a","Saratoga","1500-1999","25"
"2022","11a","Saratoga","2000-2499","88"
"2022","11a","Saratoga","2500-2999","336"
"2022","11a","Saratoga","3000-3499","742"
"2022","11a","Saratoga","Unknown","7"
"2022","11a","Schenectady","Unknown","1"
"2022","11a","Schenectady","Total","1,662"
"2022","11a","Schenectady","Under 1000","10"
"2022","11a","Schenectady","1000-1499","15"
"2022","11a","Schenectady","1500-1999","25"
"2022","11a","Schenectady","2000-2499","114"
"2022","11a","Schenectady","2500-2999","328"
"2022","11a","Schenectady","3000-3499","605"
"2022","11a","Schenectady","3500+","564"
"2022","11a","Schoharie","Total","253"
"2022","11a","Schoharie","Unknown","1"
"2022","11a","Schoharie","3500+","110"
"2022","11a","Schoharie","3000-3499","96"
"2022","11a","Schoharie","2500-2999","38"
"2022","11a","Schoharie","2000-2499","5"
"2022","11a","Schoharie","1500-1999","1"
"2022","11a","Schoharie","1000-1499","2"
"2022","11a","Schoharie","Under 1000","0"
"2022","11a","Schuyler","Under 1000","0"
"2022","11a","Schuyler","Total","139"
"2022","11a","Schuyler","Unknown","0"
"2022","11a","Schuyler","3500+","61"
"2022","11a","Schuyler","3000-3499","48"
"2022","11a","Schuyler","2500-2999","21"
"2022","11a","Schuyler","2000-2499","3"
"2022","11a","Schuyler","1500-1999","5"
"2022","11a","Schuyler","1000-1499","1"
"2022","11a","Seneca","Unknown","2"
"2022","11a","Seneca","Total","291"
"2022","11a","Seneca","Under 1000","1"
"2022","11a","Seneca","1000-1499","1"
"2022","11a","Seneca","1500-1999","1"
"2022","11a","Seneca","2000-2499","11"
"2022","11a","Seneca","2500-2999","52"
"2022","11a","Seneca","3000-3499","103"
"2022","11a","Seneca","3500+","120"
"2022","11a","Steuben","1000-1499","11"
"2022","11a","Steuben","Unknown","3"
"2022","11a","Steuben","3500+","357"
"2022","11a","Steuben","3000-3499","400"
"2022","11a","Steuben","2500-2999","167"
"2022","11a","Steuben","2000-2499","38"
"2022","11a","Steuben","1500-1999","8"
"2022","11a","Steuben","Under 1000","4"
"2022","11a","Steuben","Total","988"
"2022","11a","St Lawrence","Total","905"
"2022","11a","St Lawrence","Under 1000","1"
"2022","11a","St Lawrence","1000-1499","5"
"2022","11a","St Lawrence","1500-1999","15"
"2022","11a","St Lawrence","2000-2499","38"
"2022","11a","St Lawrence","2500-2999","142"
"2022","11a","St Lawrence","3000-3499","300"
"2022","11a","St Lawrence","3500+","359"
"2022","11a","St Lawrence","Unknown","45"
"2022","11a","Suffolk","3500+","5,284"
"2022","11a","Suffolk","Total","16,104"
"2022","11a","Suffolk","Under 1000","73"
"2022","11a","Suffolk","1000-1499","93"
"2022","11a","Suffolk","1500-1999","271"
"2022","11a","Suffolk","2000-2499","873"
"2022","11a","Suffolk","2500-2999","3,121"
"2022","11a","Suffolk","3000-3499","6,385"
"2022","11a","Suffolk","Unknown","4"
"2022","11a","Sullivan","3500+","310"
"2022","11a","Sullivan","Total","974"
"2022","11a","Sullivan","Under 1000","3"
"2022","11a","Sullivan","1000-1499","5"
"2022","11a","Sullivan","1500-1999","13"
"2022","11a","Sullivan","2000-2499","64"
"2022","11a","Sullivan","2500-2999","215"
"2022","11a","Sullivan","3000-3499","363"
"2022","11a","Sullivan","Unknown","1"
"2022","11a","Tioga","3500+","181"
"2022","11a","Tioga","Total","491"
"2022","11a","Tioga","Under 1000","2"
"2022","11a","Tioga","1000-1499","2"
"2022","11a","Tioga","1500-1999","4"
"2022","11a","Tioga","2000-2499","22"
"2022","11a","Tioga","2500-2999","86"
"2022","11a","Tioga","3000-3499","189"
"2022","11a","Tioga","Unknown","5"
"2022","11a","Tompkins","1500-1999","17"
"2022","11a","Tompkins","Total","638"
"2022","11a","Tompkins","Under 1000","3"
"2022","11a","Tompkins","1000-1499","4"
"2022","11a","Tompkins","2000-2499","32"
"2022","11a","Tompkins","2500-2999","96"
"2022","11a","Tompkins","3000-3499","262"
"2022","11a","Tompkins","3500+","224"
"2022","11a","Tompkins","Unknown","0"
"2022","11a","Ulster","Unknown","1"
"2022","11a","Ulster","Total","1,540"
"2022","11a","Ulster","Under 1000","9"
"2022","11a","Ulster","1000-1499","12"
"2022","11a","Ulster","1500-1999","20"
"2022","11a","Ulster","2000-2499","90"
"2022","11a","Ulster","2500-2999","296"
"2022","11a","Ulster","3000-3499","587"
"2022","11a","Ulster","3500+","525"
"2022","11a","Warren","3500+","218"
"2022","11a","Warren","Total","537"
"2022","11a","Warren","Under 1000","4"
"2022","11a","Warren","1000-1499","7"
"2022","11a","Warren","1500-1999","10"
"2022","11a","Warren","2000-2499","24"
"2022","11a","Warren","2500-2999","84"
"2022","11a","Warren","3000-3499","189"
"2022","11a","Warren","Unknown","1"
"2022","11a","Washington","3500+","211"
"2022","11a","Washington","Total","533"
"2022","11a","Washington","Under 1000","3"
"2022","11a","Washington","1000-1499","8"
"2022","11a","Washington","1500-1999","11"
"2022","11a","Washington","2000-2499","23"
"2022","11a","Washington","2500-2999","83"
"2022","11a","Washington","3000-3499","191"
"2022","11a","Washington","Unknown","3"
"2022","11a","Wayne","3000-3499","297"
"2022","11a","Wayne","Total","842"
"2022","11a","Wayne","Under 1000","4"
"2022","11a","Wayne","1000-1499","8"
"2022","11a","Wayne","Unknown","3"
"2022","11a","Wayne","1500-1999","15"
"2022","11a","Wayne","2000-2499","36"
"2022","11a","Wayne","2500-2999","135"
"2022","11a","Wayne","3500+","344"
"2022","11a","Westchester","1500-1999","144"
"2022","11a","Westchester","Total","9,913"
"2022","11a","Westchester","Under 1000","70"
"2022","11a","Westchester","1000-1499","71"
"2022","11a","Westchester","2000-2499","482"
"2022","11a","Westchester","2500-2999","1,952"
"2022","11a","Westchester","3000-3499","3,978"
"2022","11a","Westchester","3500+","3,215"
"2022","11a","Westchester","Unknown","1"
"2022","11a","Wyoming","Unknown","1"
"2022","11a","Wyoming","Total","342"
"2022","11a","Wyoming","3500+","142"
"2022","11a","Wyoming","Under 1000","4"
"2022","11a","Wyoming","1000-1499","2"
"2022","11a","Wyoming","1500-1999","4"
"2022","11a","Wyoming","2000-2499","14"
"2022","11a","Wyoming","2500-2999","54"
"2022","11a","Wyoming","3000-3499","121"
"2022","11a","Yates","2000-2499","3"
"2022","11a","Yates","Total","315"
"2022","11a","Yates","Under 1000","0"
"2022","11a","Yates","1000-1499","2"
"2022","11a","Yates","Unknown","1"
"2022","11a","Yates","3500+","131"
"2022","11a","Yates","3000-3499","138"
"2022","11a","Yates","2500-2999","38"
"2022","11a","Yates","1500-1999","2"
"2021","11a","Albany","Unknown","5"
"2021","11a","Albany","Total","2,925"
"2021","11a","Albany","Under 1000","28"
"2021","11a","Albany","1000-1499","29"
"2021","11a","Albany","1500-1999","47"
"2021","11a","Albany","2000-2499","141"
"2021","11a","Albany","2500-2999","525"
"2021","11a","Albany","3000-3499","1,121"
"2021","11a","Albany","3500+","1,029"
"2021","11a","Allegany","Unknown","17"
"2021","11a","Allegany","3500+","181"
"2021","11a","Allegany","3000-3499","172"
"2021","11a","Allegany","2500-2999","91"
"2021","11a","Allegany","2000-2499","26"
"2021","11a","Allegany","1500-1999","7"
"2021","11a","Allegany","1000-1499","2"
"2021","11a","Allegany","Under 1000","2"
"2021","11a","Allegany","Total","498"
"2021","11a","Bronx","Under 1000","184"
"2021","11a","Bronx","Total","16,834"
"2021","11a","Bronx","1000-1499","171"
"2021","11a","Bronx","1500-1999","360"
"2021","11a","Bronx","2000-2499","1,124"
"2021","11a","Bronx","2500-2999","3,634"
"2021","11a","Bronx","3000-3499","6,616"
"2021","11a","Bronx","3500+","4,739"
"2021","11a","Bronx","Unknown","6"
"2021","11a","Broome","Unknown","2"
"2021","11a","Broome","Total","1,842"
"2021","11a","Broome","Under 1000","15"
"2021","11a","Broome","1000-1499","17"
"2021","11a","Broome","1500-1999","35"
"2021","11a","Broome","2000-2499","73"
"2021","11a","Broome","2500-2999","369"
"2021","11a","Broome","3000-3499","698"
"2021","11a","Broome","3500+","633"
"2021","11a","Cattaraugus","Unknown","80"
"2021","11a","Cattaraugus","Total","793"
"2021","11a","Cattaraugus","3500+","258"
"2021","11a","Cattaraugus","3000-3499","278"
"2021","11a","Cattaraugus","2500-2999","131"
"2021","11a","Cattaraugus","2000-2499","31"
"2021","11a","Cattaraugus","1500-1999","8"
"2021","11a","Cattaraugus","1000-1499","3"
"2021","11a","Cattaraugus","Under 1000","4"
"2021","11a","Cayuga","3000-3499","239"
"2021","11a","Cayuga","3500+","265"
"2021","11a","Cayuga","Total","659"
"2021","11a","Cayuga","Under 1000","5"
"2021","11a","Cayuga","1000-1499","10"
"2021","11a","Cayuga","Unknown","7"
"2021","11a","Cayuga","1500-1999","14"
"2021","11a","Cayuga","2000-2499","26"
"2021","11a","Cayuga","2500-2999","93"
"2021","11a","Chautauqua","Under 1000","5"
"2021","11a","Chautauqua","Total","1,253"
"2021","11a","Chautauqua","Unknown","40"
"2021","11a","Chautauqua","3500+","399"
"2021","11a","Chautauqua","3000-3499","488"
"2021","11a","Chautauqua","2500-2999","219"
"2021","11a","Chautauqua","2000-2499","68"
"2021","11a","Chautauqua","1500-1999","22"
"2021","11a","Chautauqua","1000-1499","12"
"2021","11a","Chemung","Unknown","0"
"2021","11a","Chemung","Total","821"
"2021","11a","Chemung","Under 1000","7"
"2021","11a","Chemung","1000-1499","8"
"2021","11a","Chemung","1500-1999","11"
"2021","11a","Chemung","2000-2499","37"
"2021","11a","Chemung","2500-2999","142"
"2021","11a","Chemung","3000-3499","311"
"2021","11a","Chemung","3500+","305"
"2021","11a","Chenango","Total","473"
"2021","11a","Chenango","Unknown","3"
"2021","11a","Chenango","3500+","211"
"2021","11a","Chenango","3000-3499","155"
"2021","11a","Chenango","2500-2999","74"
"2021","11a","Chenango","2000-2499","20"
"2021","11a","Chenango","1500-1999","4"
"2021","11a","Chenango","1000-1499","3"
"2021","11a","Chenango","Under 1000","3"
"2021","11a","Clinton","3500+","284"
"2021","11a","Clinton","Total","663"
"2021","11a","Clinton","Under 1000","2"
"2021","11a","Clinton","1000-1499","2"
"2021","11a","Clinton","1500-1999","15"
"2021","11a","Clinton","2000-2499","38"
"2021","11a","Clinton","2500-2999","101"
"2021","11a","Clinton","3000-3499","221"
"2021","11a","Clinton","Unknown","0"
"2021","11a","Columbia","Unknown","3"
"2021","11a","Columbia","Total","476"
"2021","11a","Columbia","Under 1000","1"
"2021","11a","Columbia","1000-1499","3"
"2021","11a","Columbia","1500-1999","7"
"2021","11a","Columbia","2000-2499","23"
"2021","11a","Columbia","2500-2999","75"
"2021","11a","Columbia","3000-3499","167"
"2021","11a","Columbia","3500+","197"
"2021","11a","Cortland","1500-1999","3"
"2021","11a","Cortland","Total","423"
"2021","11a","Cortland","Under 1000","3"
"2021","11a","Cortland","1000-1499","3"
"2021","11a","Cortland","2000-2499","15"
"2021","11a","Cortland","2500-2999","72"
"2021","11a","Cortland","3000-3499","153"
"2021","11a","Cortland","3500+","164"
"2021","11a","Cortland","Unknown","10"
"2021","11a","Delaware","Total","361"
"2021","11a","Delaware","Unknown","0"
"2021","11a","Delaware","3500+","142"
"2021","11a","Delaware","3000-3499","135"
"2021","11a","Delaware","2500-2999","53"
"2021","11a","Delaware","2000-2499","12"
"2021","11a","Delaware","1500-1999","14"
"2021","11a","Delaware","1000-1499","2"
"2021","11a","Delaware","Under 1000","3"
"2021","11a","Dutchess","3500+","1,008"
"2021","11a","Dutchess","Total","2,641"
"2021","11a","Dutchess","Under 1000","18"
"2021","11a","Dutchess","1000-1499","17"
"2021","11a","Dutchess","1500-1999","50"
"2021","11a","Dutchess","2000-2499","135"
"2021","11a","Dutchess","2500-2999","438"
"2021","11a","Dutchess","3000-3499","968"
"2021","11a","Dutchess","Unknown","7"
"2021","11a","Erie","Total","9,516"
"2021","11a","Erie","Unknown","3"
"2021","11a","Erie","3500+","3,152"
"2021","11a","Erie","3000-3499","3,621"
"2021","11a","Erie","2500-2999","1,823"
"2021","11a","Erie","2000-2499","556"
"2021","11a","Erie","1500-1999","193"
"2021","11a","Erie","1000-1499","90"
"2021","11a","Erie","Under 1000","78"
"2021","11a","Essex","1500-1999","4"
"2021","11a","Essex","Total","267"
"2021","11a","Essex","Under 1000","3"
"2021","11a","Essex","1000-1499","1"
"2021","11a","Essex","Unknown","3"
"2021","11a","Essex","2000-2499","13"
"2021","11a","Essex","2500-2999","35"
"2021","11a","Essex","3000-3499","118"
"2021","11a","Essex","3500+","90"
"2021","11a","Franklin","Unknown","3"
"2021","11a","Franklin","Total","451"
"2021","11a","Franklin","Under 1000","5"
"2021","11a","Franklin","1000-1499","1"
"2021","11a","Franklin","1500-1999","15"
"2021","11a","Franklin","2000-2499","21"
"2021","11a","Franklin","2500-2999","73"
"2021","11a","Franklin","3000-3499","158"
"2021","11a","Franklin","3500+","175"
"2021","11a","Fulton","Unknown","0"
"2021","11a","Fulton","Total","487"
"2021","11a","Fulton","Under 1000","0"
"2021","11a","Fulton","1000-1499","6"
"2021","11a","Fulton","1500-1999","7"
"2021","11a","Fulton","2000-2499","28"
"2021","11a","Fulton","2500-2999","88"
"2021","11a","Fulton","3000-3499","171"
"2021","11a","Fulton","3500+","187"
"2021","11a","Genesee","Unknown","0"
"2021","11a","Genesee","Total","539"
"2021","11a","Genesee","Under 1000","1"
"2021","11a","Genesee","1000-1499","1"
"2021","11a","Genesee","1500-1999","9"
"2021","11a","Genesee","2000-2499","25"
"2021","11a","Genesee","2500-2999","83"
"2021","11a","Genesee","3000-3499","189"
"2021","11a","Genesee","3500+","231"
"2021","11a","Greene","Total","390"
"2021","11a","Greene","Unknown","2"
"2021","11a","Greene","3500+","170"
"2021","11a","Greene","3000-3499","136"
"2021","11a","Greene","2500-2999","49"
"2021","11a","Greene","2000-2499","23"
"2021","11a","Greene","1500-1999","4"
"2021","11a","Greene","1000-1499","4"
"2021","11a","Greene","Under 1000","2"
"2021","11a","Hamilton","3500+","14"
"2021","11a","Hamilton","Total","31"
"2021","11a","Hamilton","Under 1000","0"
"2021","11a","Hamilton","1000-1499","0"
"2021","11a","Hamilton","1500-1999","0"
"2021","11a","Hamilton","2000-2499","1"
"2021","11a","Hamilton","2500-2999","6"
"2021","11a","Hamilton","3000-3499","10"
"2021","11a","Hamilton","Unknown","0"
"2021","11a","Herkimer","Unknown","2"
"2021","11a","Herkimer","Total","565"
"2021","11a","Herkimer","Under 1000","6"
"2021","11a","Herkimer","1000-1499","1"
"2021","11a","Herkimer","1500-1999","8"
"2021","11a","Herkimer","2000-2499","22"
"2021","11a","Herkimer","2500-2999","88"
"2021","11a","Herkimer","3000-3499","218"
"2021","11a","Herkimer","3500+","220"
"2021","11a","Jefferson","Unknown","9"
"2021","11a","Jefferson","Total","1,803"
"2021","11a","Jefferson","Under 1000","8"
"2021","11a","Jefferson","1000-1499","16"
"2021","11a","Jefferson","1500-1999","35"
"2021","11a","Jefferson","2000-2499","82"
"2021","11a","Jefferson","2500-2999","340"
"2021","11a","Jefferson","3000-3499","653"
"2021","11a","Jefferson","3500+","660"
"2021","11a","Kings","Unknown","7"
"2021","11a","Kings","3500+","10,423"
"2021","11a","Kings","3000-3499","13,483"
"2021","11a","Kings","2500-2999","6,802"
"2021","11a","Kings","2000-2499","1,720"
"2021","11a","Kings","1500-1999","520"
"2021","11a","Kings","1000-1499","251"
"2021","11a","Kings","Under 1000","178"
"2021","11a","Kings","Total","33,384"
"2021","11a","Lewis","2000-2499","11"
"2021","11a","Lewis","Total","290"
"2021","11a","Lewis","Under 1000","2"
"2021","11a","Lewis","1000-1499","0"
"2021","11a","Lewis","1500-1999","4"
"2021","11a","Lewis","2500-2999","50"
"2021","11a","Lewis","3000-3499","106"
"2021","11a","Lewis","3500+","115"
"2021","11a","Lewis","Unknown","2"
"2021","11a","Livingston","Unknown","6"
"2021","11a","Livingston","Total","523"
"2021","11a","Livingston","Under 1000","2"
"2021","11a","Livingston","1000-1499","1"
"2021","11a","Livingston","1500-1999","3"
"2021","11a","Livingston","2000-2499","26"
"2021","11a","Livingston","2500-2999","75"
"2021","11a","Livingston","3000-3499","187"
"2021","11a","Livingston","3500+","223"
"2021","11a","Madison","3500+","211"
"2021","11a","Madison","Total","544"
"2021","11a","Madison","Under 1000","2"
"2021","11a","Madison","1000-1499","1"
"2021","11a","Madison","1500-1999","13"
"2021","11a","Madison","2000-2499","20"
"2021","11a","Madison","2500-2999","82"
"2021","11a","Madison","3000-3499","203"
"2021","11a","Madison","Unknown","12"
"2021","11a","Monroe","Unknown","2"
"2021","11a","Monroe","Total","7,718"
"2021","11a","Monroe","Under 1000","54"
"2021","11a","Monroe","1000-1499","72"
"2021","11a","Monroe","1500-1999","149"
"2021","11a","Monroe","2000-2499","452"
"2021","11a","Monroe","2500-2999","1,483"
"2021","11a","Monroe","3000-3499","2,843"
"2021","11a","Monroe","3500+","2,663"
"2021","11a","Montgomery","Unknown","28"
"2021","11a","Montgomery","Total","578"
"2021","11a","Montgomery","Under 1000","6"
"2021","11a","Montgomery","1000-1499","4"
"2021","11a","Montgomery","1500-1999","3"
"2021","11a","Montgomery","2000-2499","30"
"2021","11a","Montgomery","2500-2999","87"
"2021","11a","Montgomery","3000-3499","196"
"2021","11a","Montgomery","3500+","224"
"2021","11a","Nassau","Under 1000","72"
"2021","11a","Nassau","3500+","4,585"
"2021","11a","Nassau","3000-3499","5,683"
"2021","11a","Nassau","2500-2999","2,742"
"2021","11a","Nassau","2000-2499","778"
"2021","11a","Nassau","Unknown","18"
"2021","11a","Nassau","1500-1999","225"
"2021","11a","Nassau","1000-1499","96"
"2021","11a","Nassau","Total","14,199"
"2021","11a","New York","2000-2499","779"
"2021","11a","New York","Unknown","2"
"2021","11a","New York","3500+","3,886"
"2021","11a","New York","3000-3499","5,554"
"2021","11a","New York","2500-2999","3,112"
"2021","11a","New York","1500-1999","218"
"2021","11a","New York","1000-1499","89"
"2021","11a","New York","Under 1000","56"
"2021","11a","New York","Total","13,696"
"2021","11a","New York City","Total","92,523"
"2021","11a","New York City","3500+","27,199"
"2021","11a","New York City","3000-3499","37,351"
"2021","11a","New York City","2500-2999","19,685"
"2021","11a","New York City","Unknown","24"
"2021","11a","New York City","2000-2499","5,352"
"2021","11a","New York City","1500-1999","1,601"
"2021","11a","New York City","1000-1499","726"
"2021","11a","New York City","Under 1000","585"
"2021","11a","New York State","1500-1999","3,464"
"2021","11a","New York State","Total","209,947"
"2021","11a","New York State","Under 1000","1,296"
"2021","11a","New York State","1000-1499","1,551"
"2021","11a","New York State","2000-2499","11,282"
"2021","11a","New York State","2500-2999","40,583"
"2021","11a","New York State","3000-3499","81,913"
"2021","11a","New York State","3500+","68,748"
"2021","11a","New York State","Unknown","1,110"
"2021","11a","Niagara","Under 1000","18"
"2021","11a","Niagara","Unknown","0"
"2021","11a","Niagara","3500+","688"
"2021","11a","Niagara","3000-3499","742"
"2021","11a","Niagara","Total","1,986"
"2021","11a","Niagara","2500-2999","365"
"2021","11a","Niagara","2000-2499","105"
"2021","11a","Niagara","1500-1999","43"
"2021","11a","Niagara","1000-1499","25"
"2021","11a","Oneida","3500+","820"
"2021","11a","Oneida","3000-3499","948"
"2021","11a","Oneida","2500-2999","440"
"2021","11a","Oneida","2000-2499","154"
"2021","11a","Oneida","1500-1999","38"
"2021","11a","Oneida","1000-1499","12"
"2021","11a","Oneida","Under 1000","17"
"2021","11a","Oneida","Total","2,431"
"2021","11a","Oneida","Unknown","2"
"2021","11a","Onondaga","Unknown","2"
"2021","11a","Onondaga","Total","4,892"
"2021","11a","Onondaga","Under 1000","36"
"2021","11a","Onondaga","1000-1499","46"
"2021","11a","Onondaga","1500-1999","92"
"2021","11a","Onondaga","2000-2499","266"
"2021","11a","Onondaga","2500-2999","888"
"2021","11a","Onondaga","3000-3499","1,801"
"2021","11a","Onondaga","3500+","1,761"
"2021","11a","Ontario","Unknown","1"
"2021","11a","Ontario","3500+","385"
"2021","11a","Ontario","3000-3499","361"
"2021","11a","Ontario","2500-2999","159"
"2021","11a","Ontario","2000-2499","47"
"2021","11a","Ontario","1500-1999","15"
"2021","11a","Ontario","1000-1499","3"
"2021","11a","Ontario","Under 1000","8"
"2021","11a","Ontario","Total","979"
"2021","11a","Orange","Unknown","161"
"2021","11a","Orange","3500+","2,061"
"2021","11a","Orange","3000-3499","2,113"
"2021","11a","Orange","2500-2999","917"
"2021","11a","Orange","2000-2499","225"
"2021","11a","Orange","1500-1999","71"
"2021","11a","Orange","1000-1499","27"
"2021","11a","Orange","Under 1000","42"
"2021","11a","Orange","Total","5,617"
"2021","11a","Orleans","Unknown","2"
"2021","11a","Orleans","3500+","159"
"2021","11a","Orleans","3000-3499","144"
"2021","11a","Orleans","2500-2999","60"
"2021","11a","Orleans","2000-2499","18"
"2021","11a","Orleans","1500-1999","13"
"2021","11a","Orleans","1000-1499","0"
"2021","11a","Orleans","Under 1000","0"
"2021","11a","Orleans","Total","396"
"2021","11a","Oswego","2000-2499","78"
"2021","11a","Oswego","Total","1,137"
"2021","11a","Oswego","Under 1000","6"
"2021","11a","Oswego","1000-1499","9"
"2021","11a","Oswego","1500-1999","17"
"2021","11a","Oswego","2500-2999","177"
"2021","11a","Oswego","3000-3499","389"
"2021","11a","Oswego","3500+","449"
"2021","11a","Oswego","Unknown","12"
"2021","11a","Otsego","Total","490"
"2021","11a","Otsego","Unknown","15"
"2021","11a","Otsego","Under 1000","0"
"2021","11a","Otsego","1000-1499","5"
"2021","11a","Otsego","1500-1999","6"
"2021","11a","Otsego","2000-2499","13"
"2021","11a","Otsego","2500-2999","73"
"2021","11a","Otsego","3000-3499","187"
"2021","11a","Otsego","3500+","191"
"2021","11a","Putnam","3000-3499","341"
"2021","11a","Putnam","3500+","353"
"2021","11a","Putnam","Total","915"
"2021","11a","Putnam","Under 1000","2"
"2021","11a","Putnam","1000-1499","8"
"2021","11a","Putnam","1500-1999","14"
"2021","11a","Putnam","2000-2499","50"
"2021","11a","Putnam","2500-2999","145"
"2021","11a","Putnam","Unknown","2"
"2021","11a","Queens","Under 1000","141"
"2021","11a","Queens","Unknown","6"
"2021","11a","Queens","3500+","6,672"
"2021","11a","Queens","3000-3499","9,581"
"2021","11a","Queens","2500-2999","5,155"
"2021","11a","Queens","2000-2499","1,474"
"2021","11a","Queens","1500-1999","415"
"2021","11a","Queens","1000-1499","178"
"2021","11a","Queens","Total","23,622"
"2021","11a","Rensselaer","Unknown","2"
"2021","11a","Rensselaer","Total","1,481"
"2021","11a","Rensselaer","Under 1000","9"
"2021","11a","Rensselaer","1000-1499","11"
"2021","11a","Rensselaer","1500-1999","21"
"2021","11a","Rensselaer","2000-2499","73"
"2021","11a","Rensselaer","2500-2999","273"
"2021","11a","Rensselaer","3000-3499","530"
"2021","11a","Rensselaer","3500+","562"
"2021","11a","Rest of State","Total","117,424"
"2021","11a","Rest of State","3500+","41,549"
"2021","11a","Rest of State","3000-3499","44,562"
"2021","11a","Rest of State","2500-2999","20,898"
"2021","11a","Rest of State","2000-2499","5,930"
"2021","11a","Rest of State","1500-1999","1,863"
"2021","11a","Rest of State","1000-1499","825"
"2021","11a","Rest of State","Under 1000","711"
"2021","11a","Rest of State","Unknown","1,086"
"2021","11a","Richmond","Total","4,987"
"2021","11a","Richmond","Unknown","3"
"2021","11a","Richmond","3500+","1,479"
"2021","11a","Richmond","3000-3499","2,117"
"2021","11a","Richmond","2500-2999","982"
"2021","11a","Richmond","2000-2499","255"
"2021","11a","Richmond","1500-1999","88"
"2021","11a","Richmond","1000-1499","37"
"2021","11a","Richmond","Under 1000","26"
"2021","11a","Rockland","3500+","2,214"
"2021","11a","Rockland","3000-3499","2,328"
"2021","11a","Rockland","2500-2999","978"
"2021","11a","Rockland","2000-2499","225"
"2021","11a","Rockland","1500-1999","67"
"2021","11a","Rockland","1000-1499","27"
"2021","11a","Rockland","Under 1000","25"
"2021","11a","Rockland","Total","6,386"
"2021","11a","Rockland","Unknown","522"
"2021","11a","Saratoga","3500+","863"
"2021","11a","Saratoga","3000-3499","775"
"2021","11a","Saratoga","2500-2999","336"
"2021","11a","Saratoga","2000-2499","97"
"2021","11a","Saratoga","1500-1999","27"
"2021","11a","Saratoga","1000-1499","13"
"2021","11a","Saratoga","Under 1000","8"
"2021","11a","Saratoga","Total","2,123"
"2021","11a","Saratoga","Unknown","4"
"2021","11a","Schenectady","1000-1499","19"
"2021","11a","Schenectady","Total","1,774"
"2021","11a","Schenectady","Under 1000","14"
"2021","11a","Schenectady","1500-1999","38"
"2021","11a","Schenectady","2000-2499","78"
"2021","11a","Schenectady","2500-2999","310"
"2021","11a","Schenectady","3000-3499","661"
"2021","11a","Schenectady","3500+","653"
"2021","11a","Schenectady","Unknown","1"
"2021","11a","Schoharie","Unknown","2"
"2021","11a","Schoharie","3500+","115"
"2021","11a","Schoharie","3000-3499","90"
"2021","11a","Schoharie","2500-2999","49"
"2021","11a","Schoharie","2000-2499","5"
"2021","11a","Schoharie","1500-1999","3"
"2021","11a","Schoharie","1000-1499","0"
"2021","11a","Schoharie","Under 1000","1"
"2021","11a","Schoharie","Total","265"
"2021","11a","Schuyler","Total","172"
"2021","11a","Schuyler","Unknown","1"
"2021","11a","Schuyler","3500+","73"
"2021","11a","Schuyler","3000-3499","61"
"2021","11a","Schuyler","2500-2999","21"
"2021","11a","Schuyler","2000-2499","10"
"2021","11a","Schuyler","1500-1999","4"
"2021","11a","Schuyler","1000-1499","0"
"2021","11a","Schuyler","Under 1000","2"
"2021","11a","Seneca","Unknown","0"
"2021","11a","Seneca","3500+","158"
"2021","11a","Seneca","3000-3499","128"
"2021","11a","Seneca","2500-2999","39"
"2021","11a","Seneca","2000-2499","10"
"2021","11a","Seneca","1500-1999","5"
"2021","11a","Seneca","1000-1499","3"
"2021","11a","Seneca","Under 1000","1"
"2021","11a","Seneca","Total","344"
"2021","11a","Steuben","1500-1999","13"
"2021","11a","Steuben","3500+","391"
"2021","11a","Steuben","3000-3499","373"
"2021","11a","Steuben","2500-2999","145"
"2021","11a","Steuben","2000-2499","53"
"2021","11a","Steuben","Unknown","3"
"2021","11a","Steuben","1000-1499","5"
"2021","11a","Steuben","Under 1000","3"
"2021","11a","Steuben","Total","986"
"2021","11a","St Lawrence","Unknown","45"
"2021","11a","St Lawrence","3500+","383"
"2021","11a","St Lawrence","3000-3499","357"
"2021","11a","St Lawrence","2500-2999","154"
"2021","11a","St Lawrence","2000-2499","53"
"2021","11a","St Lawrence","1500-1999","10"
"2021","11a","St Lawrence","1000-1499","6"
"2021","11a","St Lawrence","Under 1000","6"
"2021","11a","St Lawrence","Total","1,014"
"2021","11a","Suffolk","2500-2999","2,885"
"2021","11a","Suffolk","Total","15,872"
"2021","11a","Suffolk","Under 1000","81"
"2021","11a","Suffolk","1000-1499","95"
"2021","11a","Suffolk","1500-1999","218"
"2021","11a","Suffolk","2000-2499","871"
"2021","11a","Suffolk","3000-3499","6,267"
"2021","11a","Suffolk","3500+","5,445"
"2021","11a","Suffolk","Unknown","10"
"2021","11a","Sullivan","Under 1000","5"
"2021","11a","Sullivan","Unknown","2"
"2021","11a","Sullivan","Total","975"
"2021","11a","Sullivan","3500+","334"
"2021","11a","Sullivan","3000-3499","393"
"2021","11a","Sullivan","2500-2999","186"
"2021","11a","Sullivan","2000-2499","41"
"2021","11a","Sullivan","1500-1999","8"
"2021","11a","Sullivan","1000-1499","6"
"2021","11a","Tioga","Total","464"
"2021","11a","Tioga","Under 1000","3"
"2021","11a","Tioga","1000-1499","4"
"2021","11a","Tioga","1500-1999","5"
"2021","11a","Tioga","2000-2499","21"
"2021","11a","Tioga","2500-2999","76"
"2021","11a","Tioga","3000-3499","166"
"2021","11a","Tioga","3500+","186"
"2021","11a","Tioga","Unknown","3"
"2021","11a","Tompkins","Total","701"
"2021","11a","Tompkins","Under 1000","2"
"2021","11a","Tompkins","1000-1499","4"
"2021","11a","Tompkins","1500-1999","9"
"2021","11a","Tompkins","2000-2499","19"
"2021","11a","Tompkins","2500-2999","126"
"2021","11a","Tompkins","3000-3499","256"
"2021","11a","Tompkins","3500+","283"
"2021","11a","Tompkins","Unknown","2"
"2021","11a","Ulster","Unknown","5"
"2021","11a","Ulster","Total","1,575"
"2021","11a","Ulster","Under 1000","12"
"2021","11a","Ulster","1000-1499","10"
"2021","11a","Ulster","1500-1999","28"
"2021","11a","Ulster","2000-2499","69"
"2021","11a","Ulster","2500-2999","260"
"2021","11a","Ulster","3000-3499","567"
"2021","11a","Ulster","3500+","624"
"2021","11a","Warren","Under 1000","3"
"2021","11a","Warren","Unknown","0"
"2021","11a","Warren","3500+","201"
"2021","11a","Warren","3000-3499","202"
"2021","11a","Warren","2500-2999","83"
"2021","11a","Warren","2000-2499","21"
"2021","11a","Warren","1500-1999","10"
"2021","11a","Warren","1000-1499","3"
"2021","11a","Warren","Total","523"
"2021","11a","Washington","Unknown","1"
"2021","11a","Washington","Under 1000","3"
"2021","11a","Washington","1000-1499","3"
"2021","11a","Washington","1500-1999","6"
"2021","11a","Washington","2000-2499","34"
"2021","11a","Washington","2500-2999","103"
"2021","11a","Washington","3000-3499","206"
"2021","11a","Washington","3500+","202"
"2021","11a","Washington","Total","558"
"2021","11a","Wayne","Total","878"
"2021","11a","Wayne","Unknown","0"
"2021","11a","Wayne","3500+","379"
"2021","11a","Wayne","3000-3499","304"
"2021","11a","Wayne","2500-2999","126"
"2021","11a","Wayne","2000-2499","47"
"2021","11a","Wayne","1500-1999","12"
"2021","11a","Wayne","1000-1499","4"
"2021","11a","Wayne","Under 1000","6"
"2021","11a","Westchester","3500+","3,324"
"2021","11a","Westchester","Unknown","22"
"2021","11a","Westchester","Total","10,059"
"2021","11a","Westchester","Under 1000","57"
"2021","11a","Westchester","1000-1499","65"
"2021","11a","Westchester","1500-1999","152"
"2021","11a","Westchester","2000-2499","497"
"2021","11a","Westchester","2500-2999","1,935"
"2021","11a","Westchester","3000-3499","4,007"
"2021","11a","Wyoming","3500+","140"
"2021","11a","Wyoming","Total","358"
"2021","11a","Wyoming","Under 1000","3"
"2021","11a","Wyoming","1000-1499","3"
"2021","11a","Wyoming","1500-1999","7"
"2021","11a","Wyoming","2000-2499","8"
"2021","11a","Wyoming","2500-2999","60"
"2021","11a","Wyoming","3000-3499","137"
"2021","11a","Wyoming","Unknown","0"
"2021","11a","Yates","Total","344"
"2021","11a","Yates","Unknown","0"
"2021","11a","Yates","3500+","156"
"2021","11a","Yates","3000-3499","130"
"2021","11a","Yates","2500-2999","42"
"2021","11a","Yates","2000-2499","9"
"2021","11a","Yates","1500-1999","2"
"2021","11a","Yates","1000-1499","4"
"2021","11a","Yates","Under 1000","1"
"2020","11a","Albany","2000-2499","139"
"2020","11a","Albany","Total","2,870"
"2020","11a","Albany","Under 1000","31"
"2020","11a","Albany","1000-1499","22"
"2020","11a","Albany","1500-1999","47"
"2020","11a","Albany","2500-2999","551"
"2020","11a","Albany","3000-3499","1,065"
"2020","11a","Albany","3500+","1,011"
"2020","11a","Albany","Unknown","4"
"2020","11a","Allegany","Total","457"
"2020","11a","Allegany","Under 1000","2"
"2020","11a","Allegany","1000-1499","2"
"2020","11a","Allegany","1500-1999","6"
"2020","11a","Allegany","2000-2499","19"
"2020","11a","Allegany","2500-2999","73"
"2020","11a","Allegany","3000-3499","161"
"2020","11a","Allegany","3500+","186"
"2020","11a","Allegany","Unknown","8"
"2020","11a","Bronx","Unknown","2"
"2020","11a","Bronx","3500+","4,891"
"2020","11a","Bronx","3000-3499","6,914"
"2020","11a","Bronx","Total","17,451"
"2020","11a","Bronx","2500-2999","3,811"
"2020","11a","Bronx","2000-2499","1,133"
"2020","11a","Bronx","Under 1000","167"
"2020","11a","Bronx","1500-1999","340"
"2020","11a","Bronx","1000-1499","193"
"2020","11a","Broome","Total","1,785"
"2020","11a","Broome","Under 1000","16"
"2020","11a","Broome","1000-1499","15"
"2020","11a","Broome","1500-1999","22"
"2020","11a","Broome","2000-2499","101"
"2020","11a","Broome","2500-2999","318"
"2020","11a","Broome","3000-3499","680"
"2020","11a","Broome","3500+","631"
"2020","11a","Broome","Unknown","2"
"2020","11a","Cattaraugus","3000-3499","265"
"2020","11a","Cattaraugus","Total","831"
"2020","11a","Cattaraugus","Under 1000","4"
"2020","11a","Cattaraugus","1000-1499","7"
"2020","11a","Cattaraugus","1500-1999","13"
"2020","11a","Cattaraugus","2000-2499","47"
"2020","11a","Cattaraugus","2500-2999","113"
"2020","11a","Cattaraugus","3500+","286"
"2020","11a","Cattaraugus","Unknown","96"
"2020","11a","Cayuga","Total","702"
"2020","11a","Cayuga","Under 1000","6"
"2020","11a","Cayuga","1000-1499","4"
"2020","11a","Cayuga","1500-1999","15"
"2020","11a","Cayuga","2000-2499","30"
"2020","11a","Cayuga","2500-2999","115"
"2020","11a","Cayuga","3000-3499","239"
"2020","11a","Cayuga","3500+","290"
"2020","11a","Cayuga","Unknown","3"
"2020","11a","Chautauqua","Total","1,243"
"2020","11a","Chautauqua","Under 1000","10"
"2020","11a","Chautauqua","1000-1499","10"
"2020","11a","Chautauqua","1500-1999","14"
"2020","11a","Chautauqua","2000-2499","56"
"2020","11a","Chautauqua","2500-2999","224"
"2020","11a","Chautauqua","3000-3499","445"
"2020","11a","Chautauqua","3500+","449"
"2020","11a","Chautauqua","Unknown","35"
"2020","11a","Chemung","Total","806"
"2020","11a","Chemung","Under 1000","9"
"2020","11a","Chemung","1000-1499","4"
"2020","11a","Chemung","1500-1999","17"
"2020","11a","Chemung","2000-2499","51"
"2020","11a","Chemung","2500-2999","139"
"2020","11a","Chemung","3000-3499","298"
"2020","11a","Chemung","3500+","288"
"2020","11a","Chemung","Unknown","0"
"2020","11a","Chenango","Total","431"
"2020","11a","Chenango","Under 1000","1"
"2020","11a","Chenango","1000-1499","3"
"2020","11a","Chenango","1500-1999","6"
"2020","11a","Chenango","2000-2499","22"
"2020","11a","Chenango","2500-2999","68"
"2020","11a","Chenango","3000-3499","164"
"2020","11a","Chenango","3500+","164"
"2020","11a","Chenango","Unknown","3"
"2020","11a","Clinton","Total","637"
"2020","11a","Clinton","Under 1000","2"
"2020","11a","Clinton","1000-1499","6"
"2020","11a","Clinton","1500-1999","7"
"2020","11a","Clinton","2000-2499","31"
"2020","11a","Clinton","2500-2999","78"
"2020","11a","Clinton","3000-3499","215"
"2020","11a","Clinton","3500+","297"
"2020","11a","Clinton","Unknown","1"
"2020","11a","Columbia","Total","466"
"2020","11a","Columbia","Under 1000","3"
"2020","11a","Columbia","1000-1499","2"
"2020","11a","Columbia","1500-1999","7"
"2020","11a","Columbia","2000-2499","24"
"2020","11a","Columbia","2500-2999","89"
"2020","11a","Columbia","3000-3499","164"
"2020","11a","Columbia","3500+","172"
"2020","11a","Columbia","Unknown","5"
"2020","11a","Cortland","Total","463"
"2020","11a","Cortland","Under 1000","6"
"2020","11a","Cortland","1000-1499","2"
"2020","11a","Cortland","1500-1999","1"
"2020","11a","Cortland","2000-2499","18"
"2020","11a","Cortland","2500-2999","64"
"2020","11a","Cortland","3000-3499","184"
"2020","11a","Cortland","3500+","178"
"2020","11a","Cortland","Unknown","10"
"2020","11a","Delaware","Total","370"
"2020","11a","Delaware","Under 1000","3"
"2020","11a","Delaware","Unknown","1"
"2020","11a","Delaware","3500+","147"
"2020","11a","Delaware","3000-3499","132"
"2020","11a","Delaware","2500-2999","65"
"2020","11a","Delaware","2000-2499","15"
"2020","11a","Delaware","1500-1999","4"
"2020","11a","Delaware","1000-1499","3"
"2020","11a","Dutchess","1500-1999","31"
"2020","11a","Dutchess","Unknown","0"
"2020","11a","Dutchess","3500+","986"
"2020","11a","Dutchess","3000-3499","941"
"2020","11a","Dutchess","2500-2999","441"
"2020","11a","Dutchess","2000-2499","135"
"2020","11a","Dutchess","1000-1499","18"
"2020","11a","Dutchess","Under 1000","11"
"2020","11a","Dutchess","Total","2,563"
"2020","11a","Erie","3500+","3,231"
"2020","11a","Erie","3000-3499","3,562"
"2020","11a","Erie","2500-2999","1,803"
"2020","11a","Erie","2000-2499","531"
"2020","11a","Erie","1500-1999","147"
"2020","11a","Erie","1000-1499","90"
"2020","11a","Erie","Under 1000","78"
"2020","11a","Erie","Total","9,444"
"2020","11a","Erie","Unknown","2"
"2020","11a","Essex","3500+","104"
"2020","11a","Essex","3000-3499","111"
"2020","11a","Essex","2500-2999","43"
"2020","11a","Essex","2000-2499","7"
"2020","11a","Essex","1500-1999","6"
"2020","11a","Essex","1000-1499","0"
"2020","11a","Essex","Under 1000","1"
"2020","11a","Essex","Total","276"
"2020","11a","Essex","Unknown","4"
"2020","11a","Franklin","Unknown","7"
"2020","11a","Franklin","3000-3499","166"
"2020","11a","Franklin","2500-2999","54"
"2020","11a","Franklin","2000-2499","16"
"2020","11a","Franklin","1500-1999","4"
"2020","11a","Franklin","1000-1499","5"
"2020","11a","Franklin","Under 1000","1"
"2020","11a","Franklin","Total","445"
"2020","11a","Franklin","3500+","192"
"2020","11a","Fulton","1000-1499","1"
"2020","11a","Fulton","Unknown","0"
"2020","11a","Fulton","3500+","165"
"2020","11a","Fulton","3000-3499","154"
"2020","11a","Fulton","2500-2999","77"
"2020","11a","Fulton","2000-2499","38"
"2020","11a","Fulton","1500-1999","8"
"2020","11a","Fulton","Under 1000","3"
"2020","11a","Fulton","Total","446"
"2020","11a","Genesee","Under 1000","4"
"2020","11a","Genesee","Unknown","2"
"2020","11a","Genesee","3500+","234"
"2020","11a","Genesee","3000-3499","169"
"2020","11a","Genesee","2500-2999","108"
"2020","11a","Genesee","2000-2499","21"
"2020","11a","Genesee","1500-1999","6"
"2020","11a","Genesee","1000-1499","4"
"2020","11a","Genesee","Total","548"
"2020","11a","Greene","Total","398"
"2020","11a","Greene","Unknown","0"
"2020","11a","Greene","3500+","159"
"2020","11a","Greene","3000-3499","145"
"2020","11a","Greene","2500-2999","74"
"2020","11a","Greene","2000-2499","14"
"2020","11a","Greene","1500-1999","3"
"2020","11a","Greene","1000-1499","0"
"2020","11a","Greene","Under 1000","3"
"2020","11a","Hamilton","Under 1000","0"
"2020","11a","Hamilton","Unknown","0"
"2020","11a","Hamilton","3500+","11"
"2020","11a","Hamilton","3000-3499","11"
"2020","11a","Hamilton","2500-2999","3"
"2020","11a","Hamilton","2000-2499","0"
"2020","11a","Hamilton","1500-1999","0"
"2020","11a","Hamilton","1000-1499","0"
"2020","11a","Hamilton","Total","25"
"2020","11a","Herkimer","1500-1999","8"
"2020","11a","Herkimer","Unknown","2"
"2020","11a","Herkimer","3500+","277"
"2020","11a","Herkimer","3000-3499","205"
"2020","11a","Herkimer","2500-2999","90"
"2020","11a","Herkimer","2000-2499","27"
"2020","11a","Herkimer","1000-1499","2"
"2020","11a","Herkimer","Under 1000","5"
"2020","11a","Herkimer","Total","616"
"2020","11a","Jefferson","Unknown","9"
"2020","11a","Jefferson","Total","1,791"
"2020","11a","Jefferson","Under 1000","7"
"2020","11a","Jefferson","1000-1499","15"
"2020","11a","Jefferson","1500-1999","26"
"2020","11a","Jefferson","2000-2499","86"
"2020","11a","Jefferson","2500-2999","294"
"2020","11a","Jefferson","3000-3499","644"
"2020","11a","Jefferson","3500+","710"
"2020","11a","Kings","Unknown","3"
"2020","11a","Kings","Total","34,091"
"2020","11a","Kings","Under 1000","164"
"2020","11a","Kings","1000-1499","232"
"2020","11a","Kings","1500-1999","536"
"2020","11a","Kings","2000-2499","1,707"
"2020","11a","Kings","2500-2999","6,796"
"2020","11a","Kings","3000-3499","13,893"
"2020","11a","Kings","3500+","10,760"
"2020","11a","Lewis","3500+","124"
"2020","11a","Lewis","Total","281"
"2020","11a","Lewis","Under 1000","2"
"2020","11a","Lewis","1000-1499","0"
"2020","11a","Lewis","1500-1999","2"
"2020","11a","Lewis","2000-2499","12"
"2020","11a","Lewis","2500-2999","42"
"2020","11a","Lewis","3000-3499","96"
"2020","11a","Lewis","Unknown","3"
"2020","11a","Livingston","Unknown","5"
"2020","11a","Livingston","Total","512"
"2020","11a","Livingston","Under 1000","4"
"2020","11a","Livingston","1000-1499","2"
"2020","11a","Livingston","1500-1999","10"
"2020","11a","Livingston","2000-2499","23"
"2020","11a","Livingston","2500-2999","62"
"2020","11a","Livingston","3000-3499","200"
"2020","11a","Livingston","3500+","206"
"2020","11a","Madison","Unknown","12"
"2020","11a","Madison","Total","545"
"2020","11a","Madison","Under 1000","1"
"2020","11a","Madison","1000-1499","3"
"2020","11a","Madison","1500-1999","5"
"2020","11a","Madison","2000-2499","17"
"2020","11a","Madison","2500-2999","88"
"2020","11a","Madison","3000-3499","194"
"2020","11a","Madison","3500+","225"
"2020","11a","Monroe","3500+","2,622"
"2020","11a","Monroe","Total","7,520"
"2020","11a","Monroe","Under 1000","70"
"2020","11a","Monroe","1000-1499","62"
"2020","11a","Monroe","1500-1999","119"
"2020","11a","Monroe","2000-2499","440"
"2020","11a","Monroe","2500-2999","1,413"
"2020","11a","Monroe","3000-3499","2,794"
"2020","11a","Monroe","Unknown","0"
"2020","11a","Montgomery","3500+","229"
"2020","11a","Montgomery","Total","601"
"2020","11a","Montgomery","Under 1000","4"
"2020","11a","Montgomery","1000-1499","8"
"2020","11a","Montgomery","1500-1999","17"
"2020","11a","Montgomery","2000-2499","24"
"2020","11a","Montgomery","2500-2999","86"
"2020","11a","Montgomery","3000-3499","207"
"2020","11a","Montgomery","Unknown","26"
"2020","11a","Nassau","Under 1000","49"
"2020","11a","Nassau","Unknown","2"
"2020","11a","Nassau","3500+","4,390"
"2020","11a","Nassau","3000-3499","5,284"
"2020","11a","Nassau","2500-2999","2,596"
"2020","11a","Nassau","2000-2499","702"
"2020","11a","Nassau","1500-1999","221"
"2020","11a","Nassau","1000-1499","87"
"2020","11a","Nassau","Total","13,331"
"2020","11a","New York","Under 1000","67"
"2020","11a","New York","3500+","4,062"
"2020","11a","New York","3000-3499","5,737"
"2020","11a","New York","2500-2999","3,083"
"2020","11a","New York","2000-2499","771"
"2020","11a","New York","1500-1999","226"
"2020","11a","New York","1000-1499","100"
"2020","11a","New York","Total","14,048"
"2020","11a","New York","Unknown","2"
"2020","11a","New York City","Unknown","9"
"2020","11a","New York City","3500+","28,490"
"2020","11a","New York City","Under 1000","585"
"2020","11a","New York City","Total","94,857"
"2020","11a","New York City","1000-1499","740"
"2020","11a","New York City","1500-1999","1,588"
"2020","11a","New York City","2000-2499","5,243"
"2020","11a","New York City","2500-2999","19,868"
"2020","11a","New York City","3000-3499","38,334"
"2020","11a","New York State","Unknown","378"
"2020","11a","New York State","3000-3499","80,894"
"2020","11a","New York State","2500-2999","40,153"
"2020","11a","New York State","3500+","69,194"
"2020","11a","New York State","2000-2499","10,891"
"2020","11a","New York State","1500-1999","3,298"
"2020","11a","New York State","1000-1499","1,529"
"2020","11a","New York State","Under 1000","1,253"
"2020","11a","New York State","Total","207,590"
"2020","11a","Niagara","Unknown","1"
"2020","11a","Niagara","3500+","706"
"2020","11a","Niagara","3000-3499","736"
"2020","11a","Niagara","2500-2999","374"
"2020","11a","Niagara","2000-2499","113"
"2020","11a","Niagara","1500-1999","21"
"2020","11a","Niagara","1000-1499","14"
"2020","11a","Niagara","Under 1000","14"
"2020","11a","Niagara","Total","1,979"
"2020","11a","Oneida","3000-3499","831"
"2020","11a","Oneida","Unknown","3"
"2020","11a","Oneida","Total","2,385"
"2020","11a","Oneida","Under 1000","12"
"2020","11a","Oneida","1000-1499","23"
"2020","11a","Oneida","1500-1999","43"
"2020","11a","Oneida","2000-2499","143"
"2020","11a","Oneida","2500-2999","424"
"2020","11a","Oneida","3500+","906"
"2020","11a","Onondaga","Total","4,858"
"2020","11a","Onondaga","Under 1000","39"
"2020","11a","Onondaga","1000-1499","43"
"2020","11a","Onondaga","1500-1999","87"
"2020","11a","Onondaga","2000-2499","246"
"2020","11a","Onondaga","2500-2999","852"
"2020","11a","Onondaga","3000-3499","1,730"
"2020","11a","Onondaga","3500+","1,859"
"2020","11a","Onondaga","Unknown","2"
"2020","11a","Ontario","Under 1000","3"
"2020","11a","Ontario","1000-1499","4"
"2020","11a","Ontario","1500-1999","13"
"2020","11a","Ontario","2000-2499","41"
"2020","11a","Ontario","2500-2999","157"
"2020","11a","Ontario","3000-3499","370"
"2020","11a","Ontario","3500+","360"
"2020","11a","Ontario","Unknown","0"
"2020","11a","Ontario","Total","948"
"2020","11a","Orange","Unknown","6"
"2020","11a","Orange","3500+","1,900"
"2020","11a","Orange","3000-3499","2,036"
"2020","11a","Orange","2500-2999","911"
"2020","11a","Orange","2000-2499","245"
"2020","11a","Orange","1500-1999","81"
"2020","11a","Orange","1000-1499","31"
"2020","11a","Orange","Under 1000","24"
"2020","11a","Orange","Total","5,234"
"2020","11a","Orleans","Unknown","0"
"2020","11a","Orleans","3500+","159"
"2020","11a","Orleans","3000-3499","148"
"2020","11a","Orleans","2500-2999","60"
"2020","11a","Orleans","2000-2499","7"
"2020","11a","Orleans","1500-1999","4"
"2020","11a","Orleans","1000-1499","9"
"2020","11a","Orleans","Under 1000","7"
"2020","11a","Orleans","Total","394"
"2020","11a","Oswego","Unknown","7"
"2020","11a","Oswego","3500+","463"
"2020","11a","Oswego","3000-3499","418"
"2020","11a","Oswego","2500-2999","205"
"2020","11a","Oswego","2000-2499","35"
"2020","11a","Oswego","1500-1999","22"
"2020","11a","Oswego","1000-1499","8"
"2020","11a","Oswego","Under 1000","6"
"2020","11a","Oswego","Total","1,164"
"2020","11a","Otsego","Unknown","20"
"2020","11a","Otsego","3500+","208"
"2020","11a","Otsego","3000-3499","163"
"2020","11a","Otsego","2500-2999","63"
"2020","11a","Otsego","2000-2499","10"
"2020","11a","Otsego","1500-1999","7"
"2020","11a","Otsego","1000-1499","3"
"2020","11a","Otsego","Under 1000","4"
"2020","11a","Otsego","Total","478"
"2020","11a","Putnam","Total","831"
"2020","11a","Putnam","Unknown","0"
"2020","11a","Putnam","3500+","309"
"2020","11a","Putnam","3000-3499","312"
"2020","11a","Putnam","2500-2999","150"
"2020","11a","Putnam","2000-2499","39"
"2020","11a","Putnam","1500-1999","11"
"2020","11a","Putnam","1000-1499","2"
"2020","11a","Putnam","Under 1000","8"
"2020","11a","Queens","Total","24,389"
"2020","11a","Queens","Unknown","2"
"2020","11a","Queens","3500+","7,205"
"2020","11a","Queens","3000-3499","9,846"
"2020","11a","Queens","2500-2999","5,195"
"2020","11a","Queens","2000-2499","1,393"
"2020","11a","Queens","1500-1999","399"
"2020","11a","Queens","1000-1499","188"
"2020","11a","Queens","Under 1000","161"
"2020","11a","Rensselaer","Unknown","2"
"2020","11a","Rensselaer","Total","1,579"
"2020","11a","Rensselaer","Under 1000","11"
"2020","11a","Rensselaer","1000-1499","12"
"2020","11a","Rensselaer","1500-1999","27"
"2020","11a","Rensselaer","2000-2499","91"
"2020","11a","Rensselaer","2500-2999","292"
"2020","11a","Rensselaer","3000-3499","602"
"2020","11a","Rensselaer","3500+","542"
"2020","11a","Rest of State","Unknown","369"
"2020","11a","Rest of State","Total","112,733"
"2020","11a","Rest of State","Under 1000","668"
"2020","11a","Rest of State","1000-1499","789"
"2020","11a","Rest of State","1500-1999","1,710"
"2020","11a","Rest of State","2000-2499","5,648"
"2020","11a","Rest of State","2500-2999","20,285"
"2020","11a","Rest of State","3000-3499","42,560"
"2020","11a","Rest of State","3500+","40,704"
"2020","11a","Richmond","Unknown","0"
"2020","11a","Richmond","Total","4,878"
"2020","11a","Richmond","Under 1000","26"
"2020","11a","Richmond","1000-1499","27"
"2020","11a","Richmond","1500-1999","87"
"2020","11a","Richmond","2000-2499","239"
"2020","11a","Richmond","2500-2999","983"
"2020","11a","Richmond","3000-3499","1,944"
"2020","11a","Richmond","3500+","1,572"
"2020","11a","Rockland","Total","5,708"
"2020","11a","Rockland","Unknown","5"
"2020","11a","Rockland","3500+","2,146"
"2020","11a","Rockland","3000-3499","2,287"
"2020","11a","Rockland","2500-2999","955"
"2020","11a","Rockland","2000-2499","198"
"2020","11a","Rockland","1500-1999","72"
"2020","11a","Rockland","1000-1499","38"
"2020","11a","Rockland","Under 1000","7"
"2020","11a","Saratoga","Total","1,969"
"2020","11a","Saratoga","Unknown","1"
"2020","11a","Saratoga","3500+","827"
"2020","11a","Saratoga","3000-3499","691"
"2020","11a","Saratoga","2500-2999","305"
"2020","11a","Saratoga","2000-2499","89"
"2020","11a","Saratoga","1500-1999","27"
"2020","11a","Saratoga","1000-1499","15"
"2020","11a","Saratoga","Under 1000","14"
"2020","11a","Schenectady","Unknown","2"
"2020","11a","Schenectady","3500+","562"
"2020","11a","Schenectady","3000-3499","668"
"2020","11a","Schenectady","2500-2999","342"
"2020","11a","Schenectady","2000-2499","96"
"2020","11a","Schenectady","1500-1999","31"
"2020","11a","Schenectady","1000-1499","15"
"2020","11a","Schenectady","Under 1000","13"
"2020","11a","Schenectady","Total","1,729"
"2020","11a","Schoharie","1500-1999","1"
"2020","11a","Schoharie","3500+","105"
"2020","11a","Schoharie","3000-3499","75"
"2020","11a","Schoharie","2500-2999","46"
"2020","11a","Schoharie","2000-2499","7"
"2020","11a","Schoharie","Unknown","1"
"2020","11a","Schoharie","1000-1499","1"
"2020","11a","Schoharie","Under 1000","3"
"2020","11a","Schoharie","Total","239"
"2020","11a","Schuyler","Under 1000","0"
"2020","11a","Schuyler","Unknown","0"
"2020","11a","Schuyler","3500+","74"
"2020","11a","Schuyler","3000-3499","51"
"2020","11a","Schuyler","Total","163"
"2020","11a","Schuyler","2500-2999","34"
"2020","11a","Schuyler","2000-2499","4"
"2020","11a","Schuyler","1500-1999","0"
"2020","11a","Schuyler","1000-1499","0"
"2020","11a","Seneca","Total","356"
"2020","11a","Seneca","Under 1000","0"
"2020","11a","Seneca","1000-1499","1"
"2020","11a","Seneca","1500-1999","4"
"2020","11a","Seneca","2000-2499","11"
"2020","11a","Seneca","2500-2999","55"
"2020","11a","Seneca","3000-3499","124"
"2020","11a","Seneca","3500+","160"
"2020","11a","Seneca","Unknown","1"
"2020","11a","Steuben","Total","923"
"2020","11a","Steuben","Unknown","13"
"2020","11a","Steuben","3500+","368"
"2020","11a","Steuben","3000-3499","331"
"2020","11a","Steuben","2500-2999","152"
"2020","11a","Steuben","2000-2499","32"
"2020","11a","Steuben","1500-1999","14"
"2020","11a","Steuben","1000-1499","5"
"2020","11a","Steuben","Under 1000","8"
"2020","11a","St Lawrence","3500+","403"
"2020","11a","St Lawrence","3000-3499","372"
"2020","11a","St Lawrence","2500-2999","128"
"2020","11a","St Lawrence","2000-2499","39"
"2020","11a","St Lawrence","1500-1999","19"
"2020","11a","St Lawrence","1000-1499","7"
"2020","11a","St Lawrence","Under 1000","6"
"2020","11a","St Lawrence","Total","1,013"
"2020","11a","St Lawrence","Unknown","39"
"2020","11a","Suffolk","Total","14,712"
"2020","11a","Suffolk","Unknown","4"
"2020","11a","Suffolk","3500+","5,034"
"2020","11a","Suffolk","3000-3499","5,769"
"2020","11a","Suffolk","2500-2999","2,737"
"2020","11a","Suffolk","2000-2499","787"
"2020","11a","Suffolk","1500-1999","213"
"2020","11a","Suffolk","1000-1499","95"
"2020","11a","Suffolk","Under 1000","73"
"2020","11a","Sullivan","Total","867"
"2020","11a","Sullivan","Under 1000","3"
"2020","11a","Sullivan","1000-1499","6"
"2020","11a","Sullivan","1500-1999","18"
"2020","11a","Sullivan","2000-2499","56"
"2020","11a","Sullivan","2500-2999","180"
"2020","11a","Sullivan","3000-3499","329"
"2020","11a","Sullivan","3500+","275"
"2020","11a","Sullivan","Unknown","0"
"2020","11a","Tioga","1000-1499","0"
"2020","11a","Tioga","Unknown","6"
"2020","11a","Tioga","3500+","188"
"2020","11a","Tioga","3000-3499","148"
"2020","11a","Tioga","2500-2999","62"
"2020","11a","Tioga","2000-2499","20"
"2020","11a","Tioga","1500-1999","8"
"2020","11a","Tioga","Under 1000","4"
"2020","11a","Tioga","Total","436"
"2020","11a","Tompkins","Total","662"
"2020","11a","Tompkins","Unknown","0"
"2020","11a","Tompkins","3500+","250"
"2020","11a","Tompkins","3000-3499","277"
"2020","11a","Tompkins","2500-2999","106"
"2020","11a","Tompkins","2000-2499","19"
"2020","11a","Tompkins","1500-1999","7"
"2020","11a","Tompkins","1000-1499","1"
"2020","11a","Tompkins","Under 1000","2"
"2020","11a","Ulster","Total","1,473"
"2020","11a","Ulster","Unknown","1"
"2020","11a","Ulster","3500+","590"
"2020","11a","Ulster","3000-3499","535"
"2020","11a","Ulster","2500-2999","236"
"2020","11a","Ulster","2000-2499","75"
"2020","11a","Ulster","1500-1999","25"
"2020","11a","Ulster","1000-1499","6"
"2020","11a","Ulster","Under 1000","5"
"2020","11a","Warren","1000-1499","1"
"2020","11a","Warren","Unknown","2"
"2020","11a","Warren","3500+","216"
"2020","11a","Warren","3000-3499","167"
"2020","11a","Warren","2500-2999","87"
"2020","11a","Warren","2000-2499","22"
"2020","11a","Warren","Total","498"
"2020","11a","Warren","1500-1999","2"
"2020","11a","Warren","Under 1000","1"
"2020","11a","Washington","Total","532"
"2020","11a","Washington","3500+","207"
"2020","11a","Washington","3000-3499","198"
"2020","11a","Washington","2500-2999","90"
"2020","11a","Washington","2000-2499","23"
"2020","11a","Washington","1500-1999","8"
"2020","11a","Washington","1000-1499","2"
"2020","11a","Washington","Unknown","0"
"2020","11a","Washington","Under 1000","4"
"2020","11a","Wayne","1500-1999","14"
"2020","11a","Wayne","Total","899"
"2020","11a","Wayne","Under 1000","7"
"2020","11a","Wayne","1000-1499","3"
"2020","11a","Wayne","2000-2499","42"
"2020","11a","Wayne","2500-2999","144"
"2020","11a","Wayne","3000-3499","324"
"2020","11a","Wayne","3500+","362"
"2020","11a","Wayne","Unknown","3"
"2020","11a","Westchester","Total","9,634"
"2020","11a","Westchester","Unknown","4"
"2020","11a","Westchester","3500+","3,265"
"2020","11a","Westchester","3000-3499","3,746"
"2020","11a","Westchester","2500-2999","1,859"
"2020","11a","Westchester","2000-2499","486"
"2020","11a","Westchester","1500-1999","154"
"2020","11a","Westchester","1000-1499","67"
"2020","11a","Westchester","Under 1000","53"
"2020","11a","Wyoming","Total","351"
"2020","11a","Wyoming","Unknown","1"
"2020","11a","Wyoming","3500+","129"
"2020","11a","Wyoming","3000-3499","140"
"2020","11a","Wyoming","2500-2999","62"
"2020","11a","Wyoming","2000-2499","16"
"2020","11a","Wyoming","1500-1999","2"
"2020","11a","Wyoming","1000-1499","0"
"2020","11a","Wyoming","Under 1000","1"
"2020","11a","Yates","Unknown","3"
"2020","11a","Yates","Under 1000","0"
"2020","11a","Yates","1000-1499","0"
"2020","11a","Yates","1500-1999","3"
"2020","11a","Yates","2000-2499","10"
"2020","11a","Yates","2500-2999","46"
"2020","11a","Yates","3000-3499","87"
"2020","11a","Yates","3500+","167"
"2020","11a","Yates","Total","316"
"2019","11a","Albany","Under 1000","20"
"2019","11a","Albany","Unknown","7"
"2019","11a","Albany","3500+","1,094"
"2019","11a","Albany","3000-3499","1,122"
"2019","11a","Albany","2500-2999","504"
"2019","11a","Albany","2000-2499","149"
"2019","11a","Albany","1500-1999","57"
"2019","11a","Albany","1000-1499","26"
"2019","11a","Albany","Total","2,979"
"2019","11a","Allegany","2000-2499","18"
"2019","11a","Allegany","Total","480"
"2019","11a","Allegany","Under 1000","2"
"2019","11a","Allegany","1000-1499","4"
"2019","11a","Allegany","1500-1999","5"
"2019","11a","Allegany","2500-2999","90"
"2019","11a","Allegany","3000-3499","167"
"2019","11a","Allegany","3500+","169"
"2019","11a","Allegany","Unknown","25"
"2019","11a","Bronx","Total","18,963"
"2019","11a","Bronx","Unknown","1"
"2019","11a","Bronx","3500+","5,390"
"2019","11a","Bronx","3000-3499","7,434"
"2019","11a","Bronx","2500-2999","4,202"
"2019","11a","Bronx","2000-2499","1,168"
"2019","11a","Bronx","1500-1999","387"
"2019","11a","Bronx","1000-1499","197"
"2019","11a","Bronx","Under 1000","184"
"2019","11a","Broome","Unknown","2"
"2019","11a","Broome","Total","1,950"
"2019","11a","Broome","Under 1000","8"
"2019","11a","Broome","1000-1499","12"
"2019","11a","Broome","1500-1999","26"
"2019","11a","Broome","2000-2499","96"
"2019","11a","Broome","2500-2999","360"
"2019","11a","Broome","3000-3499","708"
"2019","11a","Broome","3500+","738"
"2019","11a","Cattaraugus","3500+","291"
"2019","11a","Cattaraugus","Total","825"
"2019","11a","Cattaraugus","Under 1000","3"
"2019","11a","Cattaraugus","1000-1499","1"
"2019","11a","Cattaraugus","1500-1999","8"
"2019","11a","Cattaraugus","2000-2499","37"
"2019","11a","Cattaraugus","2500-2999","127"
"2019","11a","Cattaraugus","3000-3499","277"
"2019","11a","Cattaraugus","Unknown","81"
"2019","11a","Cayuga","2500-2999","104"
"2019","11a","Cayuga","Total","752"
"2019","11a","Cayuga","Under 1000","6"
"2019","11a","Cayuga","1000-1499","7"
"2019","11a","Cayuga","1500-1999","7"
"2019","11a","Cayuga","3500+","356"
"2019","11a","Cayuga","Unknown","5"
"2019","11a","Cayuga","2000-2499","30"
"2019","11a","Cayuga","3000-3499","237"
"2019","11a","Chautauqua","Unknown","39"
"2019","11a","Chautauqua","3500+","475"
"2019","11a","Chautauqua","3000-3499","490"
"2019","11a","Chautauqua","2500-2999","225"
"2019","11a","Chautauqua","2000-2499","75"
"2019","11a","Chautauqua","1500-1999","25"
"2019","11a","Chautauqua","1000-1499","6"
"2019","11a","Chautauqua","Under 1000","7"
"2019","11a","Chautauqua","Total","1,342"
"2019","11a","Chemung","Total","894"
"2019","11a","Chemung","Unknown","1"
"2019","11a","Chemung","3500+","374"
"2019","11a","Chemung","3000-3499","322"
"2019","11a","Chemung","2500-2999","139"
"2019","11a","Chemung","2000-2499","35"
"2019","11a","Chemung","1500-1999","10"
"2019","11a","Chemung","1000-1499","7"
"2019","11a","Chemung","Under 1000","6"
"2019","11a","Chenango","3500+","181"
"2019","11a","Chenango","Total","471"
"2019","11a","Chenango","Under 1000","3"
"2019","11a","Chenango","1000-1499","6"
"2019","11a","Chenango","1500-1999","6"
"2019","11a","Chenango","2000-2499","23"
"2019","11a","Chenango","2500-2999","80"
"2019","11a","Chenango","3000-3499","163"
"2019","11a","Chenango","Unknown","9"
"2019","11a","Clinton","Unknown","1"
"2019","11a","Clinton","Total","722"
"2019","11a","Clinton","Under 1000","3"
"2019","11a","Clinton","1000-1499","5"
"2019","11a","Clinton","1500-1999","14"
"2019","11a","Clinton","2000-2499","31"
"2019","11a","Clinton","2500-2999","113"
"2019","11a","Clinton","3000-3499","248"
"2019","11a","Clinton","3500+","307"
"2019","11a","Columbia","3500+","187"
"2019","11a","Columbia","Total","479"
"2019","11a","Columbia","Under 1000","0"
"2019","11a","Columbia","1000-1499","0"
"2019","11a","Columbia","1500-1999","10"
"2019","11a","Columbia","2000-2499","20"
"2019","11a","Columbia","2500-2999","68"
"2019","11a","Columbia","3000-3499","187"
"2019","11a","Columbia","Unknown","7"
"2019","11a","Cortland","Unknown","11"
"2019","11a","Cortland","Total","451"
"2019","11a","Cortland","Under 1000","2"
"2019","11a","Cortland","1000-1499","4"
"2019","11a","Cortland","1500-1999","12"
"2019","11a","Cortland","2000-2499","18"
"2019","11a","Cortland","2500-2999","80"
"2019","11a","Cortland","3000-3499","168"
"2019","11a","Cortland","3500+","156"
"2019","11a","Delaware","3500+","151"
"2019","11a","Delaware","Total","349"
"2019","11a","Delaware","Under 1000","1"
"2019","11a","Delaware","1000-1499","2"
"2019","11a","Delaware","1500-1999","7"
"2019","11a","Delaware","2000-2499","15"
"2019","11a","Delaware","2500-2999","50"
"2019","11a","Delaware","3000-3499","123"
"2019","11a","Delaware","Unknown","0"
"2019","11a","Dutchess","Unknown","2"
"2019","11a","Dutchess","Total","2,699"
"2019","11a","Dutchess","Under 1000","12"
"2019","11a","Dutchess","1000-1499","20"
"2019","11a","Dutchess","1500-1999","34"
"2019","11a","Dutchess","2000-2499","135"
"2019","11a","Dutchess","2500-2999","433"
"2019","11a","Dutchess","3000-3499","1,016"
"2019","11a","Dutchess","3500+","1,047"
"2019","11a","Erie","1500-1999","160"
"2019","11a","Erie","Total","9,679"
"2019","11a","Erie","Under 1000","66"
"2019","11a","Erie","1000-1499","87"
"2019","11a","Erie","2000-2499","527"
"2019","11a","Erie","2500-2999","1,762"
"2019","11a","Erie","3000-3499","3,770"
"2019","11a","Erie","3500+","3,299"
"2019","11a","Erie","Unknown","8"
"2019","11a","Essex","Total","314"
"2019","11a","Essex","Unknown","1"
"2019","11a","Essex","3500+","129"
"2019","11a","Essex","3000-3499","110"
"2019","11a","Essex","2500-2999","49"
"2019","11a","Essex","2000-2499","16"
"2019","11a","Essex","1500-1999","7"
"2019","11a","Essex","1000-1499","2"
"2019","11a","Essex","Under 1000","0"
"2019","11a","Franklin","3500+","169"
"2019","11a","Franklin","Total","411"
"2019","11a","Franklin","Under 1000","1"
"2019","11a","Franklin","1000-1499","0"
"2019","11a","Franklin","1500-1999","5"
"2019","11a","Franklin","2000-2499","21"
"2019","11a","Franklin","2500-2999","73"
"2019","11a","Franklin","3000-3499","138"
"2019","11a","Franklin","Unknown","4"
"2019","11a","Fulton","Unknown","0"
"2019","11a","Fulton","Total","510"
"2019","11a","Fulton","Under 1000","2"
"2019","11a","Fulton","1000-1499","0"
"2019","11a","Fulton","1500-1999","11"
"2019","11a","Fulton","2000-2499","33"
"2019","11a","Fulton","2500-2999","87"
"2019","11a","Fulton","3000-3499","196"
"2019","11a","Fulton","3500+","181"
"2019","11a","Genesee","1500-1999","5"
"2019","11a","Genesee","Total","555"
"2019","11a","Genesee","Under 1000","6"
"2019","11a","Genesee","1000-1499","4"
"2019","11a","Genesee","2000-2499","24"
"2019","11a","Genesee","2500-2999","89"
"2019","11a","Genesee","3000-3499","194"
"2019","11a","Genesee","3500+","233"
"2019","11a","Genesee","Unknown","0"
"2019","11a","Greene","Total","360"
"2019","11a","Greene","Unknown","2"
"2019","11a","Greene","3500+","150"
"2019","11a","Greene","3000-3499","131"
"2019","11a","Greene","2500-2999","46"
"2019","11a","Greene","2000-2499","19"
"2019","11a","Greene","1500-1999","8"
"2019","11a","Greene","1000-1499","4"
"2019","11a","Greene","Under 1000","0"
"2019","11a","Hamilton","3500+","8"
"2019","11a","Hamilton","Total","29"
"2019","11a","Hamilton","Under 1000","0"
"2019","11a","Hamilton","1000-1499","0"
"2019","11a","Hamilton","1500-1999","1"
"2019","11a","Hamilton","2000-2499","1"
"2019","11a","Hamilton","2500-2999","2"
"2019","11a","Hamilton","3000-3499","17"
"2019","11a","Hamilton","Unknown","0"
"2019","11a","Herkimer","Unknown","5"
"2019","11a","Herkimer","Total","626"
"2019","11a","Herkimer","Under 1000","4"
"2019","11a","Herkimer","1000-1499","7"
"2019","11a","Herkimer","1500-1999","4"
"2019","11a","Herkimer","2000-2499","20"
"2019","11a","Herkimer","2500-2999","100"
"2019","11a","Herkimer","3000-3499","192"
"2019","11a","Herkimer","3500+","294"
"2019","11a","Jefferson","Under 1000","12"
"2019","11a","Jefferson","3500+","667"
"2019","11a","Jefferson","3000-3499","691"
"2019","11a","Jefferson","2500-2999","298"
"2019","11a","Jefferson","2000-2499","84"
"2019","11a","Jefferson","1500-1999","29"
"2019","11a","Jefferson","Unknown","5"
"2019","11a","Jefferson","1000-1499","16"
"2019","11a","Jefferson","Total","1,802"
"2019","11a","Kings","Unknown","3"
"2019","11a","Kings","Under 1000","205"
"2019","11a","Kings","1000-1499","232"
"2019","11a","Kings","1500-1999","559"
"2019","11a","Kings","2000-2499","1,872"
"2019","11a","Kings","2500-2999","7,463"
"2019","11a","Kings","Total","37,031"
"2019","11a","Kings","3000-3499","15,154"
"2019","11a","Kings","3500+","11,543"
"2019","11a","Lewis","2000-2499","11"
"2019","11a","Lewis","Unknown","1"
"2019","11a","Lewis","3500+","124"
"2019","11a","Lewis","3000-3499","116"
"2019","11a","Lewis","2500-2999","46"
"2019","11a","Lewis","1500-1999","1"
"2019","11a","Lewis","1000-1499","1"
"2019","11a","Lewis","Under 1000","0"
"2019","11a","Lewis","Total","300"
"2019","11a","Livingston","Total","551"
"2019","11a","Livingston","Unknown","7"
"2019","11a","Livingston","3500+","224"
"2019","11a","Livingston","3000-3499","193"
"2019","11a","Livingston","2500-2999","91"
"2019","11a","Livingston","2000-2499","22"
"2019","11a","Livingston","1500-1999","7"
"2019","11a","Livingston","1000-1499","5"
"2019","11a","Livingston","Under 1000","2"
"2019","11a","Madison","Total","626"
"2019","11a","Madison","Unknown","17"
"2019","11a","Madison","3500+","251"
"2019","11a","Madison","3000-3499","211"
"2019","11a","Madison","2500-2999","93"
"2019","11a","Madison","2000-2499","36"
"2019","11a","Madison","1500-1999","8"
"2019","11a","Madison","1000-1499","5"
"2019","11a","Madison","Under 1000","5"
"2019","11a","Monroe","Total","7,913"
"2019","11a","Monroe","Unknown","1"
"2019","11a","Monroe","3500+","2,724"
"2019","11a","Monroe","3000-3499","2,960"
"2019","11a","Monroe","2500-2999","1,495"
"2019","11a","Monroe","2000-2499","423"
"2019","11a","Monroe","1500-1999","139"
"2019","11a","Monroe","1000-1499","81"
"2019","11a","Monroe","Under 1000","90"
"2019","11a","Montgomery","Unknown","28"
"2019","11a","Montgomery","3500+","224"
"2019","11a","Montgomery","3000-3499","209"
"2019","11a","Montgomery","2500-2999","79"
"2019","11a","Montgomery","2000-2499","26"
"2019","11a","Montgomery","1500-1999","12"
"2019","11a","Montgomery","1000-1499","2"
"2019","11a","Montgomery","Under 1000","5"
"2019","11a","Montgomery","Total","585"
"2019","11a","Nassau","Unknown","5"
"2019","11a","Nassau","3500+","4,398"
"2019","11a","Nassau","3000-3499","5,683"
"2019","11a","Nassau","2500-2999","2,666"
"2019","11a","Nassau","2000-2499","730"
"2019","11a","Nassau","1500-1999","234"
"2019","11a","Nassau","1000-1499","81"
"2019","11a","Nassau","Under 1000","80"
"2019","11a","Nassau","Total","13,877"
"2019","11a","New York","Total","16,257"
"2019","11a","New York","Under 1000","77"
"2019","11a","New York","1000-1499","116"
"2019","11a","New York","1500-1999","221"
"2019","11a","New York","2000-2499","812"
"2019","11a","New York","2500-2999","3,346"
"2019","11a","New York","3000-3499","6,817"
"2019","11a","New York","3500+","4,867"
"2019","11a","New York","Unknown","1"
"2019","11a","New York City","Total","104,294"
"2019","11a","New York City","Unknown","6"
"2019","11a","New York City","3500+","31,340"
"2019","11a","New York City","3000-3499","42,272"
"2019","11a","New York City","2500-2999","21,878"
"2019","11a","New York City","Under 1000","645"
"2019","11a","New York City","2000-2499","5,645"
"2019","11a","New York City","1500-1999","1,715"
"2019","11a","New York City","1000-1499","793"
"2019","11a","New York State","Under 1000","1,350"
"2019","11a","New York State","Unknown","388"
"2019","11a","New York State","3500+","73,503"
"2019","11a","New York State","3000-3499","86,389"
"2019","11a","New York State","2500-2999","42,511"
"2019","11a","New York State","2000-2499","11,277"
"2019","11a","New York State","1500-1999","3,509"
"2019","11a","New York State","1000-1499","1,609"
"2019","11a","New York State","Total","220,536"
"2019","11a","Niagara","Unknown","2"
"2019","11a","Niagara","3500+","779"
"2019","11a","Niagara","3000-3499","758"
"2019","11a","Niagara","2500-2999","379"
"2019","11a","Niagara","2000-2499","107"
"2019","11a","Niagara","1500-1999","20"
"2019","11a","Niagara","1000-1499","12"
"2019","11a","Niagara","Under 1000","12"
"2019","11a","Niagara","Total","2,069"
"2019","11a","Oneida","Under 1000","21"
"2019","11a","Oneida","1000-1499","18"
"2019","11a","Oneida","1500-1999","37"
"2019","11a","Oneida","2000-2499","110"
"2019","11a","Oneida","2500-2999","427"
"2019","11a","Oneida","3000-3499","884"
"2019","11a","Oneida","3500+","1,002"
"2019","11a","Oneida","Unknown","2"
"2019","11a","Oneida","Total","2,501"
"2019","11a","Onondaga","2000-2499","248"
"2019","11a","Onondaga","Total","5,053"
"2019","11a","Onondaga","Under 1000","29"
"2019","11a","Onondaga","1000-1499","29"
"2019","11a","Onondaga","1500-1999","75"
"2019","11a","Onondaga","Unknown","0"
"2019","11a","Onondaga","2500-2999","868"
"2019","11a","Onondaga","3000-3499","1,842"
"2019","11a","Onondaga","3500+","1,962"
"2019","11a","Ontario","1000-1499","10"
"2019","11a","Ontario","Total","970"
"2019","11a","Ontario","Under 1000","3"
"2019","11a","Ontario","1500-1999","12"
"2019","11a","Ontario","2000-2499","42"
"2019","11a","Ontario","2500-2999","151"
"2019","11a","Ontario","3000-3499","355"
"2019","11a","Ontario","3500+","396"
"2019","11a","Ontario","Unknown","1"
"2019","11a","Orange","Under 1000","38"
"2019","11a","Orange","Total","5,192"
"2019","11a","Orange","Unknown","7"
"2019","11a","Orange","3500+","1,950"
"2019","11a","Orange","3000-3499","2,011"
"2019","11a","Orange","2500-2999","855"
"2019","11a","Orange","2000-2499","230"
"2019","11a","Orange","1500-1999","75"
"2019","11a","Orange","1000-1499","26"
"2019","11a","Orleans","3000-3499","155"
"2019","11a","Orleans","Total","423"
"2019","11a","Orleans","3500+","170"
"2019","11a","Orleans","Under 1000","5"
"2019","11a","Orleans","1000-1499","3"
"2019","11a","Orleans","1500-1999","3"
"2019","11a","Orleans","2000-2499","12"
"2019","11a","Orleans","2500-2999","74"
"2019","11a","Orleans","Unknown","1"
"2019","11a","Oswego","Unknown","8"
"2019","11a","Oswego","Total","1,234"
"2019","11a","Oswego","Under 1000","4"
"2019","11a","Oswego","1000-1499","7"
"2019","11a","Oswego","1500-1999","17"
"2019","11a","Oswego","2000-2499","42"
"2019","11a","Oswego","2500-2999","201"
"2019","11a","Oswego","3000-3499","463"
"2019","11a","Oswego","3500+","492"
"2019","11a","Otsego","1000-1499","2"
"2019","11a","Otsego","Total","441"
"2019","11a","Otsego","Unknown","21"
"2019","11a","Otsego","3500+","186"
"2019","11a","Otsego","3000-3499","156"
"2019","11a","Otsego","2500-2999","57"
"2019","11a","Otsego","2000-2499","9"
"2019","11a","Otsego","1500-1999","8"
"2019","11a","Otsego","Under 1000","2"
"2019","11a","Putnam","Total","797"
"2019","11a","Putnam","Unknown","0"
"2019","11a","Putnam","3500+","278"
"2019","11a","Putnam","3000-3499","313"
"2019","11a","Putnam","2500-2999","162"
"2019","11a","Putnam","2000-2499","27"
"2019","11a","Putnam","1500-1999","9"
"2019","11a","Putnam","1000-1499","6"
"2019","11a","Putnam","Under 1000","2"
"2019","11a","Queens","1000-1499","206"
"2019","11a","Queens","1500-1999","485"
"2019","11a","Queens","2000-2499","1,550"
"2019","11a","Queens","2500-2999","5,817"
"2019","11a","Queens","3000-3499","10,751"
"2019","11a","Queens","3500+","7,898"
"2019","11a","Queens","Unknown","1"
"2019","11a","Queens","Total","26,850"
"2019","11a","Queens","Under 1000","142"
"2019","11a","Rensselaer","Unknown","0"
"2019","11a","Rensselaer","Under 1000","12"
"2019","11a","Rensselaer","1000-1499","11"
"2019","11a","Rensselaer","1500-1999","44"
"2019","11a","Rensselaer","2000-2499","90"
"2019","11a","Rensselaer","2500-2999","266"
"2019","11a","Rensselaer","3000-3499","592"
"2019","11a","Rensselaer","3500+","591"
"2019","11a","Rensselaer","Total","1,606"
"2019","11a","Rest of State","2500-2999","20,633"
"2019","11a","Rest of State","Unknown","382"
"2019","11a","Rest of State","3500+","42,163"
"2019","11a","Rest of State","3000-3499","44,117"
"2019","11a","Rest of State","2000-2499","5,632"
"2019","11a","Rest of State","1500-1999","1,794"
"2019","11a","Rest of State","1000-1499","816"
"2019","11a","Rest of State","Under 1000","705"
"2019","11a","Rest of State","Total","116,242"
"2019","11a","Richmond","3500+","1,642"
"2019","11a","Richmond","3000-3499","2,116"
"2019","11a","Richmond","2500-2999","1,050"
"2019","11a","Richmond","2000-2499","243"
"2019","11a","Richmond","1500-1999","63"
"2019","11a","Richmond","1000-1499","42"
"2019","11a","Richmond","Under 1000","37"
"2019","11a","Richmond","Total","5,193"
"2019","11a","Richmond","Unknown","0"
"2019","11a","Rockland","3000-3499","2,284"
"2019","11a","Rockland","2500-2999","972"
"2019","11a","Rockland","Unknown","1"
"2019","11a","Rockland","2000-2499","207"
"2019","11a","Rockland","1500-1999","55"
"2019","11a","Rockland","1000-1499","33"
"2019","11a","Rockland","Under 1000","25"
"2019","11a","Rockland","Total","5,721"
"2019","11a","Rockland","3500+","2,144"
"2019","11a","Saratoga","3500+","882"
"2019","11a","Saratoga","2500-2999","305"
"2019","11a","Saratoga","2000-2499","71"
"2019","11a","Saratoga","1500-1999","34"
"2019","11a","Saratoga","1000-1499","17"
"2019","11a","Saratoga","Under 1000","6"
"2019","11a","Saratoga","Total","2,052"
"2019","11a","Saratoga","Unknown","3"
"2019","11a","Saratoga","3000-3499","734"
"2019","11a","Schenectady","Under 1000","13"
"2019","11a","Schenectady","1000-1499","15"
"2019","11a","Schenectady","1500-1999","33"
"2019","11a","Schenectady","2000-2499","88"
"2019","11a","Schenectady","2500-2999","367"
"2019","11a","Schenectady","3000-3499","597"
"2019","11a","Schenectady","3500+","605"
"2019","11a","Schenectady","Unknown","3"
"2019","11a","Schenectady","Total","1,721"
"2019","11a","Schoharie","1000-1499","1"
"2019","11a","Schoharie","1500-1999","4"
"2019","11a","Schoharie","2000-2499","8"
"2019","11a","Schoharie","2500-2999","41"
"2019","11a","Schoharie","3000-3499","92"
"2019","11a","Schoharie","3500+","99"
"2019","11a","Schoharie","Unknown","1"
"2019","11a","Schoharie","Total","246"
"2019","11a","Schoharie","Under 1000","0"
"2019","11a","Schuyler","3000-3499","55"
"2019","11a","Schuyler","2500-2999","27"
"2019","11a","Schuyler","2000-2499","4"
"2019","11a","Schuyler","1500-1999","0"
"2019","11a","Schuyler","1000-1499","0"
"2019","11a","Schuyler","Total","166"
"2019","11a","Schuyler","Under 1000","2"
"2019","11a","Schuyler","Unknown","1"
"2019","11a","Schuyler","3500+","77"
"2019","11a","Seneca","3000-3499","142"
"2019","11a","Seneca","2500-2999","51"
"2019","11a","Seneca","2000-2499","13"
"2019","11a","Seneca","1500-1999","8"
"2019","11a","Seneca","1000-1499","5"
"2019","11a","Seneca","Under 1000","4"
"2019","11a","Seneca","Total","363"
"2019","11a","Seneca","Unknown","3"
"2019","11a","Seneca","3500+","137"
"2019","11a","Steuben","Under 1000","2"
"2019","11a","Steuben","Total","1,036"
"2019","11a","Steuben","1000-1499","7"
"2019","11a","Steuben","1500-1999","21"
"2019","11a","Steuben","2000-2499","51"
"2019","11a","Steuben","2500-2999","155"
"2019","11a","Steuben","3000-3499","381"
"2019","11a","Steuben","3500+","416"
"2019","11a","Steuben","Unknown","3"
"2019","11a","St Lawrence","3000-3499","324"
"2019","11a","St Lawrence","Unknown","24"
"2019","11a","St Lawrence","Total","999"
"2019","11a","St Lawrence","Under 1000","6"
"2019","11a","St Lawrence","1000-1499","9"
"2019","11a","St Lawrence","1500-1999","13"
"2019","11a","St Lawrence","2000-2499","49"
"2019","11a","St Lawrence","2500-2999","174"
"2019","11a","St Lawrence","3500+","400"
"2019","11a","Suffolk","Unknown","6"
"2019","11a","Suffolk","Total","15,001"
"2019","11a","Suffolk","3000-3499","5,817"
"2019","11a","Suffolk","2500-2999","2,801"
"2019","11a","Suffolk","2000-2499","773"
"2019","11a","Suffolk","1500-1999","251"
"2019","11a","Suffolk","1000-1499","99"
"2019","11a","Suffolk","Under 1000","75"
"2019","11a","Suffolk","3500+","5,179"
"2019","11a","Sullivan","3000-3499","330"
"2019","11a","Sullivan","Unknown","2"
"2019","11a","Sullivan","Total","877"
"2019","11a","Sullivan","Under 1000","3"
"2019","11a","Sullivan","1000-1499","9"
"2019","11a","Sullivan","1500-1999","17"
"2019","11a","Sullivan","2000-2499","53"
"2019","11a","Sullivan","2500-2999","162"
"2019","11a","Sullivan","3500+","301"
"2019","11a","Tioga","Total","474"
"2019","11a","Tioga","Under 1000","0"
"2019","11a","Tioga","1500-1999","5"
"2019","11a","Tioga","Unknown","3"
"2019","11a","Tioga","2000-2499","25"
"2019","11a","Tioga","2500-2999","70"
"2019","11a","Tioga","3000-3499","174"
"2019","11a","Tioga","3500+","194"
"2019","11a","Tioga","1000-1499","3"
"2019","11a","Tompkins","3500+","266"
"2019","11a","Tompkins","Unknown","0"
"2019","11a","Tompkins","3000-3499","291"
"2019","11a","Tompkins","2500-2999","114"
"2019","11a","Tompkins","2000-2499","23"
"2019","11a","Tompkins","1500-1999","4"
"2019","11a","Tompkins","1000-1499","1"
"2019","11a","Tompkins","Under 1000","2"
"2019","11a","Tompkins","Total","701"
"2019","11a","Ulster","2000-2499","83"
"2019","11a","Ulster","Total","1,520"
"2019","11a","Ulster","Unknown","4"
"2019","11a","Ulster","3500+","585"
"2019","11a","Ulster","3000-3499","555"
"2019","11a","Ulster","2500-2999","247"
"2019","11a","Ulster","1500-1999","22"
"2019","11a","Ulster","1000-1499","11"
"2019","11a","Ulster","Under 1000","13"
"2019","11a","Warren","Unknown","0"
"2019","11a","Warren","Total","533"
"2019","11a","Warren","Under 1000","5"
"2019","11a","Warren","1000-1499","4"
"2019","11a","Warren","1500-1999","9"
"2019","11a","Warren","2000-2499","19"
"2019","11a","Warren","2500-2999","97"
"2019","11a","Warren","3000-3499","207"
"2019","11a","Warren","3500+","192"
"2019","11a","Washington","Total","558"
"2019","11a","Washington","Unknown","1"
"2019","11a","Washington","3500+","225"
"2019","11a","Washington","3000-3499","204"
"2019","11a","Washington","2500-2999","83"
"2019","11a","Washington","2000-2499","32"
"2019","11a","Washington","1500-1999","9"
"2019","11a","Washington","1000-1499","2"
"2019","11a","Washington","Under 1000","2"
"2019","11a","Wayne","Total","887"
"2019","11a","Wayne","Unknown","1"
"2019","11a","Wayne","3500+","369"
"2019","11a","Wayne","3000-3499","323"
"2019","11a","Wayne","2500-2999","130"
"2019","11a","Wayne","2000-2499","42"
"2019","11a","Wayne","1500-1999","14"
"2019","11a","Wayne","1000-1499","3"
"2019","11a","Wayne","Under 1000","5"
"2019","11a","Westchester","Total","9,906"
"2019","11a","Westchester","Under 1000","65"
"2019","11a","Westchester","1000-1499","75"
"2019","11a","Westchester","1500-1999","134"
"2019","11a","Westchester","2000-2499","468"
"2019","11a","Westchester","2500-2999","1,954"
"2019","11a","Westchester","3000-3499","3,819"
"2019","11a","Westchester","3500+","3,385"
"2019","11a","Westchester","Unknown","6"
"2019","11a","Wyoming","Total","356"
"2019","11a","Wyoming","Unknown","0"
"2019","11a","Wyoming","3500+","149"
"2019","11a","Wyoming","3000-3499","127"
"2019","11a","Wyoming","2500-2999","46"
"2019","11a","Wyoming","2000-2499","23"
"2019","11a","Wyoming","1500-1999","6"
"2019","11a","Wyoming","1000-1499","3"
"2019","11a","Wyoming","Under 1000","2"
"2019","11a","Yates","Unknown","4"
"2019","11a","Yates","3500+","151"
"2019","11a","Yates","3000-3499","93"
"2019","11a","Yates","2500-2999","48"
"2019","11a","Yates","2000-2499","8"
"2019","11a","Yates","1500-1999","3"
"2019","11a","Yates","1000-1499","0"
"2019","11a","Yates","Under 1000","1"
"2019","11a","Yates","Total","308"
"2018","11a","Albany","Under 1000","17"
"2018","11a","Albany","Unknown","1"
"2018","11a","Albany","3500+","1,127"
"2018","11a","Albany","3000-3499","1,083"
"2018","11a","Albany","2500-2999","518"
"2018","11a","Albany","2000-2499","150"
"2018","11a","Albany","1500-1999","47"
"2018","11a","Albany","1000-1499","14"
"2018","11a","Albany","Total","2,957"
"2018","11a","Allegany","Unknown","9"
"2018","11a","Allegany","Total","469"
"2018","11a","Allegany","Under 1000","3"
"2018","11a","Allegany","1000-1499","1"
"2018","11a","Allegany","1500-1999","12"
"2018","11a","Allegany","2000-2499","18"
"2018","11a","Allegany","2500-2999","79"
"2018","11a","Allegany","3000-3499","178"
"2018","11a","Allegany","3500+","169"
"2018","11a","Bronx","3000-3499","7,806"
"2018","11a","Bronx","Unknown","2"
"2018","11a","Bronx","Total","19,778"
"2018","11a","Bronx","Under 1000","145"
"2018","11a","Bronx","1000-1499","202"
"2018","11a","Bronx","1500-1999","385"
"2018","11a","Bronx","2000-2499","1,208"
"2018","11a","Bronx","2500-2999","4,166"
"2018","11a","Bronx","3500+","5,864"
"2018","11a","Broome","Total","1,875"
"2018","11a","Broome","Unknown","2"
"2018","11a","Broome","3500+","715"
"2018","11a","Broome","3000-3499","697"
"2018","11a","Broome","2500-2999","315"
"2018","11a","Broome","2000-2499","98"
"2018","11a","Broome","1500-1999","25"
"2018","11a","Broome","1000-1499","14"
"2018","11a","Broome","Under 1000","9"
"2018","11a","Cattaraugus","Unknown","90"
"2018","11a","Cattaraugus","3500+","295"
"2018","11a","Cattaraugus","3000-3499","281"
"2018","11a","Cattaraugus","2500-2999","145"
"2018","11a","Cattaraugus","2000-2499","41"
"2018","11a","Cattaraugus","1500-1999","6"
"2018","11a","Cattaraugus","1000-1499","6"
"2018","11a","Cattaraugus","Under 1000","3"
"2018","11a","Cattaraugus","Total","867"
"2018","11a","Cayuga","Total","724"
"2018","11a","Cayuga","Unknown","0"
"2018","11a","Cayuga","3500+","316"
"2018","11a","Cayuga","3000-3499","247"
"2018","11a","Cayuga","2500-2999","109"
"2018","11a","Cayuga","2000-2499","39"
"2018","11a","Cayuga","1500-1999","7"
"2018","11a","Cayuga","1000-1499","4"
"2018","11a","Cayuga","Under 1000","2"
"2018","11a","Chautauqua","Unknown","26"
"2018","11a","Chautauqua","Total","1,304"
"2018","11a","Chautauqua","Under 1000","14"
"2018","11a","Chautauqua","1000-1499","9"
"2018","11a","Chautauqua","1500-1999","16"
"2018","11a","Chautauqua","2000-2499","77"
"2018","11a","Chautauqua","2500-2999","230"
"2018","11a","Chautauqua","3000-3499","481"
"2018","11a","Chautauqua","3500+","451"
"2018","11a","Chemung","Total","872"
"2018","11a","Chemung","Under 1000","5"
"2018","11a","Chemung","1000-1499","6"
"2018","11a","Chemung","1500-1999","16"
"2018","11a","Chemung","2000-2499","38"
"2018","11a","Chemung","2500-2999","163"
"2018","11a","Chemung","3000-3499","314"
"2018","11a","Chemung","3500+","327"
"2018","11a","Chemung","Unknown","3"
"2018","11a","Chenango","3500+","200"
"2018","11a","Chenango","3000-3499","160"
"2018","11a","Chenango","2500-2999","67"
"2018","11a","Chenango","2000-2499","19"
"2018","11a","Chenango","1500-1999","7"
"2018","11a","Chenango","1000-1499","3"
"2018","11a","Chenango","Under 1000","4"
"2018","11a","Chenango","Total","463"
"2018","11a","Chenango","Unknown","3"
"2018","11a","Clinton","Unknown","1"
"2018","11a","Clinton","3500+","302"
"2018","11a","Clinton","3000-3499","230"
"2018","11a","Clinton","2500-2999","116"
"2018","11a","Clinton","2000-2499","47"
"2018","11a","Clinton","1500-1999","14"
"2018","11a","Clinton","1000-1499","5"
"2018","11a","Clinton","Under 1000","4"
"2018","11a","Clinton","Total","719"
"2018","11a","Columbia","2000-2499","18"
"2018","11a","Columbia","Total","471"
"2018","11a","Columbia","Under 1000","1"
"2018","11a","Columbia","1000-1499","7"
"2018","11a","Columbia","1500-1999","4"
"2018","11a","Columbia","2500-2999","73"
"2018","11a","Columbia","3000-3499","152"
"2018","11a","Columbia","3500+","206"
"2018","11a","Columbia","Unknown","10"
"2018","11a","Cortland","Total","457"
"2018","11a","Cortland","Unknown","9"
"2018","11a","Cortland","3500+","167"
"2018","11a","Cortland","3000-3499","164"
"2018","11a","Cortland","2500-2999","79"
"2018","11a","Cortland","2000-2499","25"
"2018","11a","Cortland","1500-1999","7"
"2018","11a","Cortland","1000-1499","4"
"2018","11a","Cortland","Under 1000","2"
"2018","11a","Delaware","Unknown","0"
"2018","11a","Delaware","3500+","164"
"2018","11a","Delaware","3000-3499","141"
"2018","11a","Delaware","2500-2999","61"
"2018","11a","Delaware","2000-2499","20"
"2018","11a","Delaware","1500-1999","5"
"2018","11a","Delaware","1000-1499","3"
"2018","11a","Delaware","Under 1000","2"
"2018","11a","Delaware","Total","396"
"2018","11a","Dutchess","Unknown","1"
"2018","11a","Dutchess","Total","2,542"
"2018","11a","Dutchess","Under 1000","12"
"2018","11a","Dutchess","1000-1499","18"
"2018","11a","Dutchess","1500-1999","43"
"2018","11a","Dutchess","2000-2499","103"
"2018","11a","Dutchess","2500-2999","425"
"2018","11a","Dutchess","3000-3499","955"
"2018","11a","Dutchess","3500+","985"
"2018","11a","Erie","3500+","3,474"
"2018","11a","Erie","3000-3499","3,601"
"2018","11a","Erie","2500-2999","1,834"
"2018","11a","Erie","2000-2499","513"
"2018","11a","Erie","1500-1999","161"
"2018","11a","Erie","1000-1499","86"
"2018","11a","Erie","Under 1000","88"
"2018","11a","Erie","Total","9,794"
"2018","11a","Erie","Unknown","37"
"2018","11a","Essex","Unknown","0"
"2018","11a","Essex","3000-3499","117"
"2018","11a","Essex","2500-2999","48"
"2018","11a","Essex","2000-2499","17"
"2018","11a","Essex","1500-1999","4"
"2018","11a","Essex","1000-1499","4"
"2018","11a","Essex","Under 1000","1"
"2018","11a","Essex","Total","308"
"2018","11a","Essex","3500+","117"
"2018","11a","Franklin","1500-1999","8"
"2018","11a","Franklin","3500+","181"
"2018","11a","Franklin","3000-3499","162"
"2018","11a","Franklin","2500-2999","87"
"2018","11a","Franklin","2000-2499","23"
"2018","11a","Franklin","Unknown","2"
"2018","11a","Franklin","1000-1499","2"
"2018","11a","Franklin","Under 1000","2"
"2018","11a","Franklin","Total","467"
"2018","11a","Fulton","3000-3499","190"
"2018","11a","Fulton","Total","519"
"2018","11a","Fulton","Under 1000","0"
"2018","11a","Fulton","1000-1499","2"
"2018","11a","Fulton","1500-1999","13"
"2018","11a","Fulton","2000-2499","19"
"2018","11a","Fulton","2500-2999","78"
"2018","11a","Fulton","3500+","215"
"2018","11a","Fulton","Unknown","2"
"2018","11a","Genesee","Total","577"
"2018","11a","Genesee","Unknown","0"
"2018","11a","Genesee","3500+","253"
"2018","11a","Genesee","3000-3499","195"
"2018","11a","Genesee","2500-2999","89"
"2018","11a","Genesee","2000-2499","22"
"2018","11a","Genesee","1500-1999","12"
"2018","11a","Genesee","1000-1499","3"
"2018","11a","Genesee","Under 1000","3"
"2018","11a","Greene","Under 1000","2"
"2018","11a","Greene","1000-1499","3"
"2018","11a","Greene","1500-1999","3"
"2018","11a","Greene","Total","436"
"2018","11a","Greene","2000-2499","19"
"2018","11a","Greene","2500-2999","66"
"2018","11a","Greene","3000-3499","162"
"2018","11a","Greene","3500+","181"
"2018","11a","Greene","Unknown","0"
"2018","11a","Hamilton","Total","18"
"2018","11a","Hamilton","Unknown","0"
"2018","11a","Hamilton","3500+","8"
"2018","11a","Hamilton","3000-3499","9"
"2018","11a","Hamilton","2500-2999","0"
"2018","11a","Hamilton","2000-2499","1"
"2018","11a","Hamilton","1500-1999","0"
"2018","11a","Hamilton","1000-1499","0"
"2018","11a","Hamilton","Under 1000","0"
"2018","11a","Herkimer","Unknown","2"
"2018","11a","Herkimer","Total","588"
"2018","11a","Herkimer","Under 1000","0"
"2018","11a","Herkimer","1000-1499","2"
"2018","11a","Herkimer","1500-1999","8"
"2018","11a","Herkimer","2000-2499","29"
"2018","11a","Herkimer","2500-2999","80"
"2018","11a","Herkimer","3000-3499","201"
"2018","11a","Herkimer","3500+","266"
"2018","11a","Jefferson","Unknown","5"
"2018","11a","Jefferson","3500+","736"
"2018","11a","Jefferson","3000-3499","686"
"2018","11a","Jefferson","2500-2999","311"
"2018","11a","Jefferson","2000-2499","80"
"2018","11a","Jefferson","1500-1999","21"
"2018","11a","Jefferson","1000-1499","11"
"2018","11a","Jefferson","Under 1000","10"
"2018","11a","Jefferson","Total","1,860"
"2018","11a","Kings","3500+","12,022"
"2018","11a","Kings","Total","38,435"
"2018","11a","Kings","Under 1000","206"
"2018","11a","Kings","1000-1499","276"
"2018","11a","Kings","1500-1999","603"
"2018","11a","Kings","2000-2499","1,941"
"2018","11a","Kings","2500-2999","7,742"
"2018","11a","Kings","3000-3499","15,639"
"2018","11a","Kings","Unknown","6"
"2018","11a","Lewis","3500+","128"
"2018","11a","Lewis","Total","328"
"2018","11a","Lewis","Under 1000","3"
"2018","11a","Lewis","1000-1499","4"
"2018","11a","Lewis","1500-1999","6"
"2018","11a","Lewis","2000-2499","13"
"2018","11a","Lewis","2500-2999","47"
"2018","11a","Lewis","3000-3499","127"
"2018","11a","Lewis","Unknown","0"
"2018","11a","Livingston","Unknown","0"
"2018","11a","Livingston","Total","494"
"2018","11a","Livingston","Under 1000","7"
"2018","11a","Livingston","1000-1499","1"
"2018","11a","Livingston","1500-1999","7"
"2018","11a","Livingston","2000-2499","22"
"2018","11a","Livingston","2500-2999","62"
"2018","11a","Livingston","3000-3499","182"
"2018","11a","Livingston","3500+","213"
"2018","11a","Madison","Unknown","15"
"2018","11a","Madison","Total","655"
"2018","11a","Madison","Under 1000","2"
"2018","11a","Madison","1000-1499","5"
"2018","11a","Madison","1500-1999","14"
"2018","11a","Madison","2000-2499","30"
"2018","11a","Madison","2500-2999","108"
"2018","11a","Madison","3000-3499","230"
"2018","11a","Madison","3500+","251"
"2018","11a","Monroe","3500+","2,901"
"2018","11a","Monroe","Total","7,770"
"2018","11a","Monroe","Under 1000","70"
"2018","11a","Monroe","1000-1499","64"
"2018","11a","Monroe","1500-1999","145"
"2018","11a","Monroe","2000-2499","405"
"2018","11a","Monroe","2500-2999","1,338"
"2018","11a","Monroe","3000-3499","2,845"
"2018","11a","Monroe","Unknown","2"
"2018","11a","Montgomery","3500+","229"
"2018","11a","Montgomery","Total","609"
"2018","11a","Montgomery","Under 1000","2"
"2018","11a","Montgomery","1000-1499","6"
"2018","11a","Montgomery","1500-1999","6"
"2018","11a","Montgomery","2000-2499","25"
"2018","11a","Montgomery","2500-2999","81"
"2018","11a","Montgomery","3000-3499","241"
"2018","11a","Montgomery","Unknown","19"
"2018","11a","Nassau","Under 1000","60"
"2018","11a","Nassau","Unknown","2"
"2018","11a","Nassau","3500+","4,726"
"2018","11a","Nassau","3000-3499","5,638"
"2018","11a","Nassau","2500-2999","2,726"
"2018","11a","Nassau","2000-2499","685"
"2018","11a","Nassau","1500-1999","232"
"2018","11a","Nassau","1000-1499","104"
"2018","11a","Nassau","Total","14,173"
"2018","11a","New York","Total","16,654"
"2018","11a","New York","Unknown","1"
"2018","11a","New York","3500+","5,145"
"2018","11a","New York","3000-3499","6,752"
"2018","11a","New York","2500-2999","3,387"
"2018","11a","New York","2000-2499","882"
"2018","11a","New York","1500-1999","296"
"2018","11a","New York","1000-1499","121"
"2018","11a","New York","Under 1000","70"
"2018","11a","New York City","Total","107,821"
"2018","11a","New York City","Under 1000","619"
"2018","11a","New York City","1000-1499","817"
"2018","11a","New York City","1500-1999","1,826"
"2018","11a","New York City","2000-2499","5,862"
"2018","11a","New York City","2500-2999","22,149"
"2018","11a","New York City","3000-3499","43,639"
"2018","11a","New York City","3500+","32,899"
"2018","11a","New York City","Unknown","10"
"2018","11a","New York State","Unknown","365"
"2018","11a","New York State","3500+","76,376"
"2018","11a","New York State","3000-3499","87,880"
"2018","11a","New York State","2500-2999","42,426"
"2018","11a","New York State","2000-2499","11,494"
"2018","11a","New York State","1500-1999","3,651"
"2018","11a","New York State","1000-1499","1,641"
"2018","11a","New York State","Under 1000","1,329"
"2018","11a","New York State","Total","225,162"
"2018","11a","Niagara","Total","2,105"
"2018","11a","Niagara","Under 1000","17"
"2018","11a","Niagara","1000-1499","16"
"2018","11a","Niagara","1500-1999","47"
"2018","11a","Niagara","2000-2499","114"
"2018","11a","Niagara","2500-2999","367"
"2018","11a","Niagara","3000-3499","774"
"2018","11a","Niagara","3500+","766"
"2018","11a","Niagara","Unknown","4"
"2018","11a","Oneida","3000-3499","935"
"2018","11a","Oneida","Total","2,512"
"2018","11a","Oneida","Under 1000","14"
"2018","11a","Oneida","1000-1499","14"
"2018","11a","Oneida","1500-1999","33"
"2018","11a","Oneida","2000-2499","116"
"2018","11a","Oneida","2500-2999","442"
"2018","11a","Oneida","3500+","955"
"2018","11a","Oneida","Unknown","3"
"2018","11a","Onondaga","Total","5,236"
"2018","11a","Onondaga","Under 1000","39"
"2018","11a","Onondaga","1000-1499","39"
"2018","11a","Onondaga","1500-1999","84"
"2018","11a","Onondaga","Unknown","2"
"2018","11a","Onondaga","2000-2499","284"
"2018","11a","Onondaga","2500-2999","906"
"2018","11a","Onondaga","3000-3499","1,869"
"2018","11a","Onondaga","3500+","2,013"
"2018","11a","Ontario","2000-2499","42"
"2018","11a","Ontario","Unknown","2"
"2018","11a","Ontario","3500+","439"
"2018","11a","Ontario","3000-3499","311"
"2018","11a","Ontario","2500-2999","150"
"2018","11a","Ontario","1500-1999","14"
"2018","11a","Ontario","1000-1499","11"
"2018","11a","Ontario","Under 1000","8"
"2018","11a","Ontario","Total","977"
"2018","11a","Orange","Unknown","6"
"2018","11a","Orange","Total","5,072"
"2018","11a","Orange","Under 1000","25"
"2018","11a","Orange","1000-1499","29"
"2018","11a","Orange","1500-1999","73"
"2018","11a","Orange","2000-2499","206"
"2018","11a","Orange","2500-2999","884"
"2018","11a","Orange","3000-3499","1,993"
"2018","11a","Orange","3500+","1,856"
"2018","11a","Orleans","2500-2999","53"
"2018","11a","Orleans","Unknown","0"
"2018","11a","Orleans","3500+","154"
"2018","11a","Orleans","3000-3499","115"
"2018","11a","Orleans","2000-2499","14"
"2018","11a","Orleans","1500-1999","8"
"2018","11a","Orleans","1000-1499","3"
"2018","11a","Orleans","Under 1000","1"
"2018","11a","Orleans","Total","348"
"2018","11a","Oswego","Unknown","7"
"2018","11a","Oswego","Under 1000","3"
"2018","11a","Oswego","1000-1499","5"
"2018","11a","Oswego","1500-1999","20"
"2018","11a","Oswego","2000-2499","45"
"2018","11a","Oswego","2500-2999","163"
"2018","11a","Oswego","3000-3499","423"
"2018","11a","Oswego","3500+","544"
"2018","11a","Oswego","Total","1,210"
"2018","11a","Otsego","1000-1499","3"
"2018","11a","Otsego","Total","501"
"2018","11a","Otsego","Under 1000","0"
"2018","11a","Otsego","1500-1999","7"
"2018","11a","Otsego","2000-2499","21"
"2018","11a","Otsego","2500-2999","72"
"2018","11a","Otsego","3000-3499","167"
"2018","11a","Otsego","3500+","218"
"2018","11a","Otsego","Unknown","13"
"2018","11a","Putnam","Unknown","0"
"2018","11a","Putnam","Total","844"
"2018","11a","Putnam","1000-1499","11"
"2018","11a","Putnam","1500-1999","16"
"2018","11a","Putnam","2000-2499","27"
"2018","11a","Putnam","2500-2999","131"
"2018","11a","Putnam","3000-3499","347"
"2018","11a","Putnam","Under 1000","5"
"2018","11a","Putnam","3500+","307"
"2018","11a","Queens","Under 1000","171"
"2018","11a","Queens","Total","27,865"
"2018","11a","Queens","Unknown","1"
"2018","11a","Queens","3500+","8,303"
"2018","11a","Queens","3000-3499","11,376"
"2018","11a","Queens","2500-2999","5,820"
"2018","11a","Queens","2000-2499","1,542"
"2018","11a","Queens","1500-1999","468"
"2018","11a","Queens","1000-1499","184"
"2018","11a","Rensselaer","Unknown","4"
"2018","11a","Rensselaer","Total","1,587"
"2018","11a","Rensselaer","Under 1000","16"
"2018","11a","Rensselaer","1000-1499","9"
"2018","11a","Rensselaer","1500-1999","19"
"2018","11a","Rensselaer","2000-2499","67"
"2018","11a","Rensselaer","2500-2999","263"
"2018","11a","Rensselaer","3000-3499","579"
"2018","11a","Rensselaer","3500+","630"
"2018","11a","Rest of State","1000-1499","824"
"2018","11a","Rest of State","Total","117,341"
"2018","11a","Rest of State","3500+","43,477"
"2018","11a","Rest of State","3000-3499","44,241"
"2018","11a","Rest of State","Unknown","355"
"2018","11a","Rest of State","2500-2999","20,277"
"2018","11a","Rest of State","2000-2499","5,632"
"2018","11a","Rest of State","1500-1999","1,825"
"2018","11a","Rest of State","Under 1000","710"
"2018","11a","Richmond","Unknown","0"
"2018","11a","Richmond","Total","5,089"
"2018","11a","Richmond","Under 1000","27"
"2018","11a","Richmond","1000-1499","34"
"2018","11a","Richmond","1500-1999","74"
"2018","11a","Richmond","2000-2499","289"
"2018","11a","Richmond","2500-2999","1,034"
"2018","11a","Richmond","3000-3499","2,066"
"2018","11a","Richmond","3500+","1,565"
"2018","11a","Rockland","Total","5,725"
"2018","11a","Rockland","Under 1000","15"
"2018","11a","Rockland","1000-1499","32"
"2018","11a","Rockland","1500-1999","61"
"2018","11a","Rockland","2000-2499","214"
"2018","11a","Rockland","2500-2999","927"
"2018","11a","Rockland","3000-3499","2,288"
"2018","11a","Rockland","3500+","2,187"
"2018","11a","Rockland","Unknown","1"
"2018","11a","Saratoga","Total","2,025"
"2018","11a","Saratoga","Unknown","2"
"2018","11a","Saratoga","3500+","865"
"2018","11a","Saratoga","3000-3499","758"
"2018","11a","Saratoga","2500-2999","280"
"2018","11a","Saratoga","2000-2499","79"
"2018","11a","Saratoga","1500-1999","25"
"2018","11a","Saratoga","1000-1499","9"
"2018","11a","Saratoga","Under 1000","7"
"2018","11a","Schenectady","3500+","659"
"2018","11a","Schenectady","Total","1,768"
"2018","11a","Schenectady","Unknown","1"
"2018","11a","Schenectady","Under 1000","18"
"2018","11a","Schenectady","1000-1499","21"
"2018","11a","Schenectady","1500-1999","31"
"2018","11a","Schenectady","2000-2499","105"
"2018","11a","Schenectady","2500-2999","307"
"2018","11a","Schenectady","3000-3499","626"
"2018","11a","Schoharie","Under 1000","2"
"2018","11a","Schoharie","Total","285"
"2018","11a","Schoharie","1000-1499","2"
"2018","11a","Schoharie","1500-1999","1"
"2018","11a","Schoharie","2000-2499","9"
"2018","11a","Schoharie","2500-2999","55"
"2018","11a","Schoharie","3000-3499","90"
"2018","11a","Schoharie","3500+","126"
"2018","11a","Schoharie","Unknown","0"
"2018","11a","Schuyler","Unknown","0"
"2018","11a","Schuyler","Total","176"
"2018","11a","Schuyler","Under 1000","0"
"2018","11a","Schuyler","1000-1499","1"
"2018","11a","Schuyler","1500-1999","0"
"2018","11a","Schuyler","2000-2499","3"
"2018","11a","Schuyler","2500-2999","22"
"2018","11a","Schuyler","3000-3499","57"
"2018","11a","Schuyler","3500+","93"
"2018","11a","Seneca","Unknown","1"
"2018","11a","Seneca","Total","402"
"2018","11a","Seneca","Under 1000","2"
"2018","11a","Seneca","1000-1499","0"
"2018","11a","Seneca","1500-1999","9"
"2018","11a","Seneca","2000-2499","19"
"2018","11a","Seneca","2500-2999","52"
"2018","11a","Seneca","3000-3499","136"
"2018","11a","Seneca","3500+","183"
"2018","11a","Steuben","2500-2999","144"
"2018","11a","Steuben","Total","1,038"
"2018","11a","Steuben","Under 1000","5"
"2018","11a","Steuben","1000-1499","6"
"2018","11a","Steuben","1500-1999","10"
"2018","11a","Steuben","2000-2499","52"
"2018","11a","Steuben","3000-3499","364"
"2018","11a","Steuben","3500+","455"
"2018","11a","Steuben","Unknown","2"
"2018","11a","St Lawrence","Under 1000","4"
"2018","11a","St Lawrence","Total","1,096"
"2018","11a","St Lawrence","Unknown","45"
"2018","11a","St Lawrence","3500+","443"
"2018","11a","St Lawrence","3000-3499","379"
"2018","11a","St Lawrence","2500-2999","160"
"2018","11a","St Lawrence","2000-2499","41"
"2018","11a","St Lawrence","1500-1999","14"
"2018","11a","St Lawrence","1000-1499","10"
"2018","11a","Suffolk","Unknown","3"
"2018","11a","Suffolk","3500+","5,228"
"2018","11a","Suffolk","3000-3499","6,027"
"2018","11a","Suffolk","2500-2999","2,759"
"2018","11a","Suffolk","2000-2499","782"
"2018","11a","Suffolk","1500-1999","247"
"2018","11a","Suffolk","1000-1499","109"
"2018","11a","Suffolk","Under 1000","86"
"2018","11a","Suffolk","Total","15,241"
"2018","11a","Sullivan","2000-2499","43"
"2018","11a","Sullivan","3500+","295"
"2018","11a","Sullivan","3000-3499","324"
"2018","11a","Sullivan","2500-2999","175"
"2018","11a","Sullivan","Unknown","2"
"2018","11a","Sullivan","1500-1999","7"
"2018","11a","Sullivan","1000-1499","4"
"2018","11a","Sullivan","Under 1000","3"
"2018","11a","Sullivan","Total","853"
"2018","11a","Tioga","1500-1999","6"
"2018","11a","Tioga","Total","435"
"2018","11a","Tioga","Under 1000","0"
"2018","11a","Tioga","1000-1499","3"
"2018","11a","Tioga","2000-2499","21"
"2018","11a","Tioga","2500-2999","75"
"2018","11a","Tioga","3000-3499","141"
"2018","11a","Tioga","3500+","187"
"2018","11a","Tioga","Unknown","2"
"2018","11a","Tompkins","Unknown","0"
"2018","11a","Tompkins","3500+","295"
"2018","11a","Tompkins","3000-3499","270"
"2018","11a","Tompkins","2500-2999","103"
"2018","11a","Tompkins","2000-2499","35"
"2018","11a","Tompkins","1500-1999","17"
"2018","11a","Tompkins","1000-1499","4"
"2018","11a","Tompkins","Under 1000","4"
"2018","11a","Tompkins","Total","728"
"2018","11a","Ulster","Unknown","0"
"2018","11a","Ulster","3500+","616"
"2018","11a","Ulster","3000-3499","566"
"2018","11a","Ulster","2500-2999","255"
"2018","11a","Ulster","2000-2499","74"
"2018","11a","Ulster","1500-1999","24"
"2018","11a","Ulster","1000-1499","9"
"2018","11a","Ulster","Under 1000","2"
"2018","11a","Ulster","Total","1,546"
"2018","11a","Warren","1500-1999","8"
"2018","11a","Warren","3500+","241"
"2018","11a","Warren","3000-3499","183"
"2018","11a","Warren","2500-2999","75"
"2018","11a","Warren","2000-2499","26"
"2018","11a","Warren","1000-1499","5"
"2018","11a","Warren","Under 1000","6"
"2018","11a","Warren","Total","544"
"2018","11a","Warren","Unknown","0"
"2018","11a","Washington","Unknown","2"
"2018","11a","Washington","Total","551"
"2018","11a","Washington","Under 1000","7"
"2018","11a","Washington","1000-1499","5"
"2018","11a","Washington","1500-1999","7"
"2018","11a","Washington","2000-2499","35"
"2018","11a","Washington","2500-2999","91"
"2018","11a","Washington","3000-3499","181"
"2018","11a","Washington","3500+","223"
"2018","11a","Wayne","Unknown","0"
"2018","11a","Wayne","Total","990"
"2018","11a","Wayne","Under 1000","4"
"2018","11a","Wayne","1000-1499","6"
"2018","11a","Wayne","1500-1999","14"
"2018","11a","Wayne","2000-2499","35"
"2018","11a","Wayne","2500-2999","145"
"2018","11a","Wayne","3000-3499","357"
"2018","11a","Wayne","3500+","429"
"2018","11a","Westchester","1500-1999","168"
"2018","11a","Westchester","Total","10,112"
"2018","11a","Westchester","Under 1000","83"
"2018","11a","Westchester","1000-1499","63"
"2018","11a","Westchester","2000-2499","494"
"2018","11a","Westchester","2500-2999","1,782"
"2018","11a","Westchester","3000-3499","4,087"
"2018","11a","Westchester","3500+","3,427"
"2018","11a","Westchester","Unknown","8"
"2018","11a","Wyoming","Unknown","1"
"2018","11a","Wyoming","3500+","164"
"2018","11a","Wyoming","3000-3499","117"
"2018","11a","Wyoming","2500-2999","62"
"2018","11a","Wyoming","2000-2499","23"
"2018","11a","Wyoming","1500-1999","5"
"2018","11a","Wyoming","1000-1499","4"
"2018","11a","Wyoming","Under 1000","4"
"2018","11a","Wyoming","Total","380"
"2018","11a","Yates","1500-1999","1"
"2018","11a","Yates","Total","342"
"2018","11a","Yates","Under 1000","2"
"2018","11a","Yates","1000-1499","0"
"2018","11a","Yates","2000-2499","10"
"2018","11a","Yates","2500-2999","42"
"2018","11a","Yates","3000-3499","108"
"2018","11a","Yates","3500+","176"
"2018","11a","Yates","Unknown","3"
"2017","11a","Albany","Unknown","1"
"2017","11a","Albany","Under 1000","28"
"2017","11a","Albany","1000-1499","30"
"2017","11a","Albany","1500-1999","45"
"2017","11a","Albany","Total","3,177"
"2017","11a","Albany","2000-2499","165"
"2017","11a","Albany","2500-2999","524"
"2017","11a","Albany","3000-3499","1,226"
"2017","11a","Albany","3500+","1,158"
"2017","11a","Allegany","Total","486"
"2017","11a","Allegany","Unknown","11"
"2017","11a","Allegany","3500+","155"
"2017","11a","Allegany","3000-3499","190"
"2017","11a","Allegany","2500-2999","90"
"2017","11a","Allegany","2000-2499","25"
"2017","11a","Allegany","1500-1999","6"
"2017","11a","Allegany","1000-1499","3"
"2017","11a","Allegany","Under 1000","6"
"2017","11a","Bronx","Total","20,246"
"2017","11a","Bronx","Under 1000","181"
"2017","11a","Bronx","1000-1499","217"
"2017","11a","Bronx","1500-1999","395"
"2017","11a","Bronx","Unknown","0"
"2017","11a","Bronx","2000-2499","1,201"
"2017","11a","Bronx","2500-2999","4,275"
"2017","11a","Bronx","3000-3499","8,064"
"2017","11a","Bronx","3500+","5,913"
"2017","11a","Broome","Total","1,976"
"2017","11a","Broome","Under 1000","15"
"2017","11a","Broome","1000-1499","15"
"2017","11a","Broome","1500-1999","41"
"2017","11a","Broome","2000-2499","99"
"2017","11a","Broome","2500-2999","332"
"2017","11a","Broome","3000-3499","715"
"2017","11a","Broome","3500+","755"
"2017","11a","Broome","Unknown","4"
"2017","11a","Cattaraugus","Total","817"
"2017","11a","Cattaraugus","Unknown","76"
"2017","11a","Cattaraugus","3500+","272"
"2017","11a","Cattaraugus","3000-3499","282"
"2017","11a","Cattaraugus","2500-2999","131"
"2017","11a","Cattaraugus","2000-2499","34"
"2017","11a","Cattaraugus","1500-1999","12"
"2017","11a","Cattaraugus","1000-1499","6"
"2017","11a","Cattaraugus","Under 1000","4"
"2017","11a","Cayuga","Total","781"
"2017","11a","Cayuga","Unknown","2"
"2017","11a","Cayuga","3500+","341"
"2017","11a","Cayuga","3000-3499","266"
"2017","11a","Cayuga","2500-2999","118"
"2017","11a","Cayuga","2000-2499","27"
"2017","11a","Cayuga","1500-1999","15"
"2017","11a","Cayuga","1000-1499","6"
"2017","11a","Cayuga","Under 1000","6"
"2017","11a","Chautauqua","Under 1000","5"
"2017","11a","Chautauqua","Unknown","34"
"2017","11a","Chautauqua","3500+","508"
"2017","11a","Chautauqua","3000-3499","503"
"2017","11a","Chautauqua","2500-2999","220"
"2017","11a","Chautauqua","2000-2499","49"
"2017","11a","Chautauqua","1500-1999","17"
"2017","11a","Chautauqua","1000-1499","13"
"2017","11a","Chautauqua","Total","1,349"
"2017","11a","Chemung","2500-2999","159"
"2017","11a","Chemung","Unknown","0"
"2017","11a","Chemung","3500+","369"
"2017","11a","Chemung","3000-3499","306"
"2017","11a","Chemung","Total","898"
"2017","11a","Chemung","2000-2499","34"
"2017","11a","Chemung","1500-1999","17"
"2017","11a","Chemung","1000-1499","4"
"2017","11a","Chemung","Under 1000","9"
"2017","11a","Chenango","Total","489"
"2017","11a","Chenango","Under 1000","1"
"2017","11a","Chenango","1000-1499","1"
"2017","11a","Chenango","1500-1999","3"
"2017","11a","Chenango","2000-2499","18"
"2017","11a","Chenango","2500-2999","67"
"2017","11a","Chenango","3000-3499","180"
"2017","11a","Chenango","3500+","213"
"2017","11a","Chenango","Unknown","6"
"2017","11a","Clinton","Total","711"
"2017","11a","Clinton","Under 1000","1"
"2017","11a","Clinton","1000-1499","1"
"2017","11a","Clinton","1500-1999","5"
"2017","11a","Clinton","2000-2499","28"
"2017","11a","Clinton","2500-2999","101"
"2017","11a","Clinton","3000-3499","270"
"2017","11a","Clinton","3500+","305"
"2017","11a","Clinton","Unknown","0"
"2017","11a","Columbia","Total","507"
"2017","11a","Columbia","Under 1000","5"
"2017","11a","Columbia","1000-1499","3"
"2017","11a","Columbia","1500-1999","8"
"2017","11a","Columbia","2000-2499","17"
"2017","11a","Columbia","2500-2999","76"
"2017","11a","Columbia","3000-3499","176"
"2017","11a","Columbia","3500+","213"
"2017","11a","Columbia","Unknown","9"
"2017","11a","Cortland","1500-1999","9"
"2017","11a","Cortland","Total","480"
"2017","11a","Cortland","Under 1000","1"
"2017","11a","Cortland","1000-1499","4"
"2017","11a","Cortland","2000-2499","20"
"2017","11a","Cortland","2500-2999","60"
"2017","11a","Cortland","3000-3499","178"
"2017","11a","Cortland","3500+","198"
"2017","11a","Cortland","Unknown","10"
"2017","11a","Delaware","Unknown","0"
"2017","11a","Delaware","3500+","147"
"2017","11a","Delaware","3000-3499","125"
"2017","11a","Delaware","2500-2999","67"
"2017","11a","Delaware","2000-2499","13"
"2017","11a","Delaware","1500-1999","4"
"2017","11a","Delaware","1000-1499","2"
"2017","11a","Delaware","Under 1000","1"
"2017","11a","Delaware","Total","359"
"2017","11a","Dutchess","Unknown","2"
"2017","11a","Dutchess","3500+","959"
"2017","11a","Dutchess","3000-3499","1,012"
"2017","11a","Dutchess","2500-2999","412"
"2017","11a","Dutchess","2000-2499","124"
"2017","11a","Dutchess","Total","2,596"
"2017","11a","Dutchess","1500-1999","56"
"2017","11a","Dutchess","1000-1499","18"
"2017","11a","Dutchess","Under 1000","13"
"2017","11a","Erie","Total","9,849"
"2017","11a","Erie","Under 1000","76"
"2017","11a","Erie","1000-1499","76"
"2017","11a","Erie","1500-1999","193"
"2017","11a","Erie","2000-2499","548"
"2017","11a","Erie","2500-2999","1,761"
"2017","11a","Erie","3000-3499","3,604"
"2017","11a","Erie","3500+","3,546"
"2017","11a","Erie","Unknown","45"
"2017","11a","Essex","Total","283"
"2017","11a","Essex","Unknown","0"
"2017","11a","Essex","3500+","104"
"2017","11a","Essex","3000-3499","103"
"2017","11a","Essex","2500-2999","50"
"2017","11a","Essex","2000-2499","16"
"2017","11a","Essex","1500-1999","7"
"2017","11a","Essex","1000-1499","2"
"2017","11a","Essex","Under 1000","1"
"2017","11a","Franklin","Unknown","5"
"2017","11a","Franklin","3500+","181"
"2017","11a","Franklin","3000-3499","157"
"2017","11a","Franklin","2500-2999","79"
"2017","11a","Franklin","2000-2499","11"
"2017","11a","Franklin","1500-1999","4"
"2017","11a","Franklin","1000-1499","2"
"2017","11a","Franklin","Under 1000","1"
"2017","11a","Franklin","Total","440"
"2017","11a","Fulton","Unknown","0"
"2017","11a","Fulton","Total","538"
"2017","11a","Fulton","Under 1000","0"
"2017","11a","Fulton","1000-1499","2"
"2017","11a","Fulton","1500-1999","9"
"2017","11a","Fulton","2000-2499","25"
"2017","11a","Fulton","2500-2999","80"
"2017","11a","Fulton","3000-3499","191"
"2017","11a","Fulton","3500+","231"
"2017","11a","Genesee","Unknown","1"
"2017","11a","Genesee","Under 1000","2"
"2017","11a","Genesee","1000-1499","2"
"2017","11a","Genesee","1500-1999","7"
"2017","11a","Genesee","Total","551"
"2017","11a","Genesee","2000-2499","26"
"2017","11a","Genesee","2500-2999","95"
"2017","11a","Genesee","3000-3499","185"
"2017","11a","Genesee","3500+","233"
"2017","11a","Greene","Total","386"
"2017","11a","Greene","Under 1000","0"
"2017","11a","Greene","1000-1499","4"
"2017","11a","Greene","1500-1999","5"
"2017","11a","Greene","2000-2499","21"
"2017","11a","Greene","2500-2999","75"
"2017","11a","Greene","3000-3499","122"
"2017","11a","Greene","3500+","159"
"2017","11a","Greene","Unknown","0"
"2017","11a","Hamilton","Under 1000","0"
"2017","11a","Hamilton","Unknown","0"
"2017","11a","Hamilton","Total","27"
"2017","11a","Hamilton","3500+","10"
"2017","11a","Hamilton","3000-3499","13"
"2017","11a","Hamilton","2500-2999","3"
"2017","11a","Hamilton","2000-2499","0"
"2017","11a","Hamilton","1500-1999","1"
"2017","11a","Hamilton","1000-1499","0"
"2017","11a","Herkimer","Unknown","3"
"2017","11a","Herkimer","Total","588"
"2017","11a","Herkimer","Under 1000","1"
"2017","11a","Herkimer","1000-1499","4"
"2017","11a","Herkimer","1500-1999","8"
"2017","11a","Herkimer","2000-2499","30"
"2017","11a","Herkimer","2500-2999","81"
"2017","11a","Herkimer","3000-3499","192"
"2017","11a","Herkimer","3500+","269"
"2017","11a","Jefferson","Total","2,005"
"2017","11a","Jefferson","Under 1000","17"
"2017","11a","Jefferson","1000-1499","14"
"2017","11a","Jefferson","1500-1999","28"
"2017","11a","Jefferson","2000-2499","72"
"2017","11a","Jefferson","2500-2999","307"
"2017","11a","Jefferson","3000-3499","774"
"2017","11a","Jefferson","3500+","785"
"2017","11a","Jefferson","Unknown","8"
"2017","11a","Kings","Total","39,068"
"2017","11a","Kings","Under 1000","220"
"2017","11a","Kings","1000-1499","289"
"2017","11a","Kings","1500-1999","595"
"2017","11a","Kings","2000-2499","1,892"
"2017","11a","Kings","2500-2999","7,930"
"2017","11a","Kings","3000-3499","15,891"
"2017","11a","Kings","3500+","12,247"
"2017","11a","Kings","Unknown","4"
"2017","11a","Lewis","Under 1000","1"
"2017","11a","Lewis","Unknown","1"
"2017","11a","Lewis","3500+","127"
"2017","11a","Lewis","3000-3499","133"
"2017","11a","Lewis","2500-2999","50"
"2017","11a","Lewis","2000-2499","14"
"2017","11a","Lewis","1500-1999","7"
"2017","11a","Lewis","1000-1499","2"
"2017","11a","Lewis","Total","335"
"2017","11a","Livingston","2000-2499","17"
"2017","11a","Livingston","Total","502"
"2017","11a","Livingston","Under 1000","1"
"2017","11a","Livingston","1000-1499","4"
"2017","11a","Livingston","1500-1999","7"
"2017","11a","Livingston","2500-2999","79"
"2017","11a","Livingston","3000-3499","179"
"2017","11a","Livingston","3500+","215"
"2017","11a","Livingston","Unknown","0"
"2017","11a","Madison","Unknown","17"
"2017","11a","Madison","Total","672"
"2017","11a","Madison","Under 1000","3"
"2017","11a","Madison","1000-1499","10"
"2017","11a","Madison","1500-1999","10"
"2017","11a","Madison","2000-2499","27"
"2017","11a","Madison","2500-2999","78"
"2017","11a","Madison","3000-3499","246"
"2017","11a","Madison","3500+","281"
"2017","11a","Monroe","Total","7,884"
"2017","11a","Monroe","Under 1000","66"
"2017","11a","Monroe","1000-1499","69"
"2017","11a","Monroe","1500-1999","159"
"2017","11a","Monroe","2000-2499","437"
"2017","11a","Monroe","2500-2999","1,417"
"2017","11a","Monroe","3000-3499","2,873"
"2017","11a","Monroe","3500+","2,859"
"2017","11a","Monroe","Unknown","4"
"2017","11a","Montgomery","Unknown","24"
"2017","11a","Montgomery","3500+","260"
"2017","11a","Montgomery","3000-3499","204"
"2017","11a","Montgomery","2500-2999","86"
"2017","11a","Montgomery","2000-2499","25"
"2017","11a","Montgomery","1500-1999","10"
"2017","11a","Montgomery","1000-1499","4"
"2017","11a","Montgomery","Under 1000","2"
"2017","11a","Montgomery","Total","615"
"2017","11a","Nassau","Unknown","3"
"2017","11a","Nassau","Under 1000","82"
"2017","11a","Nassau","1000-1499","104"
"2017","11a","Nassau","1500-1999","242"
"2017","11a","Nassau","2000-2499","680"
"2017","11a","Nassau","2500-2999","2,677"
"2017","11a","Nassau","3000-3499","5,660"
"2017","11a","Nassau","3500+","4,736"
"2017","11a","Nassau","Total","14,184"
"2017","11a","New York","1500-1999","288"
"2017","11a","New York","Unknown","2"
"2017","11a","New York","3500+","5,250"
"2017","11a","New York","3000-3499","7,015"
"2017","11a","New York","2500-2999","3,456"
"2017","11a","New York","2000-2499","937"
"2017","11a","New York","1000-1499","107"
"2017","11a","New York","Under 1000","87"
"2017","11a","New York","Total","17,142"
"2017","11a","New York City","Under 1000","736"
"2017","11a","New York City","1000-1499","891"
"2017","11a","New York City","1500-1999","1,802"
"2017","11a","New York City","2000-2499","5,916"
"2017","11a","New York City","2500-2999","22,773"
"2017","11a","New York City","3000-3499","44,801"
"2017","11a","New York City","3500+","33,757"
"2017","11a","New York City","Unknown","6"
"2017","11a","New York City","Total","110,682"
"2017","11a","New York State","Total","228,501"
"2017","11a","New York State","Under 1000","1,480"
"2017","11a","New York State","1000-1499","1,718"
"2017","11a","New York State","1500-1999","3,643"
"2017","11a","New York State","2000-2499","11,582"
"2017","11a","New York State","2500-2999","43,103"
"2017","11a","New York State","3000-3499","89,124"
"2017","11a","New York State","3500+","77,460"
"2017","11a","New York State","Unknown","391"
"2017","11a","Niagara","Under 1000","5"
"2017","11a","Niagara","Total","2,116"
"2017","11a","Niagara","1000-1499","18"
"2017","11a","Niagara","1500-1999","44"
"2017","11a","Niagara","2000-2499","123"
"2017","11a","Niagara","2500-2999","367"
"2017","11a","Niagara","3000-3499","756"
"2017","11a","Niagara","3500+","798"
"2017","11a","Niagara","Unknown","5"
"2017","11a","Oneida","Under 1000","22"
"2017","11a","Oneida","Total","2,566"
"2017","11a","Oneida","1000-1499","19"
"2017","11a","Oneida","1500-1999","35"
"2017","11a","Oneida","2000-2499","121"
"2017","11a","Oneida","2500-2999","441"
"2017","11a","Oneida","3000-3499","932"
"2017","11a","Oneida","3500+","994"
"2017","11a","Oneida","Unknown","2"
"2017","11a","Onondaga","Unknown","0"
"2017","11a","Onondaga","Total","5,061"
"2017","11a","Onondaga","Under 1000","45"
"2017","11a","Onondaga","1000-1499","35"
"2017","11a","Onondaga","1500-1999","71"
"2017","11a","Onondaga","2000-2499","251"
"2017","11a","Onondaga","2500-2999","877"
"2017","11a","Onondaga","3000-3499","1,782"
"2017","11a","Onondaga","3500+","2,000"
"2017","11a","Ontario","Total","976"
"2017","11a","Ontario","Under 1000","8"
"2017","11a","Ontario","1000-1499","5"
"2017","11a","Ontario","1500-1999","19"
"2017","11a","Ontario","2000-2499","33"
"2017","11a","Ontario","2500-2999","155"
"2017","11a","Ontario","3000-3499","347"
"2017","11a","Ontario","3500+","409"
"2017","11a","Ontario","Unknown","0"
"2017","11a","Orange","Total","5,085"
"2017","11a","Orange","Under 1000","31"
"2017","11a","Orange","1000-1499","22"
"2017","11a","Orange","1500-1999","67"
"2017","11a","Orange","2000-2499","195"
"2017","11a","Orange","2500-2999","842"
"2017","11a","Orange","3000-3499","2,019"
"2017","11a","Orange","3500+","1,905"
"2017","11a","Orange","Unknown","4"
"2017","11a","Orleans","Total","411"
"2017","11a","Orleans","Unknown","0"
"2017","11a","Orleans","3500+","199"
"2017","11a","Orleans","3000-3499","123"
"2017","11a","Orleans","2500-2999","59"
"2017","11a","Orleans","2000-2499","20"
"2017","11a","Orleans","1500-1999","3"
"2017","11a","Orleans","1000-1499","3"
"2017","11a","Orleans","Under 1000","4"
"2017","11a","Oswego","Unknown","12"
"2017","11a","Oswego","3500+","496"
"2017","11a","Oswego","3000-3499","428"
"2017","11a","Oswego","2500-2999","210"
"2017","11a","Oswego","2000-2499","62"
"2017","11a","Oswego","1500-1999","16"
"2017","11a","Oswego","1000-1499","9"
"2017","11a","Oswego","Under 1000","14"
"2017","11a","Oswego","Total","1,247"
"2017","11a","Otsego","Total","487"
"2017","11a","Otsego","Unknown","14"
"2017","11a","Otsego","3500+","193"
"2017","11a","Otsego","3000-3499","161"
"2017","11a","Otsego","2500-2999","83"
"2017","11a","Otsego","2000-2499","21"
"2017","11a","Otsego","1500-1999","10"
"2017","11a","Otsego","1000-1499","3"
"2017","11a","Otsego","Under 1000","2"
"2017","11a","Putnam","Under 1000","6"
"2017","11a","Putnam","Unknown","2"
"2017","11a","Putnam","3500+","320"
"2017","11a","Putnam","3000-3499","292"
"2017","11a","Putnam","2500-2999","131"
"2017","11a","Putnam","2000-2499","35"
"2017","11a","Putnam","1000-1499","4"
"2017","11a","Putnam","Total","798"
"2017","11a","Putnam","1500-1999","8"
"2017","11a","Queens","Total","28,872"
"2017","11a","Queens","Unknown","0"
"2017","11a","Queens","3500+","8,642"
"2017","11a","Queens","3000-3499","11,682"
"2017","11a","Queens","2500-2999","6,070"
"2017","11a","Queens","2000-2499","1,593"
"2017","11a","Queens","1500-1999","439"
"2017","11a","Queens","1000-1499","243"
"2017","11a","Queens","Under 1000","203"
"2017","11a","Rensselaer","Total","1,562"
"2017","11a","Rensselaer","Under 1000","12"
"2017","11a","Rensselaer","1000-1499","21"
"2017","11a","Rensselaer","1500-1999","25"
"2017","11a","Rensselaer","2000-2499","88"
"2017","11a","Rensselaer","2500-2999","241"
"2017","11a","Rensselaer","3000-3499","530"
"2017","11a","Rensselaer","3500+","645"
"2017","11a","Rensselaer","Unknown","0"
"2017","11a","Rest of State","Total","117,819"
"2017","11a","Rest of State","Under 1000","744"
"2017","11a","Rest of State","1000-1499","827"
"2017","11a","Rest of State","1500-1999","1,841"
"2017","11a","Rest of State","2000-2499","5,666"
"2017","11a","Rest of State","2500-2999","20,330"
"2017","11a","Rest of State","3000-3499","44,323"
"2017","11a","Rest of State","3500+","43,703"
"2017","11a","Rest of State","Unknown","385"
"2017","11a","Richmond","Unknown","0"
"2017","11a","Richmond","Total","5,354"
"2017","11a","Richmond","Under 1000","45"
"2017","11a","Richmond","1000-1499","35"
"2017","11a","Richmond","1500-1999","85"
"2017","11a","Richmond","2000-2499","293"
"2017","11a","Richmond","2500-2999","1,042"
"2017","11a","Richmond","3000-3499","2,149"
"2017","11a","Richmond","3500+","1,705"
"2017","11a","Rockland","Under 1000","20"
"2017","11a","Rockland","1000-1499","29"
"2017","11a","Rockland","1500-1999","60"
"2017","11a","Rockland","2000-2499","224"
"2017","11a","Rockland","2500-2999","930"
"2017","11a","Rockland","3000-3499","2,156"
"2017","11a","Rockland","3500+","2,050"
"2017","11a","Rockland","Unknown","5"
"2017","11a","Rockland","Total","5,474"
"2017","11a","Saratoga","Total","2,145"
"2017","11a","Saratoga","Unknown","1"
"2017","11a","Saratoga","3500+","911"
"2017","11a","Saratoga","3000-3499","772"
"2017","11a","Saratoga","2500-2999","311"
"2017","11a","Saratoga","2000-2499","95"
"2017","11a","Saratoga","1500-1999","31"
"2017","11a","Saratoga","1000-1499","15"
"2017","11a","Saratoga","Under 1000","9"
"2017","11a","Schenectady","Under 1000","10"
"2017","11a","Schenectady","1000-1499","15"
"2017","11a","Schenectady","Total","1,725"
"2017","11a","Schenectady","1500-1999","33"
"2017","11a","Schenectady","2000-2499","89"
"2017","11a","Schenectady","2500-2999","309"
"2017","11a","Schenectady","3000-3499","655"
"2017","11a","Schenectady","3500+","614"
"2017","11a","Schenectady","Unknown","0"
"2017","11a","Schoharie","1000-1499","1"
"2017","11a","Schoharie","Total","245"
"2017","11a","Schoharie","Under 1000","0"
"2017","11a","Schoharie","1500-1999","2"
"2017","11a","Schoharie","2000-2499","5"
"2017","11a","Schoharie","2500-2999","45"
"2017","11a","Schoharie","3000-3499","79"
"2017","11a","Schoharie","3500+","113"
"2017","11a","Schoharie","Unknown","0"
"2017","11a","Schuyler","Unknown","1"
"2017","11a","Schuyler","Total","162"
"2017","11a","Schuyler","Under 1000","3"
"2017","11a","Schuyler","1000-1499","2"
"2017","11a","Schuyler","1500-1999","2"
"2017","11a","Schuyler","2000-2499","5"
"2017","11a","Schuyler","2500-2999","17"
"2017","11a","Schuyler","3000-3499","57"
"2017","11a","Schuyler","3500+","75"
"2017","11a","Seneca","Total","340"
"2017","11a","Seneca","Under 1000","3"
"2017","11a","Seneca","1000-1499","0"
"2017","11a","Seneca","1500-1999","2"
"2017","11a","Seneca","2000-2499","7"
"2017","11a","Seneca","2500-2999","46"
"2017","11a","Seneca","3000-3499","123"
"2017","11a","Seneca","3500+","159"
"2017","11a","Seneca","Unknown","0"
"2017","11a","Steuben","Total","997"
"2017","11a","Steuben","Under 1000","5"
"2017","11a","Steuben","1000-1499","6"
"2017","11a","Steuben","1500-1999","12"
"2017","11a","Steuben","2000-2499","41"
"2017","11a","Steuben","2500-2999","151"
"2017","11a","Steuben","3000-3499","380"
"2017","11a","Steuben","3500+","402"
"2017","11a","Steuben","Unknown","0"
"2017","11a","St Lawrence","Under 1000","12"
"2017","11a","St Lawrence","Total","1,027"
"2017","11a","St Lawrence","Unknown","48"
"2017","11a","St Lawrence","3500+","395"
"2017","11a","St Lawrence","3000-3499","343"
"2017","11a","St Lawrence","2500-2999","174"
"2017","11a","St Lawrence","2000-2499","42"
"2017","11a","St Lawrence","1500-1999","10"
"2017","11a","St Lawrence","1000-1499","3"
"2017","11a","Suffolk","Unknown","4"
"2017","11a","Suffolk","3500+","5,349"
"2017","11a","Suffolk","3000-3499","6,032"
"2017","11a","Suffolk","2500-2999","2,749"
"2017","11a","Suffolk","2000-2499","785"
"2017","11a","Suffolk","1500-1999","203"
"2017","11a","Suffolk","1000-1499","109"
"2017","11a","Suffolk","Under 1000","103"
"2017","11a","Suffolk","Total","15,334"
"2017","11a","Sullivan","2000-2499","43"
"2017","11a","Sullivan","3500+","283"
"2017","11a","Sullivan","3000-3499","305"
"2017","11a","Sullivan","2500-2999","151"
"2017","11a","Sullivan","Unknown","0"
"2017","11a","Sullivan","1500-1999","7"
"2017","11a","Sullivan","1000-1499","4"
"2017","11a","Sullivan","Under 1000","4"
"2017","11a","Sullivan","Total","797"
"2017","11a","Tioga","Total","431"
"2017","11a","Tioga","Under 1000","0"
"2017","11a","Tioga","1000-1499","4"
"2017","11a","Tioga","1500-1999","11"
"2017","11a","Tioga","2000-2499","16"
"2017","11a","Tioga","2500-2999","70"
"2017","11a","Tioga","3000-3499","151"
"2017","11a","Tioga","3500+","179"
"2017","11a","Tioga","Unknown","0"
"2017","11a","Tompkins","Total","767"
"2017","11a","Tompkins","Unknown","2"
"2017","11a","Tompkins","3500+","313"
"2017","11a","Tompkins","3000-3499","287"
"2017","11a","Tompkins","2500-2999","116"
"2017","11a","Tompkins","2000-2499","34"
"2017","11a","Tompkins","1500-1999","10"
"2017","11a","Tompkins","1000-1499","1"
"2017","11a","Tompkins","Under 1000","4"
"2017","11a","Ulster","Total","1,468"
"2017","11a","Ulster","Unknown","1"
"2017","11a","Ulster","3500+","588"
"2017","11a","Ulster","3000-3499","516"
"2017","11a","Ulster","2500-2999","255"
"2017","11a","Ulster","2000-2499","79"
"2017","11a","Ulster","1500-1999","18"
"2017","11a","Ulster","1000-1499","4"
"2017","11a","Ulster","Under 1000","7"
"2017","11a","Warren","Under 1000","2"
"2017","11a","Warren","Unknown","0"
"2017","11a","Warren","3500+","227"
"2017","11a","Warren","3000-3499","173"
"2017","11a","Warren","2500-2999","82"
"2017","11a","Warren","2000-2499","36"
"2017","11a","Warren","1500-1999","13"
"2017","11a","Warren","1000-1499","9"
"2017","11a","Warren","Total","542"
"2017","11a","Washington","Unknown","2"
"2017","11a","Washington","Under 1000","3"
"2017","11a","Washington","1000-1499","5"
"2017","11a","Washington","1500-1999","4"
"2017","11a","Washington","2000-2499","19"
"2017","11a","Washington","2500-2999","76"
"2017","11a","Washington","3000-3499","194"
"2017","11a","Washington","3500+","223"
"2017","11a","Washington","Total","526"
"2017","11a","Wayne","Total","949"
"2017","11a","Wayne","Under 1000","8"
"2017","11a","Wayne","1000-1499","8"
"2017","11a","Wayne","1500-1999","16"
"2017","11a","Wayne","2000-2499","39"
"2017","11a","Wayne","2500-2999","131"
"2017","11a","Wayne","3000-3499","332"
"2017","11a","Wayne","3500+","415"
"2017","11a","Wayne","Unknown","0"
"2017","11a","Westchester","Total","10,429"
"2017","11a","Westchester","Under 1000","52"
"2017","11a","Westchester","1000-1499","66"
"2017","11a","Westchester","1500-1999","168"
"2017","11a","Westchester","2000-2499","534"
"2017","11a","Westchester","2500-2999","1,942"
"2017","11a","Westchester","3000-3499","4,104"
"2017","11a","Westchester","3500+","3,555"
"2017","11a","Westchester","Unknown","8"
"2017","11a","Wyoming","Total","347"
"2017","11a","Wyoming","Under 1000","2"
"2017","11a","Wyoming","1000-1499","2"
"2017","11a","Wyoming","1500-1999","3"
"2017","11a","Wyoming","2000-2499","12"
"2017","11a","Wyoming","2500-2999","51"
"2017","11a","Wyoming","3000-3499","125"
"2017","11a","Wyoming","3500+","149"
"2017","11a","Wyoming","Unknown","3"
"2017","11a","Yates","Total","320"
"2017","11a","Yates","Under 1000","0"
"2017","11a","Yates","1000-1499","0"
"2017","11a","Yates","1500-1999","3"
"2017","11a","Yates","2000-2499","10"
"2017","11a","Yates","2500-2999","43"
"2017","11a","Yates","3000-3499","104"
"2017","11a","Yates","3500+","155"
"2017","11a","Yates","Unknown","5"
"2016","11a","Albany","Under 1000","19"
"2016","11a","Albany","2000-2499","171"
"2016","11a","Albany","1000-1499","27"
"2016","11a","Albany","Unknown","4"
"2016","11a","Albany","2500-2999","494"
"2016","11a","Albany","Total","3,132"
"2016","11a","Albany","3500+","1,242"
"2016","11a","Albany","3000-3499","1,119"
"2016","11a","Albany","1500-1999","56"
"2016","11a","Allegany","Unknown","6"
"2016","11a","Allegany","2500-2999","87"
"2016","11a","Allegany","2000-2499","20"
"2016","11a","Allegany","1500-1999","6"
"2016","11a","Allegany","3000-3499","203"
"2016","11a","Allegany","Total","500"
"2016","11a","Allegany","3500+","174"
"2016","11a","Allegany","Under 1000","2"
"2016","11a","Allegany","1000-1499","2"
"2016","11a","Bronx","Total","20,831"
"2016","11a","Bronx","1000-1499","205"
"2016","11a","Bronx","2000-2499","1,208"
"2016","11a","Bronx","Under 1000","174"
"2016","11a","Bronx","2500-2999","4,450"
"2016","11a","Bronx","3500+","6,131"
"2016","11a","Bronx","1500-1999","366"
"2016","11a","Bronx","3000-3499","8,297"
"2016","11a","Bronx","Unknown","0"
"2016","11a","Broome","1500-1999","30"
"2016","11a","Broome","1000-1499","15"
"2016","11a","Broome","Total","1,983"
"2016","11a","Broome","2500-2999","321"
"2016","11a","Broome","3500+","766"
"2016","11a","Broome","3000-3499","747"
"2016","11a","Broome","Unknown","1"
"2016","11a","Broome","Under 1000","9"
"2016","11a","Broome","2000-2499","94"
"2016","11a","Cattaraugus","Total","851"
"2016","11a","Cattaraugus","3000-3499","312"
"2016","11a","Cattaraugus","3500+","277"
"2016","11a","Cattaraugus","2000-2499","29"
"2016","11a","Cattaraugus","1500-1999","9"
"2016","11a","Cattaraugus","1000-1499","2"
"2016","11a","Cattaraugus","Unknown","84"
"2016","11a","Cattaraugus","2500-2999","132"
"2016","11a","Cattaraugus","Under 1000","6"
"2016","11a","Cayuga","1500-1999","14"
"2016","11a","Cayuga","3500+","362"
"2016","11a","Cayuga","1000-1499","3"
"2016","11a","Cayuga","Unknown","0"
"2016","11a","Cayuga","Under 1000","4"
"2016","11a","Cayuga","Total","779"
"2016","11a","Cayuga","2500-2999","108"
"2016","11a","Cayuga","2000-2499","25"
"2016","11a","Cayuga","3000-3499","263"
"2016","11a","Chautauqua","3500+","493"
"2016","11a","Chautauqua","2500-2999","239"
"2016","11a","Chautauqua","2000-2499","61"
"2016","11a","Chautauqua","Under 1000","8"
"2016","11a","Chautauqua","Unknown","35"
"2016","11a","Chautauqua","3000-3499","460"
"2016","11a","Chautauqua","1000-1499","10"
"2016","11a","Chautauqua","1500-1999","19"
"2016","11a","Chautauqua","Total","1,325"
"2016","11a","Chemung","2000-2499","31"
"2016","11a","Chemung","1000-1499","5"
"2016","11a","Chemung","3000-3499","369"
"2016","11a","Chemung","Unknown","0"
"2016","11a","Chemung","1500-1999","14"
"2016","11a","Chemung","Under 1000","7"
"2016","11a","Chemung","3500+","363"
"2016","11a","Chemung","Total","934"
"2016","11a","Chemung","2500-2999","145"
"2016","11a","Chenango","Unknown","4"
"2016","11a","Chenango","2000-2499","24"
"2016","11a","Chenango","2500-2999","80"
"2016","11a","Chenango","1500-1999","10"
"2016","11a","Chenango","Under 1000","1"
"2016","11a","Chenango","Total","523"
"2016","11a","Chenango","1000-1499","2"
"2016","11a","Chenango","3500+","213"
"2016","11a","Chenango","3000-3499","189"
"2016","11a","Clinton","1500-1999","4"
"2016","11a","Clinton","2500-2999","126"
"2016","11a","Clinton","3000-3499","262"
"2016","11a","Clinton","1000-1499","4"
"2016","11a","Clinton","2000-2499","23"
"2016","11a","Clinton","Total","743"
"2016","11a","Clinton","Unknown","1"
"2016","11a","Clinton","3500+","319"
"2016","11a","Clinton","Under 1000","4"
"2016","11a","Columbia","2000-2499","14"
"2016","11a","Columbia","1500-1999","2"
"2016","11a","Columbia","1000-1499","4"
"2016","11a","Columbia","3000-3499","184"
"2016","11a","Columbia","Under 1000","0"
"2016","11a","Columbia","3500+","233"
"2016","11a","Columbia","Total","510"
"2016","11a","Columbia","Unknown","1"
"2016","11a","Columbia","2500-2999","72"
"2016","11a","Cortland","Unknown","12"
"2016","11a","Cortland","Under 1000","1"
"2016","11a","Cortland","2000-2499","30"
"2016","11a","Cortland","1000-1499","5"
"2016","11a","Cortland","Total","507"
"2016","11a","Cortland","1500-1999","9"
"2016","11a","Cortland","3500+","181"
"2016","11a","Cortland","3000-3499","190"
"2016","11a","Cortland","2500-2999","79"
"2016","11a","Delaware","2000-2499","17"
"2016","11a","Delaware","1500-1999","1"
"2016","11a","Delaware","3000-3499","128"
"2016","11a","Delaware","Under 1000","0"
"2016","11a","Delaware","1000-1499","0"
"2016","11a","Delaware","3500+","139"
"2016","11a","Delaware","2500-2999","56"
"2016","11a","Delaware","Unknown","1"
"2016","11a","Delaware","Total","342"
"2016","11a","Dutchess","3000-3499","921"
"2016","11a","Dutchess","1000-1499","18"
"2016","11a","Dutchess","3500+","994"
"2016","11a","Dutchess","Under 1000","23"
"2016","11a","Dutchess","2500-2999","404"
"2016","11a","Dutchess","2000-2499","103"
"2016","11a","Dutchess","1500-1999","37"
"2016","11a","Dutchess","Unknown","2"
"2016","11a","Dutchess","Total","2,502"
"2016","11a","Erie","3000-3499","3,660"
"2016","11a","Erie","Unknown","17"
"2016","11a","Erie","1500-1999","194"
"2016","11a","Erie","2500-2999","1,749"
"2016","11a","Erie","Total","9,885"
"2016","11a","Erie","1000-1499","88"
"2016","11a","Erie","2000-2499","513"
"2016","11a","Erie","Under 1000","86"
"2016","11a","Erie","3500+","3,578"
"2016","11a","Essex","1500-1999","3"
"2016","11a","Essex","2500-2999","39"
"2016","11a","Essex","3000-3499","103"
"2016","11a","Essex","3500+","105"
"2016","11a","Essex","Unknown","0"
"2016","11a","Essex","1000-1499","1"
"2016","11a","Essex","2000-2499","11"
"2016","11a","Essex","Under 1000","3"
"2016","11a","Essex","Total","265"
"2016","11a","Franklin","3500+","186"
"2016","11a","Franklin","1500-1999","6"
"2016","11a","Franklin","2000-2499","14"
"2016","11a","Franklin","2500-2999","82"
"2016","11a","Franklin","1000-1499","0"
"2016","11a","Franklin","Total","475"
"2016","11a","Franklin","Under 1000","4"
"2016","11a","Franklin","Unknown","4"
"2016","11a","Franklin","3000-3499","179"
"2016","11a","Fulton","3000-3499","159"
"2016","11a","Fulton","Unknown","1"
"2016","11a","Fulton","3500+","210"
"2016","11a","Fulton","Total","507"
"2016","11a","Fulton","1500-1999","12"
"2016","11a","Fulton","1000-1499","7"
"2016","11a","Fulton","Under 1000","4"
"2016","11a","Fulton","2500-2999","93"
"2016","11a","Fulton","2000-2499","21"
"2016","11a","Genesee","2000-2499","20"
"2016","11a","Genesee","3000-3499","199"
"2016","11a","Genesee","3500+","255"
"2016","11a","Genesee","Total","577"
"2016","11a","Genesee","1500-1999","6"
"2016","11a","Genesee","Under 1000","2"
"2016","11a","Genesee","1000-1499","4"
"2016","11a","Genesee","Unknown","0"
"2016","11a","Genesee","2500-2999","91"
"2016","11a","Greene","3500+","159"
"2016","11a","Greene","3000-3499","125"
"2016","11a","Greene","Under 1000","1"
"2016","11a","Greene","1000-1499","1"
"2016","11a","Greene","2000-2499","18"
"2016","11a","Greene","Unknown","1"
"2016","11a","Greene","Total","369"
"2016","11a","Greene","2500-2999","52"
"2016","11a","Greene","1500-1999","12"
"2016","11a","Hamilton","Total","21"
"2016","11a","Hamilton","1500-1999","0"
"2016","11a","Hamilton","Under 1000","0"
"2016","11a","Hamilton","Unknown","0"
"2016","11a","Hamilton","2000-2499","1"
"2016","11a","Hamilton","3500+","6"
"2016","11a","Hamilton","3000-3499","8"
"2016","11a","Hamilton","2500-2999","6"
"2016","11a","Hamilton","1000-1499","0"
"2016","11a","Herkimer","2000-2499","31"
"2016","11a","Herkimer","3500+","257"
"2016","11a","Herkimer","1500-1999","7"
"2016","11a","Herkimer","2500-2999","91"
"2016","11a","Herkimer","1000-1499","2"
"2016","11a","Herkimer","Under 1000","9"
"2016","11a","Herkimer","Unknown","1"
"2016","11a","Herkimer","3000-3499","236"
"2016","11a","Herkimer","Total","634"
"2016","11a","Jefferson","3500+","757"
"2016","11a","Jefferson","3000-3499","716"
"2016","11a","Jefferson","1500-1999","27"
"2016","11a","Jefferson","Under 1000","10"
"2016","11a","Jefferson","Total","1,887"
"2016","11a","Jefferson","Unknown","8"
"2016","11a","Jefferson","2500-2999","283"
"2016","11a","Jefferson","2000-2499","78"
"2016","11a","Jefferson","1000-1499","8"
"2016","11a","Kings","3500+","12,983"
"2016","11a","Kings","2000-2499","2,032"
"2016","11a","Kings","Total","40,802"
"2016","11a","Kings","1500-1999","594"
"2016","11a","Kings","Unknown","1"
"2016","11a","Kings","Under 1000","243"
"2016","11a","Kings","3000-3499","16,517"
"2016","11a","Kings","1000-1499","283"
"2016","11a","Kings","2500-2999","8,149"
"2016","11a","Lewis","3000-3499","116"
"2016","11a","Lewis","Under 1000","0"
"2016","11a","Lewis","3500+","136"
"2016","11a","Lewis","2500-2999","47"
"2016","11a","Lewis","Total","323"
"2016","11a","Lewis","2000-2499","19"
"2016","11a","Lewis","1000-1499","2"
"2016","11a","Lewis","1500-1999","3"
"2016","11a","Lewis","Unknown","0"
"2016","11a","Livingston","3000-3499","192"
"2016","11a","Livingston","Under 1000","1"
"2016","11a","Livingston","3500+","214"
"2016","11a","Livingston","2000-2499","21"
"2016","11a","Livingston","Unknown","1"
"2016","11a","Livingston","1500-1999","14"
"2016","11a","Livingston","Total","527"
"2016","11a","Livingston","2500-2999","81"
"2016","11a","Livingston","1000-1499","3"
"2016","11a","Madison","1500-1999","8"
"2016","11a","Madison","3000-3499","269"
"2016","11a","Madison","2000-2499","22"
"2016","11a","Madison","3500+","231"
"2016","11a","Madison","Unknown","10"
"2016","11a","Madison","Under 1000","6"
"2016","11a","Madison","Total","630"
"2016","11a","Madison","2500-2999","80"
"2016","11a","Madison","1000-1499","4"
"2016","11a","Monroe","2000-2499","411"
"2016","11a","Monroe","3000-3499","2,921"
"2016","11a","Monroe","Total","7,996"
"2016","11a","Monroe","Unknown","2"
"2016","11a","Monroe","2500-2999","1,422"
"2016","11a","Monroe","3500+","2,994"
"2016","11a","Monroe","Under 1000","69"
"2016","11a","Monroe","1000-1499","57"
"2016","11a","Monroe","1500-1999","120"
"2016","11a","Montgomery","Total","573"
"2016","11a","Montgomery","3500+","220"
"2016","11a","Montgomery","Unknown","13"
"2016","11a","Montgomery","3000-3499","205"
"2016","11a","Montgomery","1500-1999","14"
"2016","11a","Montgomery","2000-2499","30"
"2016","11a","Montgomery","Under 1000","2"
"2016","11a","Montgomery","1000-1499","3"
"2016","11a","Montgomery","2500-2999","86"
"2016","11a","Nassau","3500+","4,800"
"2016","11a","Nassau","1000-1499","98"
"2016","11a","Nassau","Unknown","2"
"2016","11a","Nassau","Under 1000","70"
"2016","11a","Nassau","2500-2999","2,683"
"2016","11a","Nassau","Total","14,277"
"2016","11a","Nassau","1500-1999","213"
"2016","11a","Nassau","3000-3499","5,642"
"2016","11a","Nassau","2000-2499","769"
"2016","11a","New York","Under 1000","74"
"2016","11a","New York","Unknown","1"
"2016","11a","New York","2500-2999","3,389"
"2016","11a","New York","3500+","5,319"
"2016","11a","New York","2000-2499","886"
"2016","11a","New York","1500-1999","270"
"2016","11a","New York","Total","17,052"
"2016","11a","New York","1000-1499","110"
"2016","11a","New York","3000-3499","7,003"
"2016","11a","New York City","Total","114,400"
"2016","11a","New York City","3000-3499","46,277"
"2016","11a","New York City","1500-1999","1,781"
"2016","11a","New York City","Under 1000","697"
"2016","11a","New York City","1000-1499","830"
"2016","11a","New York City","2000-2499","6,043"
"2016","11a","New York City","2500-2999","23,304"
"2016","11a","New York City","3500+","35,464"
"2016","11a","New York City","Unknown","4"
"2016","11a","New York State","Unknown","294"
"2016","11a","New York State","Total","232,663"
"2016","11a","New York State","1000-1499","1,649"
"2016","11a","New York State","Under 1000","1,447"
"2016","11a","New York State","3000-3499","90,702"
"2016","11a","New York State","2000-2499","11,731"
"2016","11a","New York State","3500+","79,732"
"2016","11a","New York State","2500-2999","43,541"
"2016","11a","New York State","1500-1999","3,567"
"2016","11a","Niagara","Under 1000","14"
"2016","11a","Niagara","3500+","767"
"2016","11a","Niagara","Total","2,144"
"2016","11a","Niagara","2500-2999","397"
"2016","11a","Niagara","1500-1999","30"
"2016","11a","Niagara","2000-2499","100"
"2016","11a","Niagara","Unknown","2"
"2016","11a","Niagara","1000-1499","15"
"2016","11a","Niagara","3000-3499","819"
"2016","11a","Oneida","1500-1999","40"
"2016","11a","Oneida","1000-1499","21"
"2016","11a","Oneida","3500+","990"
"2016","11a","Oneida","Total","2,503"
"2016","11a","Oneida","2000-2499","128"
"2016","11a","Oneida","3000-3499","890"
"2016","11a","Oneida","Unknown","2"
"2016","11a","Oneida","2500-2999","415"
"2016","11a","Oneida","Under 1000","17"
"2016","11a","Onondaga","3500+","2,099"
"2016","11a","Onondaga","Unknown","1"
"2016","11a","Onondaga","Total","5,239"
"2016","11a","Onondaga","2000-2499","237"
"2016","11a","Onondaga","1500-1999","87"
"2016","11a","Onondaga","Under 1000","44"
"2016","11a","Onondaga","3000-3499","1,836"
"2016","11a","Onondaga","2500-2999","884"
"2016","11a","Onondaga","1000-1499","51"
"2016","11a","Ontario","3000-3499","347"
"2016","11a","Ontario","2000-2499","31"
"2016","11a","Ontario","3500+","421"
"2016","11a","Ontario","Unknown","2"
"2016","11a","Ontario","1500-1999","9"
"2016","11a","Ontario","Under 1000","7"
"2016","11a","Ontario","1000-1499","5"
"2016","11a","Ontario","Total","988"
"2016","11a","Ontario","2500-2999","166"
"2016","11a","Orange","Total","4,916"
"2016","11a","Orange","2500-2999","839"
"2016","11a","Orange","1500-1999","74"
"2016","11a","Orange","2000-2499","228"
"2016","11a","Orange","Unknown","3"
"2016","11a","Orange","3500+","1,830"
"2016","11a","Orange","Under 1000","28"
"2016","11a","Orange","1000-1499","28"
"2016","11a","Orange","3000-3499","1,886"
"2016","11a","Orleans","3000-3499","148"
"2016","11a","Orleans","2500-2999","72"
"2016","11a","Orleans","1500-1999","4"
"2016","11a","Orleans","3500+","161"
"2016","11a","Orleans","2000-2499","16"
"2016","11a","Orleans","1000-1499","1"
"2016","11a","Orleans","Under 1000","3"
"2016","11a","Orleans","Total","405"
"2016","11a","Orleans","Unknown","0"
"2016","11a","Oswego","2000-2499","52"
"2016","11a","Oswego","Total","1,329"
"2016","11a","Oswego","1500-1999","19"
"2016","11a","Oswego","3500+","539"
"2016","11a","Oswego","3000-3499","483"
"2016","11a","Oswego","Under 1000","7"
"2016","11a","Oswego","Unknown","9"
"2016","11a","Oswego","2500-2999","207"
"2016","11a","Oswego","1000-1499","13"
"2016","11a","Otsego","1000-1499","5"
"2016","11a","Otsego","2000-2499","18"
"2016","11a","Otsego","1500-1999","5"
"2016","11a","Otsego","3500+","200"
"2016","11a","Otsego","Under 1000","2"
"2016","11a","Otsego","2500-2999","62"
"2016","11a","Otsego","Unknown","3"
"2016","11a","Otsego","Total","493"
"2016","11a","Otsego","3000-3499","198"
"2016","11a","Putnam","1500-1999","13"
"2016","11a","Putnam","3000-3499","325"
"2016","11a","Putnam","1000-1499","3"
"2016","11a","Putnam","Under 1000","0"
"2016","11a","Putnam","2000-2499","43"
"2016","11a","Putnam","Total","817"
"2016","11a","Putnam","2500-2999","132"
"2016","11a","Putnam","3500+","301"
"2016","11a","Putnam","Unknown","0"
"2016","11a","Queens","Unknown","1"
"2016","11a","Queens","1000-1499","201"
"2016","11a","Queens","3000-3499","12,294"
"2016","11a","Queens","Under 1000","180"
"2016","11a","Queens","3500+","9,249"
"2016","11a","Queens","2500-2999","6,245"
"2016","11a","Queens","1500-1999","472"
"2016","11a","Queens","Total","30,292"
"2016","11a","Queens","2000-2499","1,650"
"2016","11a","Rensselaer","Unknown","1"
"2016","11a","Rensselaer","Total","1,695"
"2016","11a","Rensselaer","1000-1499","13"
"2016","11a","Rensselaer","3000-3499","607"
"2016","11a","Rensselaer","2000-2499","77"
"2016","11a","Rensselaer","2500-2999","262"
"2016","11a","Rensselaer","Under 1000","15"
"2016","11a","Rensselaer","1500-1999","22"
"2016","11a","Rensselaer","3500+","698"
"2016","11a","Rest of State","Unknown","290"
"2016","11a","Rest of State","2500-2999","20,237"
"2016","11a","Rest of State","1500-1999","1,786"
"2016","11a","Rest of State","3000-3499","44,425"
"2016","11a","Rest of State","1000-1499","819"
"2016","11a","Rest of State","Total","118,263"
"2016","11a","Rest of State","Under 1000","750"
"2016","11a","Rest of State","3500+","44,268"
"2016","11a","Rest of State","2000-2499","5,688"
"2016","11a","Richmond","Total","5,423"
"2016","11a","Richmond","1500-1999","79"
"2016","11a","Richmond","2500-2999","1,071"
"2016","11a","Richmond","1000-1499","31"
"2016","11a","Richmond","3000-3499","2,166"
"2016","11a","Richmond","Under 1000","26"
"2016","11a","Richmond","3500+","1,782"
"2016","11a","Richmond","Unknown","1"
"2016","11a","Richmond","2000-2499","267"
"2016","11a","Rockland","1000-1499","24"
"2016","11a","Rockland","Under 1000","25"
"2016","11a","Rockland","3500+","1,972"
"2016","11a","Rockland","1500-1999","64"
"2016","11a","Rockland","3000-3499","2,016"
"2016","11a","Rockland","Total","5,205"
"2016","11a","Rockland","2000-2499","220"
"2016","11a","Rockland","Unknown","4"
"2016","11a","Rockland","2500-2999","880"
"2016","11a","Saratoga","1000-1499","16"
"2016","11a","Saratoga","Unknown","0"
"2016","11a","Saratoga","3500+","937"
"2016","11a","Saratoga","Under 1000","14"
"2016","11a","Saratoga","2000-2499","88"
"2016","11a","Saratoga","Total","2,211"
"2016","11a","Saratoga","1500-1999","21"
"2016","11a","Saratoga","2500-2999","334"
"2016","11a","Saratoga","3000-3499","801"
"2016","11a","Schenectady","3500+","629"
"2016","11a","Schenectady","1000-1499","14"
"2016","11a","Schenectady","2500-2999","304"
"2016","11a","Schenectady","Total","1,697"
"2016","11a","Schenectady","3000-3499","604"
"2016","11a","Schenectady","1500-1999","25"
"2016","11a","Schenectady","Unknown","1"
"2016","11a","Schenectady","2000-2499","98"
"2016","11a","Schenectady","Under 1000","22"
"2016","11a","Schoharie","3500+","106"
"2016","11a","Schoharie","2500-2999","35"
"2016","11a","Schoharie","1500-1999","4"
"2016","11a","Schoharie","2000-2499","10"
"2016","11a","Schoharie","Unknown","0"
"2016","11a","Schoharie","Under 1000","4"
"2016","11a","Schoharie","3000-3499","79"
"2016","11a","Schoharie","Total","240"
"2016","11a","Schoharie","1000-1499","2"
"2016","11a","Schuyler","Unknown","0"
"2016","11a","Schuyler","2500-2999","21"
"2016","11a","Schuyler","Total","167"
"2016","11a","Schuyler","1500-1999","4"
"2016","11a","Schuyler","3000-3499","67"
"2016","11a","Schuyler","2000-2499","8"
"2016","11a","Schuyler","1000-1499","1"
"2016","11a","Schuyler","3500+","66"
"2016","11a","Schuyler","Under 1000","0"
"2016","11a","Seneca","Total","352"
"2016","11a","Seneca","3000-3499","113"
"2016","11a","Seneca","Under 1000","2"
"2016","11a","Seneca","Unknown","0"
"2016","11a","Seneca","2500-2999","47"
"2016","11a","Seneca","2000-2499","15"
"2016","11a","Seneca","1000-1499","1"
"2016","11a","Seneca","3500+","171"
"2016","11a","Seneca","1500-1999","3"
"2016","11a","Steuben","3500+","419"
"2016","11a","Steuben","2500-2999","184"
"2016","11a","Steuben","Under 1000","6"
"2016","11a","Steuben","3000-3499","344"
"2016","11a","Steuben","1500-1999","13"
"2016","11a","Steuben","Unknown","2"
"2016","11a","Steuben","1000-1499","8"
"2016","11a","Steuben","Total","1,020"
"2016","11a","Steuben","2000-2499","44"
"2016","11a","St Lawrence","Unknown","33"
"2016","11a","St Lawrence","3500+","445"
"2016","11a","St Lawrence","2000-2499","37"
"2016","11a","St Lawrence","3000-3499","392"
"2016","11a","St Lawrence","2500-2999","165"
"2016","11a","St Lawrence","1500-1999","12"
"2016","11a","St Lawrence","Under 1000","5"
"2016","11a","St Lawrence","1000-1499","3"
"2016","11a","St Lawrence","Total","1,092"
"2016","11a","Suffolk","3500+","5,461"
"2016","11a","Suffolk","2000-2499","810"
"2016","11a","Suffolk","1500-1999","260"
"2016","11a","Suffolk","Total","15,539"
"2016","11a","Suffolk","2500-2999","2,746"
"2016","11a","Suffolk","Under 1000","79"
"2016","11a","Suffolk","Unknown","3"
"2016","11a","Suffolk","3000-3499","6,076"
"2016","11a","Suffolk","1000-1499","104"
"2016","11a","Sullivan","Unknown","2"
"2016","11a","Sullivan","Under 1000","11"
"2016","11a","Sullivan","Total","859"
"2016","11a","Sullivan","2000-2499","40"
"2016","11a","Sullivan","3000-3499","322"
"2016","11a","Sullivan","1000-1499","6"
"2016","11a","Sullivan","1500-1999","9"
"2016","11a","Sullivan","3500+","317"
"2016","11a","Sullivan","2500-2999","152"
"2016","11a","Tioga","Total","473"
"2016","11a","Tioga","3500+","207"
"2016","11a","Tioga","3000-3499","158"
"2016","11a","Tioga","Under 1000","5"
"2016","11a","Tioga","2500-2999","79"
"2016","11a","Tioga","2000-2499","17"
"2016","11a","Tioga","Unknown","0"
"2016","11a","Tioga","1500-1999","5"
"2016","11a","Tioga","1000-1499","2"
"2016","11a","Tompkins","1000-1499","2"
"2016","11a","Tompkins","Unknown","0"
"2016","11a","Tompkins","2000-2499","30"
"2016","11a","Tompkins","2500-2999","118"
"2016","11a","Tompkins","1500-1999","16"
"2016","11a","Tompkins","3000-3499","291"
"2016","11a","Tompkins","3500+","332"
"2016","11a","Tompkins","Under 1000","4"
"2016","11a","Tompkins","Total","793"
"2016","11a","Ulster","3500+","593"
"2016","11a","Ulster","Total","1,499"
"2016","11a","Ulster","1500-1999","24"
"2016","11a","Ulster","2500-2999","221"
"2016","11a","Ulster","Under 1000","2"
"2016","11a","Ulster","3000-3499","578"
"2016","11a","Ulster","Unknown","0"
"2016","11a","Ulster","2000-2499","73"
"2016","11a","Ulster","1000-1499","8"
"2016","11a","Warren","1000-1499","6"
"2016","11a","Warren","3000-3499","204"
"2016","11a","Warren","2500-2999","77"
"2016","11a","Warren","Total","572"
"2016","11a","Warren","Unknown","1"
"2016","11a","Warren","Under 1000","1"
"2016","11a","Warren","3500+","249"
"2016","11a","Warren","1500-1999","8"
"2016","11a","Warren","2000-2499","26"
"2016","11a","Washington","3500+","228"
"2016","11a","Washington","Unknown","2"
"2016","11a","Washington","1500-1999","11"
"2016","11a","Washington","1000-1499","8"
"2016","11a","Washington","2500-2999","88"
"2016","11a","Washington","3000-3499","176"
"2016","11a","Washington","Total","542"
"2016","11a","Washington","2000-2499","26"
"2016","11a","Washington","Under 1000","3"
"2016","11a","Wayne","Total","917"
"2016","11a","Wayne","2500-2999","118"
"2016","11a","Wayne","3000-3499","319"
"2016","11a","Wayne","Unknown","1"
"2016","11a","Wayne","Under 1000","6"
"2016","11a","Wayne","1500-1999","10"
"2016","11a","Wayne","2000-2499","46"
"2016","11a","Wayne","3500+","413"
"2016","11a","Wayne","1000-1499","4"
"2016","11a","Westchester","1000-1499","76"
"2016","11a","Westchester","Unknown","2"
"2016","11a","Westchester","Under 1000","68"
"2016","11a","Westchester","3500+","3,543"
"2016","11a","Westchester","2500-2999","1,894"
"2016","11a","Westchester","3000-3499","4,030"
"2016","11a","Westchester","Total","10,273"
"2016","11a","Westchester","2000-2499","527"
"2016","11a","Westchester","1500-1999","133"
"2016","11a","Wyoming","1000-1499","1"
"2016","11a","Wyoming","2000-2499","14"
"2016","11a","Wyoming","3500+","171"
"2016","11a","Wyoming","3000-3499","140"
"2016","11a","Wyoming","1500-1999","8"
"2016","11a","Wyoming","Unknown","1"
"2016","11a","Wyoming","2500-2999","60"
"2016","11a","Wyoming","Under 1000","3"
"2016","11a","Wyoming","Total","398"
"2016","11a","Yates","1500-1999","3"
"2016","11a","Yates","1000-1499","3"
"2016","11a","Yates","Under 1000","2"
"2016","11a","Yates","3500+","139"
"2016","11a","Yates","2000-2499","8"
"2016","11a","Yates","Total","308"
"2016","11a","Yates","Unknown","4"
"2016","11a","Yates","3000-3499","99"
"2016","11a","Yates","2500-2999","50"
"2015","11a","Albany","1500-1999","59"
"2015","11a","Albany","1000-1499","27"
"2015","11a","Albany","3000-3499","1,199"
"2015","11a","Albany","Unknown","2"
"2015","11a","Albany","Under 1000","15"
"2015","11a","Albany","2000-2499","129"
"2015","11a","Albany","3500+","1,208"
"2015","11a","Albany","Total","3,161"
"2015","11a","Albany","2500-2999","522"
"2015","11a","Allegany","2000-2499","22"
"2015","11a","Allegany","1500-1999","7"
"2015","11a","Allegany","1000-1499","3"
"2015","11a","Allegany","Unknown","11"
"2015","11a","Allegany","Total","496"
"2015","11a","Allegany","Under 1000","1"
"2015","11a","Allegany","3000-3499","180"
"2015","11a","Allegany","2500-2999","87"
"2015","11a","Allegany","3500+","185"
"2015","11a","Bronx","1000-1499","204"
"2015","11a","Bronx","Total","21,130"
"2015","11a","Bronx","Under 1000","180"
"2015","11a","Bronx","3000-3499","8,457"
"2015","11a","Bronx","1500-1999","393"
"2015","11a","Bronx","3500+","6,414"
"2015","11a","Bronx","Unknown","1"
"2015","11a","Bronx","2500-2999","4,308"
"2015","11a","Bronx","2000-2499","1,173"
"2015","11a","Broome","2500-2999","324"
"2015","11a","Broome","2000-2499","94"
"2015","11a","Broome","1500-1999","20"
"2015","11a","Broome","Total","1,972"
"2015","11a","Broome","3500+","702"
"2015","11a","Broome","1000-1499","11"
"2015","11a","Broome","3000-3499","804"
"2015","11a","Broome","Unknown","1"
"2015","11a","Broome","Under 1000","16"
"2015","11a","Cattaraugus","1500-1999","11"
"2015","11a","Cattaraugus","2500-2999","162"
"2015","11a","Cattaraugus","3500+","297"
"2015","11a","Cattaraugus","Under 1000","2"
"2015","11a","Cattaraugus","Total","880"
"2015","11a","Cattaraugus","Unknown","83"
"2015","11a","Cattaraugus","3000-3499","277"
"2015","11a","Cattaraugus","2000-2499","44"
"2015","11a","Cattaraugus","1000-1499","4"
"2015","11a","Cayuga","1500-1999","9"
"2015","11a","Cayuga","2500-2999","97"
"2015","11a","Cayuga","Under 1000","2"
"2015","11a","Cayuga","3500+","354"
"2015","11a","Cayuga","1000-1499","1"
"2015","11a","Cayuga","Total","716"
"2015","11a","Cayuga","Unknown","0"
"2015","11a","Cayuga","3000-3499","220"
"2015","11a","Cayuga","2000-2499","33"
"2015","11a","Chautauqua","1000-1499","10"
"2015","11a","Chautauqua","3500+","499"
"2015","11a","Chautauqua","Unknown","25"
"2015","11a","Chautauqua","1500-1999","25"
"2015","11a","Chautauqua","2000-2499","52"
"2015","11a","Chautauqua","Under 1000","7"
"2015","11a","Chautauqua","Total","1,439"
"2015","11a","Chautauqua","2500-2999","257"
"2015","11a","Chautauqua","3000-3499","564"
"2015","11a","Chemung","Unknown","0"
"2015","11a","Chemung","1000-1499","6"
"2015","11a","Chemung","3000-3499","339"
"2015","11a","Chemung","2000-2499","49"
"2015","11a","Chemung","Under 1000","5"
"2015","11a","Chemung","1500-1999","13"
"2015","11a","Chemung","2500-2999","160"
"2015","11a","Chemung","Total","982"
"2015","11a","Chemung","3500+","410"
"2015","11a","Chenango","3500+","185"
"2015","11a","Chenango","Under 1000","1"
"2015","11a","Chenango","2500-2999","80"
"2015","11a","Chenango","1500-1999","6"
"2015","11a","Chenango","3000-3499","188"
"2015","11a","Chenango","1000-1499","3"
"2015","11a","Chenango","Total","492"
"2015","11a","Chenango","Unknown","3"
"2015","11a","Chenango","2000-2499","26"
"2015","11a","Clinton","2500-2999","115"
"2015","11a","Clinton","3000-3499","256"
"2015","11a","Clinton","2000-2499","44"
"2015","11a","Clinton","1000-1499","5"
"2015","11a","Clinton","Total","768"
"2015","11a","Clinton","Unknown","0"
"2015","11a","Clinton","Under 1000","2"
"2015","11a","Clinton","3500+","339"
"2015","11a","Clinton","1500-1999","7"
"2015","11a","Columbia","3500+","236"
"2015","11a","Columbia","Under 1000","2"
"2015","11a","Columbia","2000-2499","16"
"2015","11a","Columbia","1500-1999","4"
"2015","11a","Columbia","3000-3499","169"
"2015","11a","Columbia","Unknown","3"
"2015","11a","Columbia","1000-1499","6"
"2015","11a","Columbia","2500-2999","87"
"2015","11a","Columbia","Total","523"
"2015","11a","Cortland","3500+","204"
"2015","11a","Cortland","2000-2499","21"
"2015","11a","Cortland","Total","464"
"2015","11a","Cortland","Unknown","12"
"2015","11a","Cortland","3000-3499","146"
"2015","11a","Cortland","1500-1999","9"
"2015","11a","Cortland","1000-1499","3"
"2015","11a","Cortland","Under 1000","5"
"2015","11a","Cortland","2500-2999","64"
"2015","11a","Delaware","1500-1999","2"
"2015","11a","Delaware","2500-2999","56"
"2015","11a","Delaware","1000-1499","3"
"2015","11a","Delaware","3000-3499","125"
"2015","11a","Delaware","Under 1000","2"
"2015","11a","Delaware","3500+","152"
"2015","11a","Delaware","Unknown","2"
"2015","11a","Delaware","2000-2499","12"
"2015","11a","Delaware","Total","354"
"2015","11a","Dutchess","Unknown","9"
"2015","11a","Dutchess","3500+","1,037"
"2015","11a","Dutchess","1000-1499","25"
"2015","11a","Dutchess","Total","2,606"
"2015","11a","Dutchess","Under 1000","18"
"2015","11a","Dutchess","3000-3499","948"
"2015","11a","Dutchess","1500-1999","46"
"2015","11a","Dutchess","2500-2999","423"
"2015","11a","Dutchess","2000-2499","100"
"2015","11a","Erie","1000-1499","103"
"2015","11a","Erie","2000-2499","518"
"2015","11a","Erie","2500-2999","1,816"
"2015","11a","Erie","1500-1999","160"
"2015","11a","Erie","Total","10,162"
"2015","11a","Erie","Under 1000","84"
"2015","11a","Erie","3500+","3,729"
"2015","11a","Erie","Unknown","12"
"2015","11a","Erie","3000-3499","3,740"
"2015","11a","Essex","2500-2999","57"
"2015","11a","Essex","1500-1999","2"
"2015","11a","Essex","2000-2499","12"
"2015","11a","Essex","3500+","128"
"2015","11a","Essex","Unknown","0"
"2015","11a","Essex","3000-3499","132"
"2015","11a","Essex","Total","336"
"2015","11a","Essex","1000-1499","5"
"2015","11a","Essex","Under 1000","0"
"2015","11a","Franklin","1000-1499","6"
"2015","11a","Franklin","Unknown","3"
"2015","11a","Franklin","Total","491"
"2015","11a","Franklin","2500-2999","81"
"2015","11a","Franklin","3500+","202"
"2015","11a","Franklin","Under 1000","1"
"2015","11a","Franklin","1500-1999","3"
"2015","11a","Franklin","2000-2499","25"
"2015","11a","Franklin","3000-3499","170"
"2015","11a","Fulton","2000-2499","21"
"2015","11a","Fulton","1500-1999","12"
"2015","11a","Fulton","Under 1000","0"
"2015","11a","Fulton","3500+","205"
"2015","11a","Fulton","3000-3499","194"
"2015","11a","Fulton","Unknown","0"
"2015","11a","Fulton","1000-1499","3"
"2015","11a","Fulton","2500-2999","87"
"2015","11a","Fulton","Total","522"
"2015","11a","Genesee","1000-1499","4"
"2015","11a","Genesee","Total","565"
"2015","11a","Genesee","Unknown","0"
"2015","11a","Genesee","2000-2499","19"
"2015","11a","Genesee","3000-3499","190"
"2015","11a","Genesee","Under 1000","3"
"2015","11a","Genesee","1500-1999","9"
"2015","11a","Genesee","3500+","232"
"2015","11a","Genesee","2500-2999","108"
"2015","11a","Greene","Unknown","0"
"2015","11a","Greene","Under 1000","0"
"2015","11a","Greene","3500+","167"
"2015","11a","Greene","1000-1499","0"
"2015","11a","Greene","2500-2999","57"
"2015","11a","Greene","1500-1999","10"
"2015","11a","Greene","Total","378"
"2015","11a","Greene","3000-3499","129"
"2015","11a","Greene","2000-2499","15"
"2015","11a","Hamilton","Under 1000","1"
"2015","11a","Hamilton","3000-3499","7"
"2015","11a","Hamilton","Unknown","0"
"2015","11a","Hamilton","1500-1999","0"
"2015","11a","Hamilton","2000-2499","0"
"2015","11a","Hamilton","1000-1499","0"
"2015","11a","Hamilton","Total","31"
"2015","11a","Hamilton","2500-2999","9"
"2015","11a","Hamilton","3500+","14"
"2015","11a","Herkimer","3500+","263"
"2015","11a","Herkimer","3000-3499","219"
"2015","11a","Herkimer","Under 1000","4"
"2015","11a","Herkimer","2500-2999","87"
"2015","11a","Herkimer","Unknown","3"
"2015","11a","Herkimer","1000-1499","4"
"2015","11a","Herkimer","1500-1999","6"
"2015","11a","Herkimer","Total","608"
"2015","11a","Herkimer","2000-2499","22"
"2015","11a","Jefferson","1500-1999","36"
"2015","11a","Jefferson","2000-2499","68"
"2015","11a","Jefferson","3500+","863"
"2015","11a","Jefferson","1000-1499","15"
"2015","11a","Jefferson","Unknown","10"
"2015","11a","Jefferson","3000-3499","777"
"2015","11a","Jefferson","Under 1000","12"
"2015","11a","Jefferson","Total","2,088"
"2015","11a","Jefferson","2500-2999","307"
"2015","11a","Kings","2000-2499","2,064"
"2015","11a","Kings","1000-1499","246"
"2015","11a","Kings","1500-1999","639"
"2015","11a","Kings","Unknown","6"
"2015","11a","Kings","Under 1000","259"
"2015","11a","Kings","3500+","13,301"
"2015","11a","Kings","Total","41,514"
"2015","11a","Kings","2500-2999","8,146"
"2015","11a","Kings","3000-3499","16,853"
"2015","11a","Lewis","2500-2999","43"
"2015","11a","Lewis","2000-2499","14"
"2015","11a","Lewis","Unknown","2"
"2015","11a","Lewis","1000-1499","4"
"2015","11a","Lewis","3000-3499","134"
"2015","11a","Lewis","3500+","122"
"2015","11a","Lewis","1500-1999","3"
"2015","11a","Lewis","Under 1000","2"
"2015","11a","Lewis","Total","324"
"2015","11a","Livingston","Total","515"
"2015","11a","Livingston","2000-2499","20"
"2015","11a","Livingston","Under 1000","3"
"2015","11a","Livingston","Unknown","0"
"2015","11a","Livingston","3000-3499","179"
"2015","11a","Livingston","2500-2999","65"
"2015","11a","Livingston","3500+","237"
"2015","11a","Livingston","1000-1499","1"
"2015","11a","Livingston","1500-1999","10"
"2015","11a","Madison","2000-2499","27"
"2015","11a","Madison","1500-1999","15"
"2015","11a","Madison","3500+","255"
"2015","11a","Madison","2500-2999","92"
"2015","11a","Madison","1000-1499","4"
"2015","11a","Madison","Total","652"
"2015","11a","Madison","Unknown","7"
"2015","11a","Madison","3000-3499","249"
"2015","11a","Madison","Under 1000","3"
"2015","11a","Monroe","Unknown","3"
"2015","11a","Monroe","1500-1999","126"
"2015","11a","Monroe","Under 1000","70"
"2015","11a","Monroe","2500-2999","1,422"
"2015","11a","Monroe","3000-3499","2,967"
"2015","11a","Monroe","2000-2499","403"
"2015","11a","Monroe","1000-1499","74"
"2015","11a","Monroe","3500+","3,109"
"2015","11a","Monroe","Total","8,174"
"2015","11a","Montgomery","Under 1000","6"
"2015","11a","Montgomery","1500-1999","11"
"2015","11a","Montgomery","2500-2999","97"
"2015","11a","Montgomery","Total","643"
"2015","11a","Montgomery","3000-3499","224"
"2015","11a","Montgomery","2000-2499","30"
"2015","11a","Montgomery","Unknown","15"
"2015","11a","Montgomery","3500+","251"
"2015","11a","Montgomery","1000-1499","9"
"2015","11a","Nassau","Total","14,272"
"2015","11a","Nassau","3500+","4,890"
"2015","11a","Nassau","2500-2999","2,656"
"2015","11a","Nassau","2000-2499","746"
"2015","11a","Nassau","1500-1999","221"
"2015","11a","Nassau","Unknown","2"
"2015","11a","Nassau","Under 1000","77"
"2015","11a","Nassau","3000-3499","5,597"
"2015","11a","Nassau","1000-1499","83"
"2015","11a","New York","Total","17,775"
"2015","11a","New York","2500-2999","3,577"
"2015","11a","New York","1500-1999","290"
"2015","11a","New York","Under 1000","97"
"2015","11a","New York","1000-1499","128"
"2015","11a","New York","2000-2499","923"
"2015","11a","New York","3000-3499","7,221"
"2015","11a","New York","Unknown","0"
"2015","11a","New York","3500+","5,539"
"2015","11a","New York City","1000-1499","819"
"2015","11a","New York City","Under 1000","774"
"2015","11a","New York City","Total","116,040"
"2015","11a","New York City","Unknown","8"
"2015","11a","New York City","2000-2499","6,006"
"2015","11a","New York City","2500-2999","23,249"
"2015","11a","New York City","3500+","36,305"
"2015","11a","New York City","1500-1999","1,855"
"2015","11a","New York City","3000-3499","47,024"
"2015","11a","New York State","Total","235,964"
"2015","11a","New York State","2500-2999","43,648"
"2015","11a","New York State","Under 1000","1,518"
"2015","11a","New York State","2000-2499","11,544"
"2015","11a","New York State","3000-3499","92,111"
"2015","11a","New York State","1500-1999","3,663"
"2015","11a","New York State","3500+","81,473"
"2015","11a","New York State","Unknown","318"
"2015","11a","New York State","1000-1499","1,689"
"2015","11a","Niagara","Total","2,149"
"2015","11a","Niagara","1500-1999","29"
"2015","11a","Niagara","1000-1499","12"
"2015","11a","Niagara","3000-3499","820"
"2015","11a","Niagara","Under 1000","12"
"2015","11a","Niagara","Unknown","2"
"2015","11a","Niagara","2000-2499","109"
"2015","11a","Niagara","3500+","784"
"2015","11a","Niagara","2500-2999","381"
"2015","11a","Oneida","3000-3499","917"
"2015","11a","Oneida","Total","2,514"
"2015","11a","Oneida","Unknown","0"
"2015","11a","Oneida","Under 1000","20"
"2015","11a","Oneida","3500+","993"
"2015","11a","Oneida","1000-1499","11"
"2015","11a","Oneida","1500-1999","42"
"2015","11a","Oneida","2000-2499","113"
"2015","11a","Oneida","2500-2999","418"
"2015","11a","Onondaga","2500-2999","867"
"2015","11a","Onondaga","Total","5,259"
"2015","11a","Onondaga","3500+","2,074"
"2015","11a","Onondaga","1500-1999","77"
"2015","11a","Onondaga","1000-1499","43"
"2015","11a","Onondaga","2000-2499","248"
"2015","11a","Onondaga","Under 1000","32"
"2015","11a","Onondaga","Unknown","0"
"2015","11a","Onondaga","3000-3499","1,918"
"2015","11a","Ontario","Total","1,032"
"2015","11a","Ontario","3000-3499","370"
"2015","11a","Ontario","Unknown","1"
"2015","11a","Ontario","2000-2499","39"
"2015","11a","Ontario","Under 1000","11"
"2015","11a","Ontario","3500+","443"
"2015","11a","Ontario","1500-1999","10"
"2015","11a","Ontario","2500-2999","155"
"2015","11a","Ontario","1000-1499","3"
"2015","11a","Orange","Under 1000","38"
"2015","11a","Orange","3500+","1,788"
"2015","11a","Orange","3000-3499","1,915"
"2015","11a","Orange","2000-2499","187"
"2015","11a","Orange","Total","4,792"
"2015","11a","Orange","1000-1499","26"
"2015","11a","Orange","1500-1999","57"
"2015","11a","Orange","Unknown","1"
"2015","11a","Orange","2500-2999","780"
"2015","11a","Orleans","3000-3499","167"
"2015","11a","Orleans","Unknown","3"
"2015","11a","Orleans","2500-2999","65"
"2015","11a","Orleans","2000-2499","16"
"2015","11a","Orleans","Total","451"
"2015","11a","Orleans","1500-1999","11"
"2015","11a","Orleans","1000-1499","2"
"2015","11a","Orleans","3500+","183"
"2015","11a","Orleans","Under 1000","4"
"2015","11a","Oswego","1000-1499","9"
"2015","11a","Oswego","Unknown","6"
"2015","11a","Oswego","1500-1999","21"
"2015","11a","Oswego","3500+","508"
"2015","11a","Oswego","3000-3499","439"
"2015","11a","Oswego","2500-2999","167"
"2015","11a","Oswego","2000-2499","42"
"2015","11a","Oswego","Under 1000","7"
"2015","11a","Oswego","Total","1,199"
"2015","11a","Otsego","3500+","229"
"2015","11a","Otsego","2500-2999","84"
"2015","11a","Otsego","Under 1000","5"
"2015","11a","Otsego","1500-1999","11"
"2015","11a","Otsego","2000-2499","27"
"2015","11a","Otsego","3000-3499","162"
"2015","11a","Otsego","1000-1499","6"
"2015","11a","Otsego","Total","530"
"2015","11a","Otsego","Unknown","6"
"2015","11a","Putnam","1000-1499","8"
"2015","11a","Putnam","3000-3499","303"
"2015","11a","Putnam","Unknown","3"
"2015","11a","Putnam","2000-2499","35"
"2015","11a","Putnam","1500-1999","11"
"2015","11a","Putnam","3500+","318"
"2015","11a","Putnam","2500-2999","132"
"2015","11a","Putnam","Total","813"
"2015","11a","Putnam","Under 1000","3"
"2015","11a","Queens","3000-3499","12,411"
"2015","11a","Queens","Unknown","0"
"2015","11a","Queens","2000-2499","1,609"
"2015","11a","Queens","3500+","9,249"
"2015","11a","Queens","1500-1999","439"
"2015","11a","Queens","Under 1000","205"
"2015","11a","Queens","Total","30,335"
"2015","11a","Queens","1000-1499","207"
"2015","11a","Queens","2500-2999","6,215"
"2015","11a","Rensselaer","3000-3499","598"
"2015","11a","Rensselaer","Total","1,617"
"2015","11a","Rensselaer","2500-2999","285"
"2015","11a","Rensselaer","Under 1000","11"
"2015","11a","Rensselaer","3500+","610"
"2015","11a","Rensselaer","1000-1499","8"
"2015","11a","Rensselaer","1500-1999","25"
"2015","11a","Rensselaer","2000-2499","78"
"2015","11a","Rensselaer","Unknown","2"
"2015","11a","Rest of State","2500-2999","20,399"
"2015","11a","Rest of State","3000-3499","45,087"
"2015","11a","Rest of State","3500+","45,168"
"2015","11a","Rest of State","Unknown","310"
"2015","11a","Rest of State","1000-1499","870"
"2015","11a","Rest of State","1500-1999","1,808"
"2015","11a","Rest of State","2000-2499","5,538"
"2015","11a","Rest of State","Total","119,924"
"2015","11a","Rest of State","Under 1000","744"
"2015","11a","Richmond","1500-1999","94"
"2015","11a","Richmond","Total","5,286"
"2015","11a","Richmond","Unknown","1"
"2015","11a","Richmond","1000-1499","34"
"2015","11a","Richmond","2500-2999","1,003"
"2015","11a","Richmond","3000-3499","2,082"
"2015","11a","Richmond","2000-2499","237"
"2015","11a","Richmond","3500+","1,802"
"2015","11a","Richmond","Under 1000","33"
"2015","11a","Rockland","Unknown","1"
"2015","11a","Rockland","Under 1000","30"
"2015","11a","Rockland","1500-1999","74"
"2015","11a","Rockland","1000-1499","32"
"2015","11a","Rockland","2000-2499","200"
"2015","11a","Rockland","Total","5,113"
"2015","11a","Rockland","3500+","1,956"
"2015","11a","Rockland","2500-2999","855"
"2015","11a","Rockland","3000-3499","1,965"
"2015","11a","Saratoga","Total","2,174"
"2015","11a","Saratoga","1500-1999","41"
"2015","11a","Saratoga","Unknown","0"
"2015","11a","Saratoga","3500+","950"
"2015","11a","Saratoga","2000-2499","79"
"2015","11a","Saratoga","Under 1000","11"
"2015","11a","Saratoga","2500-2999","313"
"2015","11a","Saratoga","3000-3499","767"
"2015","11a","Saratoga","1000-1499","13"
"2015","11a","Schenectady","1000-1499","17"
"2015","11a","Schenectady","2500-2999","291"
"2015","11a","Schenectady","Total","1,766"
"2015","11a","Schenectady","3000-3499","640"
"2015","11a","Schenectady","2000-2499","100"
"2015","11a","Schenectady","Under 1000","23"
"2015","11a","Schenectady","1500-1999","16"
"2015","11a","Schenectady","3500+","678"
"2015","11a","Schenectady","Unknown","1"
"2015","11a","Schoharie","Under 1000","1"
"2015","11a","Schoharie","2000-2499","18"
"2015","11a","Schoharie","Total","234"
"2015","11a","Schoharie","2500-2999","29"
"2015","11a","Schoharie","1000-1499","3"
"2015","11a","Schoharie","3500+","100"
"2015","11a","Schoharie","1500-1999","4"
"2015","11a","Schoharie","Unknown","0"
"2015","11a","Schoharie","3000-3499","79"
"2015","11a","Schuyler","1500-1999","2"
"2015","11a","Schuyler","Under 1000","0"
"2015","11a","Schuyler","2000-2499","8"
"2015","11a","Schuyler","3000-3499","69"
"2015","11a","Schuyler","Unknown","0"
"2015","11a","Schuyler","Total","180"
"2015","11a","Schuyler","3500+","73"
"2015","11a","Schuyler","2500-2999","26"
"2015","11a","Schuyler","1000-1499","2"
"2015","11a","Seneca","1000-1499","0"
"2015","11a","Seneca","Unknown","0"
"2015","11a","Seneca","1500-1999","8"
"2015","11a","Seneca","Total","367"
"2015","11a","Seneca","3000-3499","127"
"2015","11a","Seneca","3500+","169"
"2015","11a","Seneca","2500-2999","50"
"2015","11a","Seneca","Under 1000","4"
"2015","11a","Seneca","2000-2499","9"
"2015","11a","Steuben","3500+","435"
"2015","11a","Steuben","Under 1000","6"
"2015","11a","Steuben","2500-2999","151"
"2015","11a","Steuben","3000-3499","418"
"2015","11a","Steuben","1000-1499","7"
"2015","11a","Steuben","Total","1,069"
"2015","11a","Steuben","2000-2499","40"
"2015","11a","Steuben","1500-1999","10"
"2015","11a","Steuben","Unknown","2"
"2015","11a","St Lawrence","3500+","497"
"2015","11a","St Lawrence","3000-3499","398"
"2015","11a","St Lawrence","2500-2999","168"
"2015","11a","St Lawrence","Total","1,181"
"2015","11a","St Lawrence","1500-1999","10"
"2015","11a","St Lawrence","2000-2499","43"
"2015","11a","St Lawrence","Unknown","52"
"2015","11a","St Lawrence","Under 1000","10"
"2015","11a","St Lawrence","1000-1499","3"
"2015","11a","Suffolk","2500-2999","2,823"
"2015","11a","Suffolk","3000-3499","6,210"
"2015","11a","Suffolk","1500-1999","232"
"2015","11a","Suffolk","3500+","5,623"
"2015","11a","Suffolk","2000-2499","732"
"2015","11a","Suffolk","Under 1000","74"
"2015","11a","Suffolk","1000-1499","112"
"2015","11a","Suffolk","Unknown","2"
"2015","11a","Suffolk","Total","15,808"
"2015","11a","Sullivan","3000-3499","296"
"2015","11a","Sullivan","Under 1000","6"
"2015","11a","Sullivan","2000-2499","40"
"2015","11a","Sullivan","2500-2999","153"
"2015","11a","Sullivan","1000-1499","9"
"2015","11a","Sullivan","Unknown","0"
"2015","11a","Sullivan","3500+","265"
"2015","11a","Sullivan","Total","792"
"2015","11a","Sullivan","1500-1999","23"
"2015","11a","Tioga","3000-3499","167"
"2015","11a","Tioga","1500-1999","10"
"2015","11a","Tioga","1000-1499","4"
"2015","11a","Tioga","2500-2999","66"
"2015","11a","Tioga","Total","465"
"2015","11a","Tioga","Under 1000","0"
"2015","11a","Tioga","2000-2499","16"
"2015","11a","Tioga","Unknown","0"
"2015","11a","Tioga","3500+","202"
"2015","11a","Tompkins","1500-1999","11"
"2015","11a","Tompkins","Unknown","1"
"2015","11a","Tompkins","2000-2499","38"
"2015","11a","Tompkins","2500-2999","123"
"2015","11a","Tompkins","Under 1000","1"
"2015","11a","Tompkins","Total","812"
"2015","11a","Tompkins","1000-1499","5"
"2015","11a","Tompkins","3500+","316"
"2015","11a","Tompkins","3000-3499","317"
"2015","11a","Ulster","Total","1,573"
"2015","11a","Ulster","3500+","656"
"2015","11a","Ulster","3000-3499","535"
"2015","11a","Ulster","2000-2499","69"
"2015","11a","Ulster","1500-1999","19"
"2015","11a","Ulster","Under 1000","6"
"2015","11a","Ulster","2500-2999","266"
"2015","11a","Ulster","1000-1499","17"
"2015","11a","Ulster","Unknown","5"
"2015","11a","Warren","1500-1999","2"
"2015","11a","Warren","Total","540"
"2015","11a","Warren","3000-3499","194"
"2015","11a","Warren","2500-2999","86"
"2015","11a","Warren","2000-2499","24"
"2015","11a","Warren","Unknown","0"
"2015","11a","Warren","3500+","227"
"2015","11a","Warren","1000-1499","2"
"2015","11a","Warren","Under 1000","5"
"2015","11a","Washington","3000-3499","208"
"2015","11a","Washington","1000-1499","2"
"2015","11a","Washington","2000-2499","29"
"2015","11a","Washington","Under 1000","0"
"2015","11a","Washington","Total","584"
"2015","11a","Washington","3500+","254"
"2015","11a","Washington","Unknown","0"
"2015","11a","Washington","1500-1999","6"
"2015","11a","Washington","2500-2999","85"
"2015","11a","Wayne","Unknown","2"
"2015","11a","Wayne","2500-2999","142"
"2015","11a","Wayne","Total","968"
"2015","11a","Wayne","Under 1000","7"
"2015","11a","Wayne","3500+","410"
"2015","11a","Wayne","1000-1499","7"
"2015","11a","Wayne","2000-2499","47"
"2015","11a","Wayne","1500-1999","16"
"2015","11a","Wayne","3000-3499","337"
"2015","11a","Westchester","1500-1999","175"
"2015","11a","Westchester","Under 1000","71"
"2015","11a","Westchester","2000-2499","550"
"2015","11a","Westchester","Total","10,639"
"2015","11a","Westchester","3000-3499","4,175"
"2015","11a","Westchester","1000-1499","82"
"2015","11a","Westchester","Unknown","6"
"2015","11a","Westchester","3500+","3,655"
"2015","11a","Westchester","2500-2999","1,925"
"2015","11a","Wyoming","2000-2499","10"
"2015","11a","Wyoming","2500-2999","50"
"2015","11a","Wyoming","Under 1000","2"
"2015","11a","Wyoming","1500-1999","7"
"2015","11a","Wyoming","Unknown","1"
"2015","11a","Wyoming","3000-3499","147"
"2015","11a","Wyoming","Total","368"
"2015","11a","Wyoming","1000-1499","2"
"2015","11a","Wyoming","3500+","149"
"2015","11a","Yates","3000-3499","106"
"2015","11a","Yates","Unknown","5"
"2015","11a","Yates","2000-2499","10"
"2015","11a","Yates","3500+","148"
"2015","11a","Yates","1500-1999","6"
"2015","11a","Yates","Under 1000","0"
"2015","11a","Yates","2500-2999","45"
"2015","11a","Yates","Total","321"
"2015","11a","Yates","1000-1499","1"
"2014","11a","Albany","3000-3499","1,096"
"2014","11a","Albany","2500-2999","543"
"2014","11a","Albany","2000-2499","155"
"2014","11a","Albany","1500-1999","51"
"2014","11a","Albany","1000-1499","23"
"2014","11a","Albany","Under 1000","18"
"2014","11a","Albany","3500+","1,276"
"2014","11a","Albany","Unknown","1"
"2014","11a","Albany","Total","3,163"
"2014","11a","Allegany","Unknown","11"
"2014","11a","Allegany","3000-3499","187"
"2014","11a","Allegany","2500-2999","76"
"2014","11a","Allegany","Total","517"
"2014","11a","Allegany","1500-1999","4"
"2014","11a","Allegany","1000-1499","2"
"2014","11a","Allegany","2000-2499","20"
"2014","11a","Allegany","3500+","214"
"2014","11a","Allegany","Under 1000","3"
"2014","11a","Bronx","Unknown","0"
"2014","11a","Bronx","2000-2499","1,173"
"2014","11a","Bronx","1500-1999","367"
"2014","11a","Bronx","2500-2999","4,544"
"2014","11a","Bronx","Under 1000","181"
"2014","11a","Bronx","1000-1499","220"
"2014","11a","Bronx","3500+","6,598"
"2014","11a","Bronx","Total","21,309"
"2014","11a","Bronx","3000-3499","8,226"
"2014","11a","Broome","Total","2,111"
"2014","11a","Broome","2000-2499","108"
"2014","11a","Broome","Unknown","2"
"2014","11a","Broome","2500-2999","332"
"2014","11a","Broome","Under 1000","11"
"2014","11a","Broome","1500-1999","24"
"2014","11a","Broome","3000-3499","842"
"2014","11a","Broome","1000-1499","10"
"2014","11a","Broome","3500+","782"
"2014","11a","Cattaraugus","Total","933"
"2014","11a","Cattaraugus","Unknown","91"
"2014","11a","Cattaraugus","2000-2499","54"
"2014","11a","Cattaraugus","1000-1499","10"
"2014","11a","Cattaraugus","1500-1999","17"
"2014","11a","Cattaraugus","3000-3499","325"
"2014","11a","Cattaraugus","Under 1000","10"
"2014","11a","Cattaraugus","2500-2999","130"
"2014","11a","Cattaraugus","3500+","296"
"2014","11a","Cayuga","Unknown","2"
"2014","11a","Cayuga","1500-1999","12"
"2014","11a","Cayuga","Total","777"
"2014","11a","Cayuga","1000-1499","6"
"2014","11a","Cayuga","Under 1000","4"
"2014","11a","Cayuga","2000-2499","25"
"2014","11a","Cayuga","3000-3499","293"
"2014","11a","Cayuga","2500-2999","111"
"2014","11a","Cayuga","3500+","324"
"2014","11a","Chautauqua","3000-3499","551"
"2014","11a","Chautauqua","3500+","519"
"2014","11a","Chautauqua","1000-1499","8"
"2014","11a","Chautauqua","1500-1999","25"
"2014","11a","Chautauqua","2500-2999","285"
"2014","11a","Chautauqua","2000-2499","65"
"2014","11a","Chautauqua","Unknown","29"
"2014","11a","Chautauqua","Under 1000","3"
"2014","11a","Chautauqua","Total","1,485"
"2014","11a","Chemung","Total","974"
"2014","11a","Chemung","3000-3499","347"
"2014","11a","Chemung","2500-2999","183"
"2014","11a","Chemung","Under 1000","10"
"2014","11a","Chemung","1500-1999","11"
"2014","11a","Chemung","2000-2499","58"
"2014","11a","Chemung","1000-1499","8"
"2014","11a","Chemung","3500+","357"
"2014","11a","Chemung","Unknown","0"
"2014","11a","Chenango","2000-2499","24"
"2014","11a","Chenango","2500-2999","85"
"2014","11a","Chenango","3000-3499","191"
"2014","11a","Chenango","Under 1000","2"
"2014","11a","Chenango","3500+","235"
"2014","11a","Chenango","1000-1499","5"
"2014","11a","Chenango","Unknown","3"
"2014","11a","Chenango","Total","551"
"2014","11a","Chenango","1500-1999","6"
"2014","11a","Clinton","2000-2499","30"
"2014","11a","Clinton","Unknown","1"
"2014","11a","Clinton","Under 1000","8"
"2014","11a","Clinton","Total","754"
"2014","11a","Clinton","3500+","274"
"2014","11a","Clinton","1000-1499","8"
"2014","11a","Clinton","2500-2999","130"
"2014","11a","Clinton","3000-3499","296"
"2014","11a","Clinton","1500-1999","7"
"2014","11a","Columbia","2500-2999","78"
"2014","11a","Columbia","2000-2499","22"
"2014","11a","Columbia","Total","492"
"2014","11a","Columbia","3500+","204"
"2014","11a","Columbia","1000-1499","3"
"2014","11a","Columbia","3000-3499","170"
"2014","11a","Columbia","Under 1000","3"
"2014","11a","Columbia","1500-1999","12"
"2014","11a","Columbia","Unknown","0"
"2014","11a","Cortland","Total","478"
"2014","11a","Cortland","1000-1499","4"
"2014","11a","Cortland","Under 1000","3"
"2014","11a","Cortland","2000-2499","25"
"2014","11a","Cortland","Unknown","12"
"2014","11a","Cortland","2500-2999","71"
"2014","11a","Cortland","1500-1999","5"
"2014","11a","Cortland","3500+","208"
"2014","11a","Cortland","3000-3499","150"
"2014","11a","Delaware","2000-2499","23"
"2014","11a","Delaware","1500-1999","2"
"2014","11a","Delaware","3500+","194"
"2014","11a","Delaware","1000-1499","1"
"2014","11a","Delaware","3000-3499","126"
"2014","11a","Delaware","2500-2999","55"
"2014","11a","Delaware","Under 1000","4"
"2014","11a","Delaware","Unknown","1"
"2014","11a","Delaware","Total","406"
"2014","11a","Dutchess","Total","2,680"
"2014","11a","Dutchess","1000-1499","25"
"2014","11a","Dutchess","3000-3499","999"
"2014","11a","Dutchess","2000-2499","139"
"2014","11a","Dutchess","Unknown","3"
"2014","11a","Dutchess","2500-2999","414"
"2014","11a","Dutchess","Under 1000","20"
"2014","11a","Dutchess","3500+","1,033"
"2014","11a","Dutchess","1500-1999","47"
"2014","11a","Erie","Unknown","15"
"2014","11a","Erie","1000-1499","93"
"2014","11a","Erie","2500-2999","1,735"
"2014","11a","Erie","Under 1000","87"
"2014","11a","Erie","Total","10,109"
"2014","11a","Erie","3000-3499","3,766"
"2014","11a","Erie","3500+","3,747"
"2014","11a","Erie","2000-2499","500"
"2014","11a","Erie","1500-1999","166"
"2014","11a","Essex","Under 1000","1"
"2014","11a","Essex","1500-1999","2"
"2014","11a","Essex","3500+","118"
"2014","11a","Essex","2000-2499","11"
"2014","11a","Essex","Unknown","1"
"2014","11a","Essex","Total","298"
"2014","11a","Essex","3000-3499","126"
"2014","11a","Essex","2500-2999","39"
"2014","11a","Essex","1000-1499","0"
"2014","11a","Franklin","3000-3499","147"
"2014","11a","Franklin","Total","441"
"2014","11a","Franklin","Unknown","3"
"2014","11a","Franklin","2000-2499","19"
"2014","11a","Franklin","Under 1000","5"
"2014","11a","Franklin","1500-1999","9"
"2014","11a","Franklin","3500+","177"
"2014","11a","Franklin","1000-1499","2"
"2014","11a","Franklin","2500-2999","79"
"2014","11a","Fulton","Unknown","1"
"2014","11a","Fulton","3000-3499","195"
"2014","11a","Fulton","Total","538"
"2014","11a","Fulton","3500+","207"
"2014","11a","Fulton","2500-2999","96"
"2014","11a","Fulton","1000-1499","4"
"2014","11a","Fulton","1500-1999","7"
"2014","11a","Fulton","2000-2499","25"
"2014","11a","Fulton","Under 1000","3"
"2014","11a","Genesee","Total","621"
"2014","11a","Genesee","Unknown","0"
"2014","11a","Genesee","3000-3499","211"
"2014","11a","Genesee","1000-1499","7"
"2014","11a","Genesee","2500-2999","108"
"2014","11a","Genesee","3500+","265"
"2014","11a","Genesee","1500-1999","8"
"2014","11a","Genesee","2000-2499","18"
"2014","11a","Genesee","Under 1000","4"
"2014","11a","Greene","Unknown","1"
"2014","11a","Greene","Total","398"
"2014","11a","Greene","Under 1000","5"
"2014","11a","Greene","1500-1999","7"
"2014","11a","Greene","1000-1499","3"
"2014","11a","Greene","3000-3499","147"
"2014","11a","Greene","3500+","154"
"2014","11a","Greene","2000-2499","20"
"2014","11a","Greene","2500-2999","61"
"2014","11a","Hamilton","1000-1499","0"
"2014","11a","Hamilton","1500-1999","2"
"2014","11a","Hamilton","Under 1000","0"
"2014","11a","Hamilton","2500-2999","5"
"2014","11a","Hamilton","3000-3499","12"
"2014","11a","Hamilton","Unknown","0"
"2014","11a","Hamilton","Total","29"
"2014","11a","Hamilton","2000-2499","1"
"2014","11a","Hamilton","3500+","9"
"2014","11a","Herkimer","Unknown","2"
"2014","11a","Herkimer","3500+","287"
"2014","11a","Herkimer","Under 1000","8"
"2014","11a","Herkimer","2000-2499","31"
"2014","11a","Herkimer","3000-3499","219"
"2014","11a","Herkimer","1000-1499","5"
"2014","11a","Herkimer","2500-2999","97"
"2014","11a","Herkimer","Total","657"
"2014","11a","Herkimer","1500-1999","8"
"2014","11a","Jefferson","Unknown","13"
"2014","11a","Jefferson","3500+","861"
"2014","11a","Jefferson","2500-2999","318"
"2014","11a","Jefferson","1500-1999","25"
"2014","11a","Jefferson","1000-1499","13"
"2014","11a","Jefferson","3000-3499","743"
"2014","11a","Jefferson","2000-2499","95"
"2014","11a","Jefferson","Total","2,081"
"2014","11a","Jefferson","Under 1000","13"
"2014","11a","Kings","1000-1499","325"
"2014","11a","Kings","3500+","13,370"
"2014","11a","Kings","2000-2499","1,941"
"2014","11a","Kings","Unknown","1"
"2014","11a","Kings","Under 1000","243"
"2014","11a","Kings","1500-1999","608"
"2014","11a","Kings","2500-2999","8,300"
"2014","11a","Kings","3000-3499","16,958"
"2014","11a","Kings","Total","41,746"
"2014","11a","Lewis","Unknown","1"
"2014","11a","Lewis","1500-1999","4"
"2014","11a","Lewis","3000-3499","132"
"2014","11a","Lewis","Under 1000","0"
"2014","11a","Lewis","Total","356"
"2014","11a","Lewis","1000-1499","5"
"2014","11a","Lewis","2500-2999","51"
"2014","11a","Lewis","2000-2499","10"
"2014","11a","Lewis","3500+","153"
"2014","11a","Livingston","2000-2499","13"
"2014","11a","Livingston","2500-2999","88"
"2014","11a","Livingston","3500+","226"
"2014","11a","Livingston","Under 1000","2"
"2014","11a","Livingston","1000-1499","2"
"2014","11a","Livingston","Total","526"
"2014","11a","Livingston","Unknown","1"
"2014","11a","Livingston","1500-1999","5"
"2014","11a","Livingston","3000-3499","189"
"2014","11a","Madison","3000-3499","241"
"2014","11a","Madison","2000-2499","36"
"2014","11a","Madison","1000-1499","0"
"2014","11a","Madison","Total","644"
"2014","11a","Madison","Under 1000","5"
"2014","11a","Madison","Unknown","13"
"2014","11a","Madison","1500-1999","8"
"2014","11a","Madison","3500+","247"
"2014","11a","Madison","2500-2999","94"
"2014","11a","Monroe","2500-2999","1,511"
"2014","11a","Monroe","3500+","3,156"
"2014","11a","Monroe","1000-1499","71"
"2014","11a","Monroe","Unknown","3"
"2014","11a","Monroe","3000-3499","3,018"
"2014","11a","Monroe","Under 1000","73"
"2014","11a","Monroe","2000-2499","413"
"2014","11a","Monroe","Total","8,388"
"2014","11a","Monroe","1500-1999","143"
"2014","11a","Montgomery","1000-1499","4"
"2014","11a","Montgomery","Unknown","12"
"2014","11a","Montgomery","3000-3499","202"
"2014","11a","Montgomery","Under 1000","6"
"2014","11a","Montgomery","3500+","249"
"2014","11a","Montgomery","2000-2499","22"
"2014","11a","Montgomery","2500-2999","116"
"2014","11a","Montgomery","Total","621"
"2014","11a","Montgomery","1500-1999","10"
"2014","11a","Nassau","2500-2999","2,490"
"2014","11a","Nassau","3500+","5,056"
"2014","11a","Nassau","1000-1499","100"
"2014","11a","Nassau","3000-3499","5,637"
"2014","11a","Nassau","2000-2499","726"
"2014","11a","Nassau","1500-1999","242"
"2014","11a","Nassau","Total","14,339"
"2014","11a","Nassau","Under 1000","88"
"2014","11a","Nassau","Unknown","0"
"2014","11a","New York","3000-3499","7,439"
"2014","11a","New York","2500-2999","3,711"
"2014","11a","New York","1000-1499","143"
"2014","11a","New York","Unknown","0"
"2014","11a","New York","1500-1999","318"
"2014","11a","New York","Total","18,356"
"2014","11a","New York","3500+","5,692"
"2014","11a","New York","2000-2499","950"
"2014","11a","New York","Under 1000","103"
"2014","11a","New York City","1500-1999","1,836"
"2014","11a","New York City","2500-2999","23,596"
"2014","11a","New York City","3000-3499","47,237"
"2014","11a","New York City","3500+","36,879"
"2014","11a","New York City","2000-2499","5,870"
"2014","11a","New York City","Total","117,099"
"2014","11a","New York City","Under 1000","727"
"2014","11a","New York City","1000-1499","951"
"2014","11a","New York City","Unknown","3"
"2014","11a","New York State","Under 1000","1,529"
"2014","11a","New York State","2500-2999","43,739"
"2014","11a","New York State","Total","238,000"
"2014","11a","New York State","1000-1499","1,794"
"2014","11a","New York State","Unknown","323"
"2014","11a","New York State","2000-2499","11,670"
"2014","11a","New York State","3000-3499","92,351"
"2014","11a","New York State","3500+","82,943"
"2014","11a","New York State","1500-1999","3,651"
"2014","11a","Niagara","Unknown","2"
"2014","11a","Niagara","2500-2999","398"
"2014","11a","Niagara","2000-2499","95"
"2014","11a","Niagara","3000-3499","841"
"2014","11a","Niagara","Under 1000","20"
"2014","11a","Niagara","3500+","763"
"2014","11a","Niagara","1500-1999","34"
"2014","11a","Niagara","Total","2,165"
"2014","11a","Niagara","1000-1499","12"
"2014","11a","Oneida","2500-2999","428"
"2014","11a","Oneida","Total","2,495"
"2014","11a","Oneida","3000-3499","867"
"2014","11a","Oneida","1000-1499","19"
"2014","11a","Oneida","Unknown","1"
"2014","11a","Oneida","2000-2499","110"
"2014","11a","Oneida","3500+","1,016"
"2014","11a","Oneida","1500-1999","33"
"2014","11a","Oneida","Under 1000","21"
"2014","11a","Onondaga","1500-1999","82"
"2014","11a","Onondaga","2000-2499","266"
"2014","11a","Onondaga","3000-3499","1,912"
"2014","11a","Onondaga","1000-1499","43"
"2014","11a","Onondaga","2500-2999","820"
"2014","11a","Onondaga","Under 1000","39"
"2014","11a","Onondaga","Unknown","1"
"2014","11a","Onondaga","Total","5,291"
"2014","11a","Onondaga","3500+","2,128"
"2014","11a","Ontario","2500-2999","160"
"2014","11a","Ontario","Total","1,084"
"2014","11a","Ontario","3500+","473"
"2014","11a","Ontario","3000-3499","365"
"2014","11a","Ontario","Unknown","4"
"2014","11a","Ontario","Under 1000","6"
"2014","11a","Ontario","1500-1999","13"
"2014","11a","Ontario","2000-2499","57"
"2014","11a","Ontario","1000-1499","6"
"2014","11a","Orange","1500-1999","72"
"2014","11a","Orange","3000-3499","1,837"
"2014","11a","Orange","2000-2499","208"
"2014","11a","Orange","2500-2999","803"
"2014","11a","Orange","1000-1499","21"
"2014","11a","Orange","Total","4,856"
"2014","11a","Orange","Under 1000","32"
"2014","11a","Orange","Unknown","6"
"2014","11a","Orange","3500+","1,877"
"2014","11a","Orleans","Unknown","0"
"2014","11a","Orleans","Under 1000","5"
"2014","11a","Orleans","3000-3499","146"
"2014","11a","Orleans","1500-1999","5"
"2014","11a","Orleans","1000-1499","6"
"2014","11a","Orleans","2500-2999","49"
"2014","11a","Orleans","2000-2499","25"
"2014","11a","Orleans","3500+","184"
"2014","11a","Orleans","Total","420"
"2014","11a","Oswego","Under 1000","4"
"2014","11a","Oswego","1500-1999","13"
"2014","11a","Oswego","Total","1,269"
"2014","11a","Oswego","3000-3499","455"
"2014","11a","Oswego","2000-2499","71"
"2014","11a","Oswego","3500+","520"
"2014","11a","Oswego","Unknown","5"
"2014","11a","Oswego","2500-2999","195"
"2014","11a","Oswego","1000-1499","6"
"2014","11a","Otsego","Under 1000","2"
"2014","11a","Otsego","3000-3499","180"
"2014","11a","Otsego","2000-2499","22"
"2014","11a","Otsego","Unknown","7"
"2014","11a","Otsego","2500-2999","93"
"2014","11a","Otsego","1500-1999","11"
"2014","11a","Otsego","Total","540"
"2014","11a","Otsego","1000-1499","0"
"2014","11a","Otsego","3500+","225"
"2014","11a","Putnam","1000-1499","6"
"2014","11a","Putnam","Total","825"
"2014","11a","Putnam","2500-2999","132"
"2014","11a","Putnam","2000-2499","43"
"2014","11a","Putnam","3000-3499","314"
"2014","11a","Putnam","Unknown","4"
"2014","11a","Putnam","Under 1000","5"
"2014","11a","Putnam","3500+","308"
"2014","11a","Putnam","1500-1999","13"
"2014","11a","Queens","2500-2999","6,056"
"2014","11a","Queens","1000-1499","228"
"2014","11a","Queens","3500+","9,429"
"2014","11a","Queens","Unknown","1"
"2014","11a","Queens","Total","30,362"
"2014","11a","Queens","2000-2499","1,536"
"2014","11a","Queens","3000-3499","12,478"
"2014","11a","Queens","1500-1999","466"
"2014","11a","Queens","Under 1000","168"
"2014","11a","Rensselaer","3500+","694"
"2014","11a","Rensselaer","1000-1499","9"
"2014","11a","Rensselaer","Under 1000","16"
"2014","11a","Rensselaer","1500-1999","28"
"2014","11a","Rensselaer","Unknown","1"
"2014","11a","Rensselaer","2500-2999","242"
"2014","11a","Rensselaer","3000-3499","586"
"2014","11a","Rensselaer","Total","1,648"
"2014","11a","Rensselaer","2000-2499","72"
"2014","11a","Rest of State","Unknown","320"
"2014","11a","Rest of State","1000-1499","843"
"2014","11a","Rest of State","2000-2499","5,800"
"2014","11a","Rest of State","1500-1999","1,815"
"2014","11a","Rest of State","Under 1000","802"
"2014","11a","Rest of State","3000-3499","45,114"
"2014","11a","Rest of State","3500+","46,064"
"2014","11a","Rest of State","Total","120,901"
"2014","11a","Rest of State","2500-2999","20,143"
"2014","11a","Richmond","Unknown","1"
"2014","11a","Richmond","Under 1000","32"
"2014","11a","Richmond","2500-2999","985"
"2014","11a","Richmond","Total","5,326"
"2014","11a","Richmond","1000-1499","35"
"2014","11a","Richmond","2000-2499","270"
"2014","11a","Richmond","3500+","1,790"
"2014","11a","Richmond","3000-3499","2,136"
"2014","11a","Richmond","1500-1999","77"
"2014","11a","Rockland","1000-1499","19"
"2014","11a","Rockland","2000-2499","212"
"2014","11a","Rockland","Total","5,170"
"2014","11a","Rockland","3500+","2,041"
"2014","11a","Rockland","1500-1999","60"
"2014","11a","Rockland","3000-3499","1,976"
"2014","11a","Rockland","2500-2999","837"
"2014","11a","Rockland","Under 1000","23"
"2014","11a","Rockland","Unknown","2"
"2014","11a","Saratoga","Total","2,235"
"2014","11a","Saratoga","2000-2499","89"
"2014","11a","Saratoga","Unknown","2"
"2014","11a","Saratoga","1000-1499","17"
"2014","11a","Saratoga","1500-1999","23"
"2014","11a","Saratoga","3500+","988"
"2014","11a","Saratoga","2500-2999","316"
"2014","11a","Saratoga","Under 1000","13"
"2014","11a","Saratoga","3000-3499","787"
"2014","11a","Schenectady","2000-2499","90"
"2014","11a","Schenectady","Under 1000","17"
"2014","11a","Schenectady","Total","1,821"
"2014","11a","Schenectady","2500-2999","308"
"2014","11a","Schenectady","Unknown","2"
"2014","11a","Schenectady","1000-1499","20"
"2014","11a","Schenectady","3500+","672"
"2014","11a","Schenectady","1500-1999","22"
"2014","11a","Schenectady","3000-3499","690"
"2014","11a","Schoharie","Under 1000","3"
"2014","11a","Schoharie","3000-3499","77"
"2014","11a","Schoharie","2500-2999","46"
"2014","11a","Schoharie","Unknown","1"
"2014","11a","Schoharie","3500+","114"
"2014","11a","Schoharie","Total","260"
"2014","11a","Schoharie","1000-1499","2"
"2014","11a","Schoharie","2000-2499","13"
"2014","11a","Schoharie","1500-1999","4"
"2014","11a","Schuyler","Unknown","0"
"2014","11a","Schuyler","3500+","75"
"2014","11a","Schuyler","Under 1000","1"
"2014","11a","Schuyler","3000-3499","53"
"2014","11a","Schuyler","1500-1999","6"
"2014","11a","Schuyler","Total","168"
"2014","11a","Schuyler","2500-2999","22"
"2014","11a","Schuyler","2000-2499","10"
"2014","11a","Schuyler","1000-1499","1"
"2014","11a","Seneca","3000-3499","134"
"2014","11a","Seneca","1500-1999","3"
"2014","11a","Seneca","1000-1499","1"
"2014","11a","Seneca","2000-2499","19"
"2014","11a","Seneca","Under 1000","0"
"2014","11a","Seneca","2500-2999","75"
"2014","11a","Seneca","Total","388"
"2014","11a","Seneca","3500+","152"
"2014","11a","Seneca","Unknown","4"
"2014","11a","Steuben","2000-2499","45"
"2014","11a","Steuben","2500-2999","172"
"2014","11a","Steuben","3000-3499","404"
"2014","11a","Steuben","1500-1999","9"
"2014","11a","Steuben","3500+","427"
"2014","11a","Steuben","1000-1499","11"
"2014","11a","Steuben","Under 1000","5"
"2014","11a","Steuben","Total","1,074"
"2014","11a","Steuben","Unknown","1"
"2014","11a","St Lawrence","2500-2999","179"
"2014","11a","St Lawrence","3000-3499","406"
"2014","11a","St Lawrence","Total","1,137"
"2014","11a","St Lawrence","3500+","450"
"2014","11a","St Lawrence","1000-1499","5"
"2014","11a","St Lawrence","1500-1999","15"
"2014","11a","St Lawrence","Under 1000","3"
"2014","11a","St Lawrence","2000-2499","43"
"2014","11a","St Lawrence","Unknown","36"
"2014","11a","Suffolk","2500-2999","2,705"
"2014","11a","Suffolk","2000-2499","769"
"2014","11a","Suffolk","1000-1499","108"
"2014","11a","Suffolk","Under 1000","78"
"2014","11a","Suffolk","1500-1999","232"
"2014","11a","Suffolk","3500+","5,713"
"2014","11a","Suffolk","Total","15,568"
"2014","11a","Suffolk","3000-3499","5,962"
"2014","11a","Suffolk","Unknown","1"
"2014","11a","Sullivan","2000-2499","52"
"2014","11a","Sullivan","Total","785"
"2014","11a","Sullivan","1500-1999","10"
"2014","11a","Sullivan","Under 1000","5"
"2014","11a","Sullivan","Unknown","1"
"2014","11a","Sullivan","2500-2999","140"
"2014","11a","Sullivan","3000-3499","305"
"2014","11a","Sullivan","1000-1499","4"
"2014","11a","Sullivan","3500+","268"
"2014","11a","Tioga","3000-3499","195"
"2014","11a","Tioga","2500-2999","65"
"2014","11a","Tioga","2000-2499","29"
"2014","11a","Tioga","Total","518"
"2014","11a","Tioga","Unknown","0"
"2014","11a","Tioga","3500+","224"
"2014","11a","Tioga","1500-1999","4"
"2014","11a","Tioga","Under 1000","1"
"2014","11a","Tioga","1000-1499","0"
"2014","11a","Tompkins","2000-2499","25"
"2014","11a","Tompkins","3500+","359"
"2014","11a","Tompkins","3000-3499","324"
"2014","11a","Tompkins","1500-1999","11"
"2014","11a","Tompkins","2500-2999","126"
"2014","11a","Tompkins","Total","856"
"2014","11a","Tompkins","Unknown","1"
"2014","11a","Tompkins","Under 1000","2"
"2014","11a","Tompkins","1000-1499","8"
"2014","11a","Ulster","2000-2499","65"
"2014","11a","Ulster","Under 1000","13"
"2014","11a","Ulster","1500-1999","30"
"2014","11a","Ulster","Unknown","2"
"2014","11a","Ulster","Total","1,525"
"2014","11a","Ulster","3000-3499","552"
"2014","11a","Ulster","2500-2999","200"
"2014","11a","Ulster","3500+","651"
"2014","11a","Ulster","1000-1499","12"
"2014","11a","Warren","Under 1000","2"
"2014","11a","Warren","Total","567"
"2014","11a","Warren","3500+","236"
"2014","11a","Warren","1500-1999","4"
"2014","11a","Warren","1000-1499","4"
"2014","11a","Warren","3000-3499","211"
"2014","11a","Warren","2000-2499","22"
"2014","11a","Warren","2500-2999","88"
"2014","11a","Warren","Unknown","0"
"2014","11a","Washington","3000-3499","189"
"2014","11a","Washington","Total","585"
"2014","11a","Washington","Under 1000","1"
"2014","11a","Washington","1500-1999","5"
"2014","11a","Washington","1000-1499","4"
"2014","11a","Washington","3500+","265"
"2014","11a","Washington","2500-2999","95"
"2014","11a","Washington","Unknown","0"
"2014","11a","Washington","2000-2499","26"
"2014","11a","Wayne","3500+","420"
"2014","11a","Wayne","Total","970"
"2014","11a","Wayne","1000-1499","9"
"2014","11a","Wayne","2000-2499","40"
"2014","11a","Wayne","Under 1000","4"
"2014","11a","Wayne","1500-1999","17"
"2014","11a","Wayne","2500-2999","147"
"2014","11a","Wayne","Unknown","2"
"2014","11a","Wayne","3000-3499","331"
"2014","11a","Westchester","Total","10,641"
"2014","11a","Westchester","3000-3499","4,235"
"2014","11a","Westchester","Under 1000","81"
"2014","11a","Westchester","1500-1999","178"
"2014","11a","Westchester","Unknown","5"
"2014","11a","Westchester","1000-1499","68"
"2014","11a","Westchester","3500+","3,683"
"2014","11a","Westchester","2500-2999","1,826"
"2014","11a","Westchester","2000-2499","565"
"2014","11a","Wyoming","Under 1000","0"
"2014","11a","Wyoming","3500+","172"
"2014","11a","Wyoming","Unknown","1"
"2014","11a","Wyoming","1000-1499","0"
"2014","11a","Wyoming","3000-3499","131"
"2014","11a","Wyoming","1500-1999","7"
"2014","11a","Wyoming","Total","390"
"2014","11a","Wyoming","2500-2999","61"
"2014","11a","Wyoming","2000-2499","18"
"2014","11a","Yates","1000-1499","0"
"2014","11a","Yates","2000-2499","11"
"2014","11a","Yates","2500-2999","34"
"2014","11a","Yates","3500+","138"
"2014","11a","Yates","3000-3499","91"
"2014","11a","Yates","Total","283"
"2014","11a","Yates","1500-1999","2"
"2014","11a","Yates","Unknown","6"
"2014","11a","Yates","Under 1000","1"
"2013","11a","Albany","Unknown","1"
"2013","11a","Albany","Under 1000","39"
"2013","11a","Albany","1000-1499","25"
"2013","11a","Albany","1500-1999","53"
"2013","11a","Albany","2000-2499","152"
"2013","11a","Albany","Total","3,137"
"2013","11a","Albany","2500-2999","534"
"2013","11a","Albany","3000-3499","1,120"
"2013","11a","Albany","3500+","1,213"
"2013","11a","Allegany","Under 1000","2"
"2013","11a","Allegany","Total","473"
"2013","11a","Allegany","Unknown","9"
"2013","11a","Allegany","3500+","174"
"2013","11a","Allegany","3000-3499","182"
"2013","11a","Allegany","2500-2999","81"
"2013","11a","Allegany","2000-2499","22"
"2013","11a","Allegany","1500-1999","3"
"2013","11a","Allegany","1000-1499","0"
"2013","11a","Bronx","3500+","6,507"
"2013","11a","Bronx","Total","21,156"
"2013","11a","Bronx","Under 1000","196"
"2013","11a","Bronx","1000-1499","192"
"2013","11a","Bronx","1500-1999","381"
"2013","11a","Bronx","2000-2499","1,223"
"2013","11a","Bronx","2500-2999","4,304"
"2013","11a","Bronx","3000-3499","8,353"
"2013","11a","Bronx","Unknown","0"
"2013","11a","Broome","3500+","770"
"2013","11a","Broome","Total","2,061"
"2013","11a","Broome","Under 1000","16"
"2013","11a","Broome","1000-1499","16"
"2013","11a","Broome","1500-1999","26"
"2013","11a","Broome","2000-2499","91"
"2013","11a","Broome","2500-2999","325"
"2013","11a","Broome","3000-3499","815"
"2013","11a","Broome","Unknown","2"
"2013","11a","Cattaraugus","Under 1000","10"
"2013","11a","Cattaraugus","Total","909"
"2013","11a","Cattaraugus","Unknown","84"
"2013","11a","Cattaraugus","3500+","275"
"2013","11a","Cattaraugus","3000-3499","336"
"2013","11a","Cattaraugus","2500-2999","146"
"2013","11a","Cattaraugus","2000-2499","43"
"2013","11a","Cattaraugus","1500-1999","9"
"2013","11a","Cattaraugus","1000-1499","6"
"2013","11a","Cayuga","Unknown","1"
"2013","11a","Cayuga","Total","741"
"2013","11a","Cayuga","1000-1499","5"
"2013","11a","Cayuga","1500-1999","13"
"2013","11a","Cayuga","Under 1000","7"
"2013","11a","Cayuga","2000-2499","30"
"2013","11a","Cayuga","2500-2999","91"
"2013","11a","Cayuga","3000-3499","270"
"2013","11a","Cayuga","3500+","324"
"2013","11a","Chautauqua","Under 1000","8"
"2013","11a","Chautauqua","Unknown","28"
"2013","11a","Chautauqua","3500+","429"
"2013","11a","Chautauqua","3000-3499","533"
"2013","11a","Chautauqua","2500-2999","246"
"2013","11a","Chautauqua","2000-2499","63"
"2013","11a","Chautauqua","1500-1999","25"
"2013","11a","Chautauqua","Total","1,340"
"2013","11a","Chautauqua","1000-1499","8"
"2013","11a","Chemung","Unknown","0"
"2013","11a","Chemung","Under 1000","5"
"2013","11a","Chemung","1000-1499","7"
"2013","11a","Chemung","1500-1999","17"
"2013","11a","Chemung","2000-2499","39"
"2013","11a","Chemung","2500-2999","153"
"2013","11a","Chemung","3000-3499","321"
"2013","11a","Chemung","3500+","396"
"2013","11a","Chemung","Total","938"
"2013","11a","Chenango","Unknown","2"
"2013","11a","Chenango","Total","499"
"2013","11a","Chenango","Under 1000","2"
"2013","11a","Chenango","1000-1499","1"
"2013","11a","Chenango","1500-1999","7"
"2013","11a","Chenango","2000-2499","21"
"2013","11a","Chenango","2500-2999","59"
"2013","11a","Chenango","3000-3499","184"
"2013","11a","Chenango","3500+","223"
"2013","11a","Clinton","Under 1000","0"
"2013","11a","Clinton","Total","730"
"2013","11a","Clinton","Unknown","1"
"2013","11a","Clinton","3500+","295"
"2013","11a","Clinton","3000-3499","255"
"2013","11a","Clinton","2500-2999","116"
"2013","11a","Clinton","2000-2499","44"
"2013","11a","Clinton","1500-1999","15"
"2013","11a","Clinton","1000-1499","4"
"2013","11a","Columbia","1000-1499","3"
"2013","11a","Columbia","Total","539"
"2013","11a","Columbia","Unknown","0"
"2013","11a","Columbia","3500+","217"
"2013","11a","Columbia","3000-3499","202"
"2013","11a","Columbia","2500-2999","87"
"2013","11a","Columbia","2000-2499","24"
"2013","11a","Columbia","1500-1999","4"
"2013","11a","Columbia","Under 1000","2"
"2013","11a","Cortland","Unknown","7"
"2013","11a","Cortland","Total","471"
"2013","11a","Cortland","Under 1000","3"
"2013","11a","Cortland","1000-1499","1"
"2013","11a","Cortland","1500-1999","6"
"2013","11a","Cortland","2000-2499","18"
"2013","11a","Cortland","2500-2999","78"
"2013","11a","Cortland","3000-3499","187"
"2013","11a","Cortland","3500+","171"
"2013","11a","Delaware","Under 1000","6"
"2013","11a","Delaware","Total","376"
"2013","11a","Delaware","Unknown","3"
"2013","11a","Delaware","3500+","156"
"2013","11a","Delaware","3000-3499","125"
"2013","11a","Delaware","2500-2999","57"
"2013","11a","Delaware","2000-2499","15"
"2013","11a","Delaware","1500-1999","12"
"2013","11a","Delaware","1000-1499","2"
"2013","11a","Dutchess","Under 1000","18"
"2013","11a","Dutchess","Unknown","5"
"2013","11a","Dutchess","3500+","1,039"
"2013","11a","Dutchess","3000-3499","957"
"2013","11a","Dutchess","2500-2999","403"
"2013","11a","Dutchess","2000-2499","113"
"2013","11a","Dutchess","1500-1999","40"
"2013","11a","Dutchess","1000-1499","19"
"2013","11a","Dutchess","Total","2,594"
"2013","11a","Erie","Unknown","14"
"2013","11a","Erie","Under 1000","77"
"2013","11a","Erie","1000-1499","88"
"2013","11a","Erie","1500-1999","152"
"2013","11a","Erie","2000-2499","470"
"2013","11a","Erie","2500-2999","1,699"
"2013","11a","Erie","3000-3499","3,675"
"2013","11a","Erie","3500+","3,698"
"2013","11a","Erie","Total","9,873"
"2013","11a","Essex","Unknown","1"
"2013","11a","Essex","Total","307"
"2013","11a","Essex","Under 1000","2"
"2013","11a","Essex","1000-1499","3"
"2013","11a","Essex","1500-1999","8"
"2013","11a","Essex","2000-2499","16"
"2013","11a","Essex","2500-2999","47"
"2013","11a","Essex","3000-3499","107"
"2013","11a","Essex","3500+","123"
"2013","11a","Franklin","Total","510"
"2013","11a","Franklin","Unknown","1"
"2013","11a","Franklin","3500+","193"
"2013","11a","Franklin","3000-3499","188"
"2013","11a","Franklin","2500-2999","86"
"2013","11a","Franklin","2000-2499","27"
"2013","11a","Franklin","1500-1999","11"
"2013","11a","Franklin","1000-1499","3"
"2013","11a","Franklin","Under 1000","1"
"2013","11a","Fulton","Under 1000","1"
"2013","11a","Fulton","Total","526"
"2013","11a","Fulton","Unknown","0"
"2013","11a","Fulton","3500+","204"
"2013","11a","Fulton","3000-3499","188"
"2013","11a","Fulton","2500-2999","86"
"2013","11a","Fulton","2000-2499","30"
"2013","11a","Fulton","1500-1999","11"
"2013","11a","Fulton","1000-1499","6"
"2013","11a","Genesee","Unknown","0"
"2013","11a","Genesee","Under 1000","5"
"2013","11a","Genesee","Total","569"
"2013","11a","Genesee","1000-1499","4"
"2013","11a","Genesee","1500-1999","8"
"2013","11a","Genesee","2000-2499","17"
"2013","11a","Genesee","2500-2999","90"
"2013","11a","Genesee","3000-3499","194"
"2013","11a","Genesee","3500+","251"
"2013","11a","Greene","Total","418"
"2013","11a","Greene","Unknown","0"
"2013","11a","Greene","3500+","196"
"2013","11a","Greene","3000-3499","137"
"2013","11a","Greene","2500-2999","59"
"2013","11a","Greene","2000-2499","19"
"2013","11a","Greene","1500-1999","5"
"2013","11a","Greene","1000-1499","1"
"2013","11a","Greene","Under 1000","1"
"2013","11a","Hamilton","3500+","17"
"2013","11a","Hamilton","Total","30"
"2013","11a","Hamilton","Under 1000","0"
"2013","11a","Hamilton","1000-1499","1"
"2013","11a","Hamilton","1500-1999","1"
"2013","11a","Hamilton","2000-2499","0"
"2013","11a","Hamilton","2500-2999","6"
"2013","11a","Hamilton","3000-3499","5"
"2013","11a","Hamilton","Unknown","0"
"2013","11a","Herkimer","Total","673"
"2013","11a","Herkimer","Unknown","2"
"2013","11a","Herkimer","3500+","282"
"2013","11a","Herkimer","3000-3499","235"
"2013","11a","Herkimer","2500-2999","107"
"2013","11a","Herkimer","2000-2499","30"
"2013","11a","Herkimer","1500-1999","8"
"2013","11a","Herkimer","1000-1499","5"
"2013","11a","Herkimer","Under 1000","4"
"2013","11a","Jefferson","Under 1000","11"
"2013","11a","Jefferson","Unknown","12"
"2013","11a","Jefferson","3500+","888"
"2013","11a","Jefferson","3000-3499","838"
"2013","11a","Jefferson","2500-2999","331"
"2013","11a","Jefferson","2000-2499","82"
"2013","11a","Jefferson","1500-1999","25"
"2013","11a","Jefferson","1000-1499","19"
"2013","11a","Jefferson","Total","2,206"
"2013","11a","Kings","1000-1499","273"
"2013","11a","Kings","Total","41,060"
"2013","11a","Kings","Under 1000","245"
"2013","11a","Kings","1500-1999","612"
"2013","11a","Kings","2000-2499","2,122"
"2013","11a","Kings","2500-2999","8,066"
"2013","11a","Kings","3000-3499","16,735"
"2013","11a","Kings","3500+","13,003"
"2013","11a","Kings","Unknown","4"
"2013","11a","Lewis","Unknown","6"
"2013","11a","Lewis","Total","319"
"2013","11a","Lewis","Under 1000","2"
"2013","11a","Lewis","1000-1499","1"
"2013","11a","Lewis","1500-1999","4"
"2013","11a","Lewis","2000-2499","16"
"2013","11a","Lewis","2500-2999","38"
"2013","11a","Lewis","3000-3499","125"
"2013","11a","Lewis","3500+","127"
"2013","11a","Livingston","Total","524"
"2013","11a","Livingston","Under 1000","1"
"2013","11a","Livingston","1000-1499","3"
"2013","11a","Livingston","1500-1999","2"
"2013","11a","Livingston","2000-2499","18"
"2013","11a","Livingston","2500-2999","77"
"2013","11a","Livingston","3000-3499","191"
"2013","11a","Livingston","3500+","231"
"2013","11a","Livingston","Unknown","1"
"2013","11a","Madison","Unknown","7"
"2013","11a","Madison","Total","645"
"2013","11a","Madison","Under 1000","0"
"2013","11a","Madison","1000-1499","5"
"2013","11a","Madison","1500-1999","5"
"2013","11a","Madison","2000-2499","27"
"2013","11a","Madison","2500-2999","95"
"2013","11a","Madison","3000-3499","233"
"2013","11a","Madison","3500+","273"
"2013","11a","Monroe","Unknown","2"
"2013","11a","Monroe","Total","8,355"
"2013","11a","Monroe","Under 1000","62"
"2013","11a","Monroe","1000-1499","52"
"2013","11a","Monroe","1500-1999","145"
"2013","11a","Monroe","2000-2499","421"
"2013","11a","Monroe","2500-2999","1,443"
"2013","11a","Monroe","3000-3499","3,090"
"2013","11a","Monroe","3500+","3,140"
"2013","11a","Montgomery","3500+","235"
"2013","11a","Montgomery","Unknown","7"
"2013","11a","Montgomery","3000-3499","225"
"2013","11a","Montgomery","2500-2999","94"
"2013","11a","Montgomery","2000-2499","24"
"2013","11a","Montgomery","1500-1999","4"
"2013","11a","Montgomery","1000-1499","2"
"2013","11a","Montgomery","Under 1000","3"
"2013","11a","Montgomery","Total","594"
"2013","11a","Nassau","Total","13,821"
"2013","11a","Nassau","Under 1000","85"
"2013","11a","Nassau","1000-1499","94"
"2013","11a","Nassau","1500-1999","244"
"2013","11a","Nassau","2000-2499","651"
"2013","11a","Nassau","2500-2999","2,509"
"2013","11a","Nassau","3000-3499","5,398"
"2013","11a","Nassau","3500+","4,838"
"2013","11a","Nassau","Unknown","2"
"2013","11a","New York","1000-1499","139"
"2013","11a","New York","Total","18,423"
"2013","11a","New York","Unknown","1"
"2013","11a","New York","Under 1000","107"
"2013","11a","New York","1500-1999","281"
"2013","11a","New York","2000-2499","1,037"
"2013","11a","New York","2500-2999","3,661"
"2013","11a","New York","3000-3499","7,420"
"2013","11a","New York","3500+","5,777"
"2013","11a","New York City","Total","115,994"
"2013","11a","New York City","3500+","36,394"
"2013","11a","New York City","3000-3499","46,775"
"2013","11a","New York City","2500-2999","23,122"
"2013","11a","New York City","Unknown","5"
"2013","11a","New York City","2000-2499","6,275"
"2013","11a","New York City","1500-1999","1,825"
"2013","11a","New York City","1000-1499","841"
"2013","11a","New York City","Under 1000","757"
"2013","11a","New York State","Unknown","290"
"2013","11a","New York State","Total","235,274"
"2013","11a","New York State","Under 1000","1,533"
"2013","11a","New York State","1000-1499","1,664"
"2013","11a","New York State","1500-1999","3,657"
"2013","11a","New York State","2000-2499","11,816"
"2013","11a","New York State","2500-2999","43,225"
"2013","11a","New York State","3000-3499","91,746"
"2013","11a","New York State","3500+","81,343"
"2013","11a","Niagara","Total","2,195"
"2013","11a","Niagara","Unknown","0"
"2013","11a","Niagara","3500+","754"
"2013","11a","Niagara","3000-3499","787"
"2013","11a","Niagara","2500-2999","460"
"2013","11a","Niagara","2000-2499","125"
"2013","11a","Niagara","1500-1999","34"
"2013","11a","Niagara","1000-1499","16"
"2013","11a","Niagara","Under 1000","19"
"2013","11a","Oneida","2500-2999","431"
"2013","11a","Oneida","Unknown","1"
"2013","11a","Oneida","3500+","1,013"
"2013","11a","Oneida","3000-3499","976"
"2013","11a","Oneida","2000-2499","135"
"2013","11a","Oneida","1500-1999","49"
"2013","11a","Oneida","1000-1499","22"
"2013","11a","Oneida","Under 1000","15"
"2013","11a","Oneida","Total","2,642"
"2013","11a","Onondaga","Under 1000","33"
"2013","11a","Onondaga","1000-1499","29"
"2013","11a","Onondaga","1500-1999","103"
"2013","11a","Onondaga","2000-2499","236"
"2013","11a","Onondaga","Total","5,233"
"2013","11a","Onondaga","2500-2999","851"
"2013","11a","Onondaga","3000-3499","1,892"
"2013","11a","Onondaga","3500+","2,089"
"2013","11a","Onondaga","Unknown","0"
"2013","11a","Ontario","Total","1,028"
"2013","11a","Ontario","Under 1000","4"
"2013","11a","Ontario","1000-1499","3"
"2013","11a","Ontario","1500-1999","21"
"2013","11a","Ontario","2000-2499","41"
"2013","11a","Ontario","2500-2999","146"
"2013","11a","Ontario","3000-3499","369"
"2013","11a","Ontario","3500+","443"
"2013","11a","Ontario","Unknown","1"
"2013","11a","Orange","Total","4,746"
"2013","11a","Orange","Under 1000","35"
"2013","11a","Orange","1000-1499","39"
"2013","11a","Orange","1500-1999","68"
"2013","11a","Orange","2000-2499","204"
"2013","11a","Orange","2500-2999","775"
"2013","11a","Orange","3000-3499","1,830"
"2013","11a","Orange","3500+","1,792"
"2013","11a","Orange","Unknown","3"
"2013","11a","Orleans","Total","414"
"2013","11a","Orleans","Under 1000","1"
"2013","11a","Orleans","1000-1499","3"
"2013","11a","Orleans","1500-1999","7"
"2013","11a","Orleans","2000-2499","19"
"2013","11a","Orleans","2500-2999","52"
"2013","11a","Orleans","3000-3499","168"
"2013","11a","Orleans","3500+","164"
"2013","11a","Orleans","Unknown","0"
"2013","11a","Oswego","2000-2499","64"
"2013","11a","Oswego","Total","1,329"
"2013","11a","Oswego","Under 1000","16"
"2013","11a","Oswego","1000-1499","6"
"2013","11a","Oswego","1500-1999","12"
"2013","11a","Oswego","2500-2999","219"
"2013","11a","Oswego","3000-3499","477"
"2013","11a","Oswego","3500+","527"
"2013","11a","Oswego","Unknown","8"
"2013","11a","Otsego","Total","534"
"2013","11a","Otsego","Under 1000","2"
"2013","11a","Otsego","1000-1499","2"
"2013","11a","Otsego","1500-1999","3"
"2013","11a","Otsego","2000-2499","25"
"2013","11a","Otsego","2500-2999","77"
"2013","11a","Otsego","3000-3499","180"
"2013","11a","Otsego","3500+","244"
"2013","11a","Otsego","Unknown","1"
"2013","11a","Putnam","Total","802"
"2013","11a","Putnam","Under 1000","2"
"2013","11a","Putnam","1000-1499","1"
"2013","11a","Putnam","1500-1999","7"
"2013","11a","Putnam","2000-2499","50"
"2013","11a","Putnam","2500-2999","126"
"2013","11a","Putnam","3000-3499","312"
"2013","11a","Putnam","3500+","303"
"2013","11a","Putnam","Unknown","1"
"2013","11a","Queens","Unknown","0"
"2013","11a","Queens","Total","30,074"
"2013","11a","Queens","Under 1000","176"
"2013","11a","Queens","1000-1499","201"
"2013","11a","Queens","1500-1999","480"
"2013","11a","Queens","2000-2499","1,583"
"2013","11a","Queens","2500-2999","6,123"
"2013","11a","Queens","3000-3499","12,250"
"2013","11a","Queens","3500+","9,261"
"2013","11a","Rensselaer","Total","1,750"
"2013","11a","Rensselaer","Under 1000","9"
"2013","11a","Rensselaer","1000-1499","16"
"2013","11a","Rensselaer","1500-1999","35"
"2013","11a","Rensselaer","2000-2499","85"
"2013","11a","Rensselaer","2500-2999","259"
"2013","11a","Rensselaer","3000-3499","662"
"2013","11a","Rensselaer","3500+","681"
"2013","11a","Rensselaer","Unknown","3"
"2013","11a","Rest of State","2500-2999","20,103"
"2013","11a","Rest of State","Unknown","285"
"2013","11a","Rest of State","3500+","44,949"
"2013","11a","Rest of State","3000-3499","44,971"
"2013","11a","Rest of State","2000-2499","5,541"
"2013","11a","Rest of State","1500-1999","1,832"
"2013","11a","Rest of State","1000-1499","823"
"2013","11a","Rest of State","Under 1000","776"
"2013","11a","Rest of State","Total","119,280"
"2013","11a","Richmond","Unknown","0"
"2013","11a","Richmond","Total","5,281"
"2013","11a","Richmond","Under 1000","33"
"2013","11a","Richmond","1000-1499","36"
"2013","11a","Richmond","1500-1999","71"
"2013","11a","Richmond","2000-2499","310"
"2013","11a","Richmond","2500-2999","968"
"2013","11a","Richmond","3000-3499","2,017"
"2013","11a","Richmond","3500+","1,846"
"2013","11a","Rockland","3500+","1,723"
"2013","11a","Rockland","Unknown","0"
"2013","11a","Rockland","Total","4,650"
"2013","11a","Rockland","Under 1000","24"
"2013","11a","Rockland","1000-1499","22"
"2013","11a","Rockland","1500-1999","55"
"2013","11a","Rockland","2000-2499","178"
"2013","11a","Rockland","2500-2999","769"
"2013","11a","Rockland","3000-3499","1,879"
"2013","11a","Saratoga","Under 1000","14"
"2013","11a","Saratoga","1000-1499","13"
"2013","11a","Saratoga","1500-1999","30"
"2013","11a","Saratoga","Total","2,252"
"2013","11a","Saratoga","2000-2499","85"
"2013","11a","Saratoga","2500-2999","305"
"2013","11a","Saratoga","3000-3499","827"
"2013","11a","Saratoga","3500+","978"
"2013","11a","Saratoga","Unknown","0"
"2013","11a","Schenectady","1500-1999","25"
"2013","11a","Schenectady","Total","1,661"
"2013","11a","Schenectady","Under 1000","12"
"2013","11a","Schenectady","1000-1499","8"
"2013","11a","Schenectady","2000-2499","67"
"2013","11a","Schenectady","2500-2999","289"
"2013","11a","Schenectady","3000-3499","645"
"2013","11a","Schenectady","3500+","614"
"2013","11a","Schenectady","Unknown","1"
"2013","11a","Schoharie","Total","251"
"2013","11a","Schoharie","Unknown","1"
"2013","11a","Schoharie","3500+","118"
"2013","11a","Schoharie","3000-3499","82"
"2013","11a","Schoharie","2500-2999","37"
"2013","11a","Schoharie","2000-2499","8"
"2013","11a","Schoharie","1500-1999","2"
"2013","11a","Schoharie","1000-1499","2"
"2013","11a","Schoharie","Under 1000","1"
"2013","11a","Schuyler","Unknown","0"
"2013","11a","Schuyler","Total","157"
"2013","11a","Schuyler","Under 1000","1"
"2013","11a","Schuyler","1000-1499","1"
"2013","11a","Schuyler","1500-1999","3"
"2013","11a","Schuyler","2000-2499","5"
"2013","11a","Schuyler","2500-2999","22"
"2013","11a","Schuyler","3000-3499","53"
"2013","11a","Schuyler","3500+","72"
"2013","11a","Seneca","Total","394"
"2013","11a","Seneca","Unknown","0"
"2013","11a","Seneca","3500+","195"
"2013","11a","Seneca","3000-3499","120"
"2013","11a","Seneca","2500-2999","55"
"2013","11a","Seneca","2000-2499","18"
"2013","11a","Seneca","1500-1999","3"
"2013","11a","Seneca","1000-1499","1"
"2013","11a","Seneca","Under 1000","2"
"2013","11a","Steuben","Unknown","0"
"2013","11a","Steuben","Total","1,083"
"2013","11a","Steuben","Under 1000","8"
"2013","11a","Steuben","1000-1499","5"
"2013","11a","Steuben","1500-1999","16"
"2013","11a","Steuben","2000-2499","49"
"2013","11a","Steuben","2500-2999","168"
"2013","11a","Steuben","3000-3499","398"
"2013","11a","Steuben","3500+","439"
"2013","11a","St Lawrence","Unknown","40"
"2013","11a","St Lawrence","Total","1,227"
"2013","11a","St Lawrence","Under 1000","6"
"2013","11a","St Lawrence","1000-1499","3"
"2013","11a","St Lawrence","1500-1999","17"
"2013","11a","St Lawrence","2000-2499","62"
"2013","11a","St Lawrence","2500-2999","169"
"2013","11a","St Lawrence","3000-3499","443"
"2013","11a","St Lawrence","3500+","487"
"2013","11a","Suffolk","Under 1000","88"
"2013","11a","Suffolk","Unknown","0"
"2013","11a","Suffolk","3500+","5,592"
"2013","11a","Suffolk","Total","15,530"
"2013","11a","Suffolk","3000-3499","5,945"
"2013","11a","Suffolk","2500-2999","2,811"
"2013","11a","Suffolk","2000-2499","774"
"2013","11a","Suffolk","1500-1999","217"
"2013","11a","Suffolk","1000-1499","103"
"2013","11a","Sullivan","1000-1499","9"
"2013","11a","Sullivan","Total","837"
"2013","11a","Sullivan","Unknown","0"
"2013","11a","Sullivan","3500+","275"
"2013","11a","Sullivan","3000-3499","336"
"2013","11a","Sullivan","2500-2999","151"
"2013","11a","Sullivan","2000-2499","45"
"2013","11a","Sullivan","1500-1999","16"
"2013","11a","Sullivan","Under 1000","5"
"2013","11a","Tioga","2000-2499","30"
"2013","11a","Tioga","Unknown","0"
"2013","11a","Tioga","3500+","224"
"2013","11a","Tioga","3000-3499","186"
"2013","11a","Tioga","2500-2999","55"
"2013","11a","Tioga","1500-1999","15"
"2013","11a","Tioga","1000-1499","6"
"2013","11a","Tioga","Under 1000","5"
"2013","11a","Tioga","Total","521"
"2013","11a","Tompkins","Unknown","3"
"2013","11a","Tompkins","3500+","320"
"2013","11a","Tompkins","3000-3499","321"
"2013","11a","Tompkins","Total","853"
"2013","11a","Tompkins","2500-2999","141"
"2013","11a","Tompkins","2000-2499","35"
"2013","11a","Tompkins","1500-1999","11"
"2013","11a","Tompkins","1000-1499","12"
"2013","11a","Tompkins","Under 1000","10"
"2013","11a","Ulster","3500+","666"
"2013","11a","Ulster","Total","1,585"
"2013","11a","Ulster","Under 1000","12"
"2013","11a","Ulster","1000-1499","13"
"2013","11a","Ulster","1500-1999","32"
"2013","11a","Ulster","2000-2499","54"
"2013","11a","Ulster","2500-2999","232"
"2013","11a","Ulster","3000-3499","575"
"2013","11a","Ulster","Unknown","1"
"2013","11a","Warren","3500+","268"
"2013","11a","Warren","Total","609"
"2013","11a","Warren","Under 1000","2"
"2013","11a","Warren","1000-1499","8"
"2013","11a","Warren","1500-1999","10"
"2013","11a","Warren","2000-2499","23"
"2013","11a","Warren","2500-2999","98"
"2013","11a","Warren","3000-3499","200"
"2013","11a","Warren","Unknown","0"
"2013","11a","Washington","3500+","274"
"2013","11a","Washington","Total","612"
"2013","11a","Washington","Under 1000","3"
"2013","11a","Washington","1000-1499","5"
"2013","11a","Washington","1500-1999","7"
"2013","11a","Washington","2000-2499","28"
"2013","11a","Washington","2500-2999","90"
"2013","11a","Washington","3000-3499","204"
"2013","11a","Washington","Unknown","1"
"2013","11a","Wayne","Unknown","1"
"2013","11a","Wayne","Total","960"
"2013","11a","Wayne","Under 1000","2"
"2013","11a","Wayne","1000-1499","8"
"2013","11a","Wayne","1500-1999","22"
"2013","11a","Wayne","2000-2499","40"
"2013","11a","Wayne","2500-2999","132"
"2013","11a","Wayne","3000-3499","367"
"2013","11a","Wayne","3500+","388"
"2013","11a","Westchester","Unknown","13"
"2013","11a","Westchester","Total","10,557"
"2013","11a","Westchester","Under 1000","69"
"2013","11a","Westchester","1000-1499","82"
"2013","11a","Westchester","1500-1999","143"
"2013","11a","Westchester","2000-2499","516"
"2013","11a","Westchester","2500-2999","1,945"
"2013","11a","Westchester","3000-3499","4,192"
"2013","11a","Westchester","3500+","3,597"
"2013","11a","Wyoming","3500+","191"
"2013","11a","Wyoming","Total","387"
"2013","11a","Wyoming","Under 1000","3"
"2013","11a","Wyoming","1000-1499","0"
"2013","11a","Wyoming","1500-1999","2"
"2013","11a","Wyoming","2000-2499","9"
"2013","11a","Wyoming","2500-2999","50"
"2013","11a","Wyoming","3000-3499","130"
"2013","11a","Wyoming","Unknown","2"
"2013","11a","Yates","Unknown","6"
"2013","11a","Yates","Total","303"
"2013","11a","Yates","Under 1000","0"
"2013","11a","Yates","1000-1499","1"
"2013","11a","Yates","1500-1999","4"
"2013","11a","Yates","2000-2499","8"
"2013","11a","Yates","2500-2999","45"
"2013","11a","Yates","3000-3499","99"
"2013","11a","Yates","3500+","140"
"2012","11a","Albany","Unknown","1"
"2012","11a","Albany","3500+","1,213"
"2012","11a","Albany","3000-3499","1,160"
"2012","11a","Albany","2500-2999","501"
"2012","11a","Albany","2000-2499","138"
"2012","11a","Albany","1500-1999","57"
"2012","11a","Albany","1000-1499","27"
"2012","11a","Albany","Under 1000","36"
"2012","11a","Albany","Total","3,133"
"2012","11a","Allegany","Total","471"
"2012","11a","Allegany","Unknown","4"
"2012","11a","Allegany","3500+","172"
"2012","11a","Allegany","3000-3499","186"
"2012","11a","Allegany","2500-2999","67"
"2012","11a","Allegany","2000-2499","29"
"2012","11a","Allegany","1500-1999","8"
"2012","11a","Allegany","1000-1499","1"
"2012","11a","Allegany","Under 1000","4"
"2012","11a","Bronx","3500+","6,371"
"2012","11a","Bronx","Total","21,283"
"2012","11a","Bronx","Under 1000","222"
"2012","11a","Bronx","1000-1499","205"
"2012","11a","Bronx","1500-1999","377"
"2012","11a","Bronx","2000-2499","1,208"
"2012","11a","Bronx","2500-2999","4,546"
"2012","11a","Bronx","3000-3499","8,353"
"2012","11a","Bronx","Unknown","1"
"2012","11a","Broome","Unknown","2"
"2012","11a","Broome","3500+","794"
"2012","11a","Broome","3000-3499","756"
"2012","11a","Broome","2500-2999","347"
"2012","11a","Broome","2000-2499","109"
"2012","11a","Broome","1500-1999","37"
"2012","11a","Broome","1000-1499","19"
"2012","11a","Broome","Under 1000","12"
"2012","11a","Broome","Total","2,076"
"2012","11a","Cattaraugus","Total","904"
"2012","11a","Cattaraugus","Under 1000","10"
"2012","11a","Cattaraugus","1000-1499","11"
"2012","11a","Cattaraugus","1500-1999","12"
"2012","11a","Cattaraugus","2000-2499","37"
"2012","11a","Cattaraugus","2500-2999","153"
"2012","11a","Cattaraugus","3000-3499","309"
"2012","11a","Cattaraugus","3500+","290"
"2012","11a","Cattaraugus","Unknown","82"
"2012","11a","Cayuga","Total","803"
"2012","11a","Cayuga","Unknown","0"
"2012","11a","Cayuga","3500+","350"
"2012","11a","Cayuga","3000-3499","284"
"2012","11a","Cayuga","2500-2999","124"
"2012","11a","Cayuga","2000-2499","30"
"2012","11a","Cayuga","1500-1999","10"
"2012","11a","Cayuga","1000-1499","3"
"2012","11a","Cayuga","Under 1000","2"
"2012","11a","Chautauqua","Total","1,398"
"2012","11a","Chautauqua","Under 1000","3"
"2012","11a","Chautauqua","1000-1499","11"
"2012","11a","Chautauqua","1500-1999","19"
"2012","11a","Chautauqua","2000-2499","70"
"2012","11a","Chautauqua","2500-2999","246"
"2012","11a","Chautauqua","3000-3499","537"
"2012","11a","Chautauqua","3500+","492"
"2012","11a","Chautauqua","Unknown","20"
"2012","11a","Chemung","Total","1,046"
"2012","11a","Chemung","Under 1000","5"
"2012","11a","Chemung","1000-1499","3"
"2012","11a","Chemung","1500-1999","19"
"2012","11a","Chemung","2000-2499","37"
"2012","11a","Chemung","2500-2999","177"
"2012","11a","Chemung","3000-3499","383"
"2012","11a","Chemung","3500+","422"
"2012","11a","Chemung","Unknown","0"
"2012","11a","Chenango","2000-2499","15"
"2012","11a","Chenango","Total","542"
"2012","11a","Chenango","Under 1000","3"
"2012","11a","Chenango","1000-1499","1"
"2012","11a","Chenango","1500-1999","11"
"2012","11a","Chenango","2500-2999","70"
"2012","11a","Chenango","3000-3499","207"
"2012","11a","Chenango","3500+","235"
"2012","11a","Chenango","Unknown","0"
"2012","11a","Clinton","3500+","342"
"2012","11a","Clinton","3000-3499","274"
"2012","11a","Clinton","2500-2999","112"
"2012","11a","Clinton","2000-2499","36"
"2012","11a","Clinton","Unknown","1"
"2012","11a","Clinton","1500-1999","4"
"2012","11a","Clinton","1000-1499","6"
"2012","11a","Clinton","Under 1000","6"
"2012","11a","Clinton","Total","781"
"2012","11a","Columbia","Unknown","3"
"2012","11a","Columbia","3500+","230"
"2012","11a","Columbia","3000-3499","172"
"2012","11a","Columbia","2500-2999","85"
"2012","11a","Columbia","2000-2499","29"
"2012","11a","Columbia","1500-1999","7"
"2012","11a","Columbia","1000-1499","1"
"2012","11a","Columbia","Under 1000","5"
"2012","11a","Columbia","Total","532"
"2012","11a","Cortland","2000-2499","20"
"2012","11a","Cortland","Total","461"
"2012","11a","Cortland","Under 1000","1"
"2012","11a","Cortland","1000-1499","3"
"2012","11a","Cortland","1500-1999","6"
"2012","11a","Cortland","2500-2999","78"
"2012","11a","Cortland","3000-3499","177"
"2012","11a","Cortland","3500+","173"
"2012","11a","Cortland","Unknown","3"
"2012","11a","Delaware","Total","437"
"2012","11a","Delaware","Unknown","1"
"2012","11a","Delaware","3500+","159"
"2012","11a","Delaware","3000-3499","168"
"2012","11a","Delaware","2500-2999","77"
"2012","11a","Delaware","2000-2499","23"
"2012","11a","Delaware","1500-1999","4"
"2012","11a","Delaware","1000-1499","2"
"2012","11a","Delaware","Under 1000","3"
"2012","11a","Dutchess","Unknown","5"
"2012","11a","Dutchess","3500+","1,094"
"2012","11a","Dutchess","3000-3499","1,016"
"2012","11a","Dutchess","2500-2999","408"
"2012","11a","Dutchess","2000-2499","102"
"2012","11a","Dutchess","1500-1999","43"
"2012","11a","Dutchess","1000-1499","18"
"2012","11a","Dutchess","Under 1000","27"
"2012","11a","Dutchess","Total","2,713"
"2012","11a","Erie","2500-2999","1,747"
"2012","11a","Erie","Total","9,945"
"2012","11a","Erie","Under 1000","105"
"2012","11a","Erie","1000-1499","88"
"2012","11a","Erie","1500-1999","171"
"2012","11a","Erie","2000-2499","506"
"2012","11a","Erie","3000-3499","3,708"
"2012","11a","Erie","3500+","3,614"
"2012","11a","Erie","Unknown","6"
"2012","11a","Essex","Unknown","2"
"2012","11a","Essex","Total","337"
"2012","11a","Essex","Under 1000","0"
"2012","11a","Essex","1000-1499","5"
"2012","11a","Essex","1500-1999","7"
"2012","11a","Essex","2000-2499","10"
"2012","11a","Essex","2500-2999","59"
"2012","11a","Essex","3000-3499","127"
"2012","11a","Essex","3500+","127"
"2012","11a","Franklin","Unknown","3"
"2012","11a","Franklin","Total","531"
"2012","11a","Franklin","Under 1000","5"
"2012","11a","Franklin","1000-1499","2"
"2012","11a","Franklin","1500-1999","8"
"2012","11a","Franklin","2000-2499","30"
"2012","11a","Franklin","3500+","194"
"2012","11a","Franklin","2500-2999","86"
"2012","11a","Franklin","3000-3499","203"
"2012","11a","Fulton","Unknown","0"
"2012","11a","Fulton","Total","520"
"2012","11a","Fulton","Under 1000","3"
"2012","11a","Fulton","1000-1499","1"
"2012","11a","Fulton","1500-1999","3"
"2012","11a","Fulton","2000-2499","19"
"2012","11a","Fulton","2500-2999","79"
"2012","11a","Fulton","3000-3499","216"
"2012","11a","Fulton","3500+","199"
"2012","11a","Genesee","Unknown","1"
"2012","11a","Genesee","Total","606"
"2012","11a","Genesee","Under 1000","7"
"2012","11a","Genesee","1000-1499","5"
"2012","11a","Genesee","1500-1999","2"
"2012","11a","Genesee","2000-2499","21"
"2012","11a","Genesee","2500-2999","95"
"2012","11a","Genesee","3000-3499","227"
"2012","11a","Genesee","3500+","248"
"2012","11a","Greene","1500-1999","13"
"2012","11a","Greene","Unknown","0"
"2012","11a","Greene","3500+","152"
"2012","11a","Greene","3000-3499","163"
"2012","11a","Greene","2500-2999","62"
"2012","11a","Greene","2000-2499","18"
"2012","11a","Greene","1000-1499","1"
"2012","11a","Greene","Under 1000","3"
"2012","11a","Greene","Total","412"
"2012","11a","Hamilton","Total","35"
"2012","11a","Hamilton","Unknown","0"
"2012","11a","Hamilton","3500+","14"
"2012","11a","Hamilton","3000-3499","14"
"2012","11a","Hamilton","2500-2999","6"
"2012","11a","Hamilton","2000-2499","1"
"2012","11a","Hamilton","1500-1999","0"
"2012","11a","Hamilton","1000-1499","0"
"2012","11a","Hamilton","Under 1000","0"
"2012","11a","Herkimer","Total","658"
"2012","11a","Herkimer","Unknown","1"
"2012","11a","Herkimer","3500+","272"
"2012","11a","Herkimer","3000-3499","251"
"2012","11a","Herkimer","2500-2999","90"
"2012","11a","Herkimer","2000-2499","28"
"2012","11a","Herkimer","1500-1999","10"
"2012","11a","Herkimer","1000-1499","3"
"2012","11a","Herkimer","Under 1000","3"
"2012","11a","Jefferson","Unknown","12"
"2012","11a","Jefferson","Total","2,277"
"2012","11a","Jefferson","Under 1000","24"
"2012","11a","Jefferson","1000-1499","14"
"2012","11a","Jefferson","1500-1999","32"
"2012","11a","Jefferson","2000-2499","88"
"2012","11a","Jefferson","2500-2999","320"
"2012","11a","Jefferson","3000-3499","816"
"2012","11a","Jefferson","3500+","971"
"2012","11a","Kings","Total","42,546"
"2012","11a","Kings","Unknown","0"
"2012","11a","Kings","3500+","13,331"
"2012","11a","Kings","3000-3499","17,282"
"2012","11a","Kings","2500-2999","8,557"
"2012","11a","Kings","2000-2499","2,097"
"2012","11a","Kings","1500-1999","656"
"2012","11a","Kings","1000-1499","330"
"2012","11a","Kings","Under 1000","293"
"2012","11a","Lewis","3500+","126"
"2012","11a","Lewis","Total","342"
"2012","11a","Lewis","Under 1000","3"
"2012","11a","Lewis","1000-1499","3"
"2012","11a","Lewis","1500-1999","8"
"2012","11a","Lewis","2000-2499","13"
"2012","11a","Lewis","2500-2999","42"
"2012","11a","Lewis","3000-3499","144"
"2012","11a","Lewis","Unknown","3"
"2012","11a","Livingston","1500-1999","7"
"2012","11a","Livingston","Total","503"
"2012","11a","Livingston","Under 1000","1"
"2012","11a","Livingston","1000-1499","3"
"2012","11a","Livingston","2000-2499","23"
"2012","11a","Livingston","2500-2999","72"
"2012","11a","Livingston","3000-3499","200"
"2012","11a","Livingston","3500+","197"
"2012","11a","Livingston","Unknown","0"
"2012","11a","Madison","Unknown","0"
"2012","11a","Madison","Total","710"
"2012","11a","Madison","Under 1000","3"
"2012","11a","Madison","1000-1499","6"
"2012","11a","Madison","1500-1999","4"
"2012","11a","Madison","2000-2499","21"
"2012","11a","Madison","2500-2999","130"
"2012","11a","Madison","3000-3499","233"
"2012","11a","Madison","3500+","313"
"2012","11a","Monroe","3500+","3,089"
"2012","11a","Monroe","Total","8,270"
"2012","11a","Monroe","Under 1000","80"
"2012","11a","Monroe","1000-1499","65"
"2012","11a","Monroe","1500-1999","146"
"2012","11a","Monroe","2000-2499","429"
"2012","11a","Monroe","2500-2999","1,368"
"2012","11a","Monroe","3000-3499","3,090"
"2012","11a","Monroe","Unknown","3"
"2012","11a","Montgomery","3000-3499","216"
"2012","11a","Montgomery","Total","561"
"2012","11a","Montgomery","Under 1000","5"
"2012","11a","Montgomery","1000-1499","2"
"2012","11a","Montgomery","Unknown","3"
"2012","11a","Montgomery","1500-1999","8"
"2012","11a","Montgomery","2000-2499","23"
"2012","11a","Montgomery","2500-2999","84"
"2012","11a","Montgomery","3500+","220"
"2012","11a","Nassau","2500-2999","2,466"
"2012","11a","Nassau","Unknown","3"
"2012","11a","Nassau","3500+","4,960"
"2012","11a","Nassau","3000-3499","5,456"
"2012","11a","Nassau","2000-2499","695"
"2012","11a","Nassau","1500-1999","232"
"2012","11a","Nassau","1000-1499","97"
"2012","11a","Nassau","Under 1000","85"
"2012","11a","Nassau","Total","13,994"
"2012","11a","New York","Under 1000","88"
"2012","11a","New York","Unknown","0"
"2012","11a","New York","3500+","5,962"
"2012","11a","New York","3000-3499","7,784"
"2012","11a","New York","Total","19,210"
"2012","11a","New York","2500-2999","3,839"
"2012","11a","New York","2000-2499","1,052"
"2012","11a","New York","1500-1999","311"
"2012","11a","New York","1000-1499","174"
"2012","11a","New York City","Total","118,811"
"2012","11a","New York City","Unknown","4"
"2012","11a","New York City","3500+","36,846"
"2012","11a","New York City","3000-3499","47,799"
"2012","11a","New York City","2500-2999","24,296"
"2012","11a","New York City","2000-2499","6,175"
"2012","11a","New York City","1500-1999","1,929"
"2012","11a","New York City","1000-1499","926"
"2012","11a","New York City","Under 1000","836"
"2012","11a","New York State","Unknown","242"
"2012","11a","New York State","Total","239,224"
"2012","11a","New York State","Under 1000","1,684"
"2012","11a","New York State","1000-1499","1,820"
"2012","11a","New York State","1500-1999","3,722"
"2012","11a","New York State","2000-2499","11,709"
"2012","11a","New York State","2500-2999","44,489"
"2012","11a","New York State","3000-3499","93,313"
"2012","11a","New York State","3500+","82,245"
"2012","11a","Niagara","3000-3499","779"
"2012","11a","Niagara","Total","2,133"
"2012","11a","Niagara","Under 1000","16"
"2012","11a","Niagara","1000-1499","19"
"2012","11a","Niagara","1500-1999","46"
"2012","11a","Niagara","2000-2499","134"
"2012","11a","Niagara","2500-2999","384"
"2012","11a","Niagara","3500+","754"
"2012","11a","Niagara","Unknown","1"
"2012","11a","Oneida","Total","2,614"
"2012","11a","Oneida","Under 1000","24"
"2012","11a","Oneida","1000-1499","26"
"2012","11a","Oneida","1500-1999","49"
"2012","11a","Oneida","Unknown","3"
"2012","11a","Oneida","2000-2499","123"
"2012","11a","Oneida","2500-2999","435"
"2012","11a","Oneida","3000-3499","939"
"2012","11a","Oneida","3500+","1,015"
"2012","11a","Onondaga","2000-2499","235"
"2012","11a","Onondaga","Unknown","0"
"2012","11a","Onondaga","3500+","2,075"
"2012","11a","Onondaga","3000-3499","1,985"
"2012","11a","Onondaga","2500-2999","881"
"2012","11a","Onondaga","1500-1999","72"
"2012","11a","Onondaga","1000-1499","43"
"2012","11a","Onondaga","Under 1000","26"
"2012","11a","Onondaga","Total","5,317"
"2012","11a","Ontario","Unknown","1"
"2012","11a","Ontario","Total","1,045"
"2012","11a","Ontario","Under 1000","10"
"2012","11a","Ontario","1000-1499","2"
"2012","11a","Ontario","1500-1999","6"
"2012","11a","Ontario","2000-2499","47"
"2012","11a","Ontario","2500-2999","163"
"2012","11a","Ontario","3000-3499","380"
"2012","11a","Ontario","3500+","436"
"2012","11a","Orange","Total","4,724"
"2012","11a","Orange","Unknown","0"
"2012","11a","Orange","3500+","1,756"
"2012","11a","Orange","3000-3499","1,839"
"2012","11a","Orange","2500-2999","778"
"2012","11a","Orange","2000-2499","229"
"2012","11a","Orange","1500-1999","49"
"2012","11a","Orange","1000-1499","39"
"2012","11a","Orange","Under 1000","34"
"2012","11a","Orleans","Unknown","1"
"2012","11a","Orleans","Total","402"
"2012","11a","Orleans","Under 1000","7"
"2012","11a","Orleans","1000-1499","1"
"2012","11a","Orleans","1500-1999","3"
"2012","11a","Orleans","2000-2499","12"
"2012","11a","Orleans","2500-2999","73"
"2012","11a","Orleans","3000-3499","147"
"2012","11a","Orleans","3500+","158"
"2012","11a","Oswego","3500+","525"
"2012","11a","Oswego","Total","1,335"
"2012","11a","Oswego","Under 1000","7"
"2012","11a","Oswego","1000-1499","9"
"2012","11a","Oswego","1500-1999","16"
"2012","11a","Oswego","2000-2499","65"
"2012","11a","Oswego","2500-2999","217"
"2012","11a","Oswego","3000-3499","493"
"2012","11a","Oswego","Unknown","3"
"2012","11a","Otsego","1000-1499","2"
"2012","11a","Otsego","Total","518"
"2012","11a","Otsego","Under 1000","4"
"2012","11a","Otsego","1500-1999","3"
"2012","11a","Otsego","2000-2499","21"
"2012","11a","Otsego","2500-2999","77"
"2012","11a","Otsego","3000-3499","178"
"2012","11a","Otsego","3500+","232"
"2012","11a","Otsego","Unknown","1"
"2012","11a","Putnam","Unknown","1"
"2012","11a","Putnam","Total","827"
"2012","11a","Putnam","Under 1000","6"
"2012","11a","Putnam","1000-1499","7"
"2012","11a","Putnam","1500-1999","19"
"2012","11a","Putnam","2000-2499","46"
"2012","11a","Putnam","2500-2999","137"
"2012","11a","Putnam","3000-3499","290"
"2012","11a","Putnam","3500+","321"
"2012","11a","Queens","3500+","9,363"
"2012","11a","Queens","Total","30,485"
"2012","11a","Queens","Under 1000","197"
"2012","11a","Queens","Unknown","1"
"2012","11a","Queens","1000-1499","186"
"2012","11a","Queens","1500-1999","505"
"2012","11a","Queens","2000-2499","1,570"
"2012","11a","Queens","2500-2999","6,369"
"2012","11a","Queens","3000-3499","12,294"
"2012","11a","Rensselaer","Unknown","2"
"2012","11a","Rensselaer","Total","1,598"
"2012","11a","Rensselaer","Under 1000","11"
"2012","11a","Rensselaer","1000-1499","11"
"2012","11a","Rensselaer","1500-1999","24"
"2012","11a","Rensselaer","2000-2499","69"
"2012","11a","Rensselaer","2500-2999","261"
"2012","11a","Rensselaer","3000-3499","588"
"2012","11a","Rensselaer","3500+","632"
"2012","11a","Rest of State","Under 1000","848"
"2012","11a","Rest of State","Unknown","238"
"2012","11a","Rest of State","3500+","45,399"
"2012","11a","Rest of State","3000-3499","45,514"
"2012","11a","Rest of State","2500-2999","20,193"
"2012","11a","Rest of State","2000-2499","5,534"
"2012","11a","Rest of State","1500-1999","1,793"
"2012","11a","Rest of State","1000-1499","894"
"2012","11a","Rest of State","Total","120,413"
"2012","11a","Richmond","Total","5,287"
"2012","11a","Richmond","Under 1000","36"
"2012","11a","Richmond","1000-1499","31"
"2012","11a","Richmond","1500-1999","80"
"2012","11a","Richmond","2000-2499","248"
"2012","11a","Richmond","2500-2999","985"
"2012","11a","Richmond","3000-3499","2,086"
"2012","11a","Richmond","3500+","1,819"
"2012","11a","Richmond","Unknown","2"
"2012","11a","Rockland","Under 1000","13"
"2012","11a","Rockland","Unknown","0"
"2012","11a","Rockland","3500+","1,820"
"2012","11a","Rockland","3000-3499","1,795"
"2012","11a","Rockland","2500-2999","766"
"2012","11a","Rockland","2000-2499","129"
"2012","11a","Rockland","1500-1999","36"
"2012","11a","Rockland","1000-1499","34"
"2012","11a","Rockland","Total","4,593"
"2012","11a","Saratoga","Unknown","0"
"2012","11a","Saratoga","Total","2,194"
"2012","11a","Saratoga","Under 1000","5"
"2012","11a","Saratoga","1000-1499","14"
"2012","11a","Saratoga","1500-1999","34"
"2012","11a","Saratoga","2000-2499","84"
"2012","11a","Saratoga","2500-2999","282"
"2012","11a","Saratoga","3000-3499","814"
"2012","11a","Saratoga","3500+","961"
"2012","11a","Schenectady","Unknown","1"
"2012","11a","Schenectady","Total","1,938"
"2012","11a","Schenectady","Under 1000","20"
"2012","11a","Schenectady","1000-1499","9"
"2012","11a","Schenectady","1500-1999","39"
"2012","11a","Schenectady","2000-2499","97"
"2012","11a","Schenectady","2500-2999","327"
"2012","11a","Schenectady","3000-3499","707"
"2012","11a","Schenectady","3500+","738"
"2012","11a","Schoharie","Unknown","0"
"2012","11a","Schoharie","Total","262"
"2012","11a","Schoharie","Under 1000","0"
"2012","11a","Schoharie","1000-1499","1"
"2012","11a","Schoharie","1500-1999","3"
"2012","11a","Schoharie","2000-2499","9"
"2012","11a","Schoharie","2500-2999","34"
"2012","11a","Schoharie","3000-3499","98"
"2012","11a","Schoharie","3500+","117"
"2012","11a","Schuyler","2000-2499","6"
"2012","11a","Schuyler","Total","197"
"2012","11a","Schuyler","Under 1000","0"
"2012","11a","Schuyler","1000-1499","1"
"2012","11a","Schuyler","1500-1999","2"
"2012","11a","Schuyler","2500-2999","24"
"2012","11a","Schuyler","3000-3499","73"
"2012","11a","Schuyler","3500+","90"
"2012","11a","Schuyler","Unknown","1"
"2012","11a","Seneca","Total","350"
"2012","11a","Seneca","Unknown","1"
"2012","11a","Seneca","3500+","163"
"2012","11a","Seneca","3000-3499","106"
"2012","11a","Seneca","2500-2999","50"
"2012","11a","Seneca","2000-2499","19"
"2012","11a","Seneca","1500-1999","7"
"2012","11a","Seneca","1000-1499","1"
"2012","11a","Seneca","Under 1000","3"
"2012","11a","Steuben","Unknown","1"
"2012","11a","Steuben","3500+","412"
"2012","11a","Steuben","3000-3499","442"
"2012","11a","Steuben","2500-2999","185"
"2012","11a","Steuben","2000-2499","52"
"2012","11a","Steuben","1500-1999","15"
"2012","11a","Steuben","1000-1499","5"
"2012","11a","Steuben","Under 1000","4"
"2012","11a","Steuben","Total","1,116"
"2012","11a","St Lawrence","3500+","487"
"2012","11a","St Lawrence","Total","1,250"
"2012","11a","St Lawrence","Under 1000","13"
"2012","11a","St Lawrence","1000-1499","12"
"2012","11a","St Lawrence","1500-1999","16"
"2012","11a","St Lawrence","2000-2499","52"
"2012","11a","St Lawrence","2500-2999","199"
"2012","11a","St Lawrence","3000-3499","432"
"2012","11a","St Lawrence","Unknown","39"
"2012","11a","Suffolk","Unknown","0"
"2012","11a","Suffolk","Total","15,727"
"2012","11a","Suffolk","Under 1000","87"
"2012","11a","Suffolk","1000-1499","126"
"2012","11a","Suffolk","1500-1999","249"
"2012","11a","Suffolk","2000-2499","748"
"2012","11a","Suffolk","2500-2999","2,813"
"2012","11a","Suffolk","3000-3499","6,013"
"2012","11a","Suffolk","3500+","5,691"
"2012","11a","Sullivan","Under 1000","10"
"2012","11a","Sullivan","Unknown","0"
"2012","11a","Sullivan","3500+","324"
"2012","11a","Sullivan","3000-3499","366"
"2012","11a","Sullivan","2500-2999","180"
"2012","11a","Sullivan","2000-2499","50"
"2012","11a","Sullivan","1500-1999","15"
"2012","11a","Sullivan","1000-1499","4"
"2012","11a","Sullivan","Total","949"
"2012","11a","Tioga","3500+","204"
"2012","11a","Tioga","Total","489"
"2012","11a","Tioga","Under 1000","1"
"2012","11a","Tioga","1000-1499","3"
"2012","11a","Tioga","1500-1999","8"
"2012","11a","Tioga","2000-2499","17"
"2012","11a","Tioga","2500-2999","77"
"2012","11a","Tioga","3000-3499","179"
"2012","11a","Tioga","Unknown","0"
"2012","11a","Tompkins","Total","942"
"2012","11a","Tompkins","Unknown","0"
"2012","11a","Tompkins","3500+","380"
"2012","11a","Tompkins","3000-3499","349"
"2012","11a","Tompkins","2500-2999","152"
"2012","11a","Tompkins","2000-2499","37"
"2012","11a","Tompkins","1500-1999","12"
"2012","11a","Tompkins","1000-1499","7"
"2012","11a","Tompkins","Under 1000","5"
"2012","11a","Ulster","1000-1499","10"
"2012","11a","Ulster","Unknown","2"
"2012","11a","Ulster","3500+","712"
"2012","11a","Ulster","3000-3499","585"
"2012","11a","Ulster","2500-2999","198"
"2012","11a","Ulster","2000-2499","59"
"2012","11a","Ulster","1500-1999","14"
"2012","11a","Ulster","Under 1000","3"
"2012","11a","Ulster","Total","1,583"
"2012","11a","Warren","Unknown","0"
"2012","11a","Warren","3500+","253"
"2012","11a","Warren","3000-3499","208"
"2012","11a","Warren","2500-2999","88"
"2012","11a","Warren","2000-2499","22"
"2012","11a","Warren","1500-1999","4"
"2012","11a","Warren","1000-1499","4"
"2012","11a","Warren","Under 1000","3"
"2012","11a","Warren","Total","582"
"2012","11a","Washington","3500+","244"
"2012","11a","Washington","Total","619"
"2012","11a","Washington","Under 1000","8"
"2012","11a","Washington","1000-1499","6"
"2012","11a","Washington","1500-1999","10"
"2012","11a","Washington","2000-2499","26"
"2012","11a","Washington","2500-2999","81"
"2012","11a","Washington","3000-3499","243"
"2012","11a","Washington","Unknown","1"
"2012","11a","Wayne","3500+","405"
"2012","11a","Wayne","Total","968"
"2012","11a","Wayne","Under 1000","6"
"2012","11a","Wayne","1000-1499","8"
"2012","11a","Wayne","1500-1999","13"
"2012","11a","Wayne","2000-2499","34"
"2012","11a","Wayne","2500-2999","159"
"2012","11a","Wayne","3000-3499","341"
"2012","11a","Wayne","Unknown","2"
"2012","11a","Westchester","3500+","3,510"
"2012","11a","Westchester","Total","10,439"
"2012","11a","Westchester","Under 1000","70"
"2012","11a","Westchester","1000-1499","87"
"2012","11a","Westchester","1500-1999","134"
"2012","11a","Westchester","2000-2499","486"
"2012","11a","Westchester","2500-2999","1,910"
"2012","11a","Westchester","3000-3499","4,227"
"2012","11a","Westchester","Unknown","15"
"2012","11a","Wyoming","Total","376"
"2012","11a","Wyoming","Under 1000","5"
"2012","11a","Wyoming","1000-1499","2"
"2012","11a","Wyoming","1500-1999","4"
"2012","11a","Wyoming","2000-2499","18"
"2012","11a","Wyoming","2500-2999","58"
"2012","11a","Wyoming","3000-3499","117"
"2012","11a","Wyoming","3500+","172"
"2012","11a","Wyoming","Unknown","0"
"2012","11a","Yates","Unknown","3"
"2012","11a","Yates","Total","328"
"2012","11a","Yates","Under 1000","3"
"2012","11a","Yates","1000-1499","0"
"2012","11a","Yates","1500-1999","3"
"2012","11a","Yates","2000-2499","8"
"2012","11a","Yates","2500-2999","53"
"2012","11a","Yates","3000-3499","108"
"2012","11a","Yates","3500+","150"
"2011","11a","Albany","Under 1000","36"
"2011","11a","Albany","Total","3,122"
"2011","11a","Albany","Unknown","3"
"2011","11a","Albany","3500+","1,217"
"2011","11a","Albany","3000-3499","1,118"
"2011","11a","Albany","2500-2999","491"
"2011","11a","Albany","2000-2499","174"
"2011","11a","Albany","1500-1999","59"
"2011","11a","Albany","1000-1499","24"
"2011","11a","Allegany","Total","526"
"2011","11a","Allegany","Unknown","4"
"2011","11a","Allegany","3500+","191"
"2011","11a","Allegany","3000-3499","193"
"2011","11a","Allegany","2500-2999","95"
"2011","11a","Allegany","2000-2499","27"
"2011","11a","Allegany","1500-1999","7"
"2011","11a","Allegany","1000-1499","7"
"2011","11a","Allegany","Under 1000","2"
"2011","11a","Bronx","Total","21,694"
"2011","11a","Bronx","Under 1000","177"
"2011","11a","Bronx","1000-1499","203"
"2011","11a","Bronx","1500-1999","391"
"2011","11a","Bronx","2000-2499","1,240"
"2011","11a","Bronx","2500-2999","4,716"
"2011","11a","Bronx","3000-3499","8,617"
"2011","11a","Bronx","3500+","6,349"
"2011","11a","Bronx","Unknown","1"
"2011","11a","Broome","Total","2,052"
"2011","11a","Broome","Unknown","2"
"2011","11a","Broome","3500+","777"
"2011","11a","Broome","3000-3499","764"
"2011","11a","Broome","2500-2999","343"
"2011","11a","Broome","2000-2499","108"
"2011","11a","Broome","1500-1999","30"
"2011","11a","Broome","1000-1499","14"
"2011","11a","Broome","Under 1000","14"
"2011","11a","Cattaraugus","3500+","285"
"2011","11a","Cattaraugus","Under 1000","5"
"2011","11a","Cattaraugus","1000-1499","7"
"2011","11a","Cattaraugus","1500-1999","21"
"2011","11a","Cattaraugus","Total","911"
"2011","11a","Cattaraugus","2000-2499","32"
"2011","11a","Cattaraugus","2500-2999","170"
"2011","11a","Cattaraugus","3000-3499","305"
"2011","11a","Cattaraugus","Unknown","86"
"2011","11a","Cayuga","1500-1999","13"
"2011","11a","Cayuga","Total","803"
"2011","11a","Cayuga","Under 1000","9"
"2011","11a","Cayuga","1000-1499","4"
"2011","11a","Cayuga","2000-2499","33"
"2011","11a","Cayuga","2500-2999","103"
"2011","11a","Cayuga","3000-3499","304"
"2011","11a","Cayuga","3500+","337"
"2011","11a","Cayuga","Unknown","0"
"2011","11a","Chautauqua","Under 1000","13"
"2011","11a","Chautauqua","Total","1,412"
"2011","11a","Chautauqua","3000-3499","567"
"2011","11a","Chautauqua","2500-2999","233"
"2011","11a","Chautauqua","3500+","465"
"2011","11a","Chautauqua","2000-2499","75"
"2011","11a","Chautauqua","1500-1999","17"
"2011","11a","Chautauqua","1000-1499","9"
"2011","11a","Chautauqua","Unknown","33"
"2011","11a","Chemung","Total","1,025"
"2011","11a","Chemung","Under 1000","6"
"2011","11a","Chemung","Unknown","2"
"2011","11a","Chemung","3500+","397"
"2011","11a","Chemung","3000-3499","358"
"2011","11a","Chemung","2500-2999","190"
"2011","11a","Chemung","2000-2499","59"
"2011","11a","Chemung","1500-1999","8"
"2011","11a","Chemung","1000-1499","5"
"2011","11a","Chenango","1500-1999","10"
"2011","11a","Chenango","2000-2499","22"
"2011","11a","Chenango","2500-2999","72"
"2011","11a","Chenango","3000-3499","197"
"2011","11a","Chenango","3500+","214"
"2011","11a","Chenango","Unknown","0"
"2011","11a","Chenango","1000-1499","6"
"2011","11a","Chenango","Total","525"
"2011","11a","Chenango","Under 1000","4"
"2011","11a","Clinton","Unknown","0"
"2011","11a","Clinton","Total","769"
"2011","11a","Clinton","Under 1000","5"
"2011","11a","Clinton","1000-1499","7"
"2011","11a","Clinton","1500-1999","14"
"2011","11a","Clinton","2000-2499","42"
"2011","11a","Clinton","2500-2999","109"
"2011","11a","Clinton","3000-3499","287"
"2011","11a","Clinton","3500+","305"
"2011","11a","Columbia","2500-2999","102"
"2011","11a","Columbia","Total","544"
"2011","11a","Columbia","Under 1000","0"
"2011","11a","Columbia","1000-1499","2"
"2011","11a","Columbia","1500-1999","14"
"2011","11a","Columbia","2000-2499","25"
"2011","11a","Columbia","3000-3499","188"
"2011","11a","Columbia","3500+","213"
"2011","11a","Columbia","Unknown","0"
"2011","11a","Cortland","Under 1000","4"
"2011","11a","Cortland","1000-1499","2"
"2011","11a","Cortland","Unknown","0"
"2011","11a","Cortland","1500-1999","7"
"2011","11a","Cortland","2000-2499","17"
"2011","11a","Cortland","2500-2999","84"
"2011","11a","Cortland","3000-3499","180"
"2011","11a","Cortland","3500+","187"
"2011","11a","Cortland","Total","481"
"2011","11a","Delaware","2000-2499","21"
"2011","11a","Delaware","1000-1499","4"
"2011","11a","Delaware","Under 1000","1"
"2011","11a","Delaware","Total","392"
"2011","11a","Delaware","Unknown","0"
"2011","11a","Delaware","3500+","154"
"2011","11a","Delaware","3000-3499","141"
"2011","11a","Delaware","2500-2999","66"
"2011","11a","Delaware","1500-1999","5"
"2011","11a","Dutchess","Total","2,652"
"2011","11a","Dutchess","Under 1000","20"
"2011","11a","Dutchess","Unknown","2"
"2011","11a","Dutchess","3500+","994"
"2011","11a","Dutchess","3000-3499","1,042"
"2011","11a","Dutchess","2500-2999","414"
"2011","11a","Dutchess","2000-2499","121"
"2011","11a","Dutchess","1500-1999","40"
"2011","11a","Dutchess","1000-1499","19"
"2011","11a","Erie","Unknown","19"
"2011","11a","Erie","Under 1000","94"
"2011","11a","Erie","Total","9,693"
"2011","11a","Erie","1000-1499","81"
"2011","11a","Erie","1500-1999","157"
"2011","11a","Erie","2000-2499","493"
"2011","11a","Erie","2500-2999","1,667"
"2011","11a","Erie","3000-3499","3,832"
"2011","11a","Erie","3500+","3,350"
"2011","11a","Essex","1500-1999","3"
"2011","11a","Essex","Total","314"
"2011","11a","Essex","Under 1000","1"
"2011","11a","Essex","1000-1499","1"
"2011","11a","Essex","2000-2499","14"
"2011","11a","Essex","2500-2999","67"
"2011","11a","Essex","3000-3499","110"
"2011","11a","Essex","3500+","117"
"2011","11a","Essex","Unknown","1"
"2011","11a","Franklin","Total","521"
"2011","11a","Franklin","Under 1000","10"
"2011","11a","Franklin","Unknown","3"
"2011","11a","Franklin","1000-1499","4"
"2011","11a","Franklin","1500-1999","12"
"2011","11a","Franklin","2000-2499","32"
"2011","11a","Franklin","2500-2999","77"
"2011","11a","Franklin","3000-3499","176"
"2011","11a","Franklin","3500+","207"
"2011","11a","Fulton","1500-1999","10"
"2011","11a","Fulton","Under 1000","6"
"2011","11a","Fulton","Total","584"
"2011","11a","Fulton","Unknown","0"
"2011","11a","Fulton","3500+","251"
"2011","11a","Fulton","3000-3499","186"
"2011","11a","Fulton","2500-2999","102"
"2011","11a","Fulton","2000-2499","23"
"2011","11a","Fulton","1000-1499","6"
"2011","11a","Genesee","1000-1499","2"
"2011","11a","Genesee","Under 1000","6"
"2011","11a","Genesee","Total","586"
"2011","11a","Genesee","3500+","242"
"2011","11a","Genesee","3000-3499","238"
"2011","11a","Genesee","2500-2999","77"
"2011","11a","Genesee","2000-2499","17"
"2011","11a","Genesee","1500-1999","4"
"2011","11a","Genesee","Unknown","0"
"2011","11a","Greene","Unknown","0"
"2011","11a","Greene","3500+","167"
"2011","11a","Greene","3000-3499","162"
"2011","11a","Greene","2500-2999","63"
"2011","11a","Greene","2000-2499","22"
"2011","11a","Greene","1500-1999","6"
"2011","11a","Greene","1000-1499","2"
"2011","11a","Greene","Under 1000","6"
"2011","11a","Greene","Total","428"
"2011","11a","Hamilton","3500+","17"
"2011","11a","Hamilton","3000-3499","16"
"2011","11a","Hamilton","2500-2999","5"
"2011","11a","Hamilton","2000-2499","1"
"2011","11a","Hamilton","1500-1999","0"
"2011","11a","Hamilton","1000-1499","0"
"2011","11a","Hamilton","Under 1000","0"
"2011","11a","Hamilton","Total","39"
"2011","11a","Hamilton","Unknown","0"
"2011","11a","Herkimer","Total","659"
"2011","11a","Herkimer","Unknown","0"
"2011","11a","Herkimer","3500+","284"
"2011","11a","Herkimer","3000-3499","241"
"2011","11a","Herkimer","2500-2999","91"
"2011","11a","Herkimer","2000-2499","32"
"2011","11a","Herkimer","1500-1999","5"
"2011","11a","Herkimer","1000-1499","3"
"2011","11a","Herkimer","Under 1000","3"
"2011","11a","Jefferson","Under 1000","12"
"2011","11a","Jefferson","1000-1499","14"
"2011","11a","Jefferson","1500-1999","30"
"2011","11a","Jefferson","2000-2499","82"
"2011","11a","Jefferson","2500-2999","321"
"2011","11a","Jefferson","Total","2,113"
"2011","11a","Jefferson","3000-3499","784"
"2011","11a","Jefferson","3500+","867"
"2011","11a","Jefferson","Unknown","3"
"2011","11a","Kings","1500-1999","665"
"2011","11a","Kings","Total","41,673"
"2011","11a","Kings","Under 1000","300"
"2011","11a","Kings","1000-1499","344"
"2011","11a","Kings","2000-2499","2,109"
"2011","11a","Kings","2500-2999","8,431"
"2011","11a","Kings","3000-3499","16,880"
"2011","11a","Kings","3500+","12,942"
"2011","11a","Kings","Unknown","2"
"2011","11a","Lewis","Unknown","5"
"2011","11a","Lewis","Total","338"
"2011","11a","Lewis","Under 1000","2"
"2011","11a","Lewis","1000-1499","4"
"2011","11a","Lewis","1500-1999","1"
"2011","11a","Lewis","2000-2499","10"
"2011","11a","Lewis","2500-2999","54"
"2011","11a","Lewis","3000-3499","113"
"2011","11a","Lewis","3500+","149"
"2011","11a","Livingston","Under 1000","2"
"2011","11a","Livingston","Total","577"
"2011","11a","Livingston","Unknown","0"
"2011","11a","Livingston","3500+","261"
"2011","11a","Livingston","3000-3499","194"
"2011","11a","Livingston","2500-2999","93"
"2011","11a","Livingston","2000-2499","22"
"2011","11a","Livingston","1500-1999","5"
"2011","11a","Livingston","1000-1499","0"
"2011","11a","Madison","Total","696"
"2011","11a","Madison","Under 1000","2"
"2011","11a","Madison","1000-1499","2"
"2011","11a","Madison","1500-1999","10"
"2011","11a","Madison","2000-2499","28"
"2011","11a","Madison","2500-2999","99"
"2011","11a","Madison","3000-3499","233"
"2011","11a","Madison","3500+","321"
"2011","11a","Madison","Unknown","1"
"2011","11a","Monroe","Unknown","1"
"2011","11a","Monroe","Total","8,427"
"2011","11a","Monroe","Under 1000","71"
"2011","11a","Monroe","1000-1499","66"
"2011","11a","Monroe","1500-1999","137"
"2011","11a","Monroe","2000-2499","433"
"2011","11a","Monroe","2500-2999","1,523"
"2011","11a","Monroe","3000-3499","3,092"
"2011","11a","Monroe","3500+","3,104"
"2011","11a","Montgomery","Under 1000","2"
"2011","11a","Montgomery","Unknown","3"
"2011","11a","Montgomery","3500+","232"
"2011","11a","Montgomery","3000-3499","203"
"2011","11a","Montgomery","2500-2999","94"
"2011","11a","Montgomery","2000-2499","20"
"2011","11a","Montgomery","1500-1999","10"
"2011","11a","Montgomery","1000-1499","3"
"2011","11a","Montgomery","Total","567"
"2011","11a","Nassau","Total","14,079"
"2011","11a","Nassau","Unknown","1"
"2011","11a","Nassau","3500+","4,948"
"2011","11a","Nassau","3000-3499","5,462"
"2011","11a","Nassau","2500-2999","2,531"
"2011","11a","Nassau","2000-2499","733"
"2011","11a","Nassau","1500-1999","237"
"2011","11a","Nassau","1000-1499","89"
"2011","11a","Nassau","Under 1000","78"
"2011","11a","New York","Total","19,508"
"2011","11a","New York","Under 1000","131"
"2011","11a","New York","1000-1499","155"
"2011","11a","New York","1500-1999","316"
"2011","11a","New York","2000-2499","1,099"
"2011","11a","New York","2500-2999","3,889"
"2011","11a","New York","3000-3499","7,869"
"2011","11a","New York","3500+","6,047"
"2011","11a","New York","Unknown","2"
"2011","11a","New York City","3500+","36,438"
"2011","11a","New York City","Total","118,719"
"2011","11a","New York City","Under 1000","847"
"2011","11a","New York City","1000-1499","940"
"2011","11a","New York City","1500-1999","1,947"
"2011","11a","New York City","2000-2499","6,274"
"2011","11a","New York City","2500-2999","24,328"
"2011","11a","New York City","3000-3499","47,940"
"2011","11a","New York City","Unknown","5"
"2011","11a","New York State","2000-2499","12,025"
"2011","11a","New York State","Under 1000","1,697"
"2011","11a","New York State","1000-1499","1,829"
"2011","11a","New York State","1500-1999","3,866"
"2011","11a","New York State","2500-2999","44,680"
"2011","11a","New York State","3000-3499","93,634"
"2011","11a","New York State","3500+","81,767"
"2011","11a","New York State","Unknown","238"
"2011","11a","New York State","Total","239,736"
"2011","11a","Niagara","Under 1000","14"
"2011","11a","Niagara","1000-1499","19"
"2011","11a","Niagara","1500-1999","32"
"2011","11a","Niagara","2000-2499","101"
"2011","11a","Niagara","Total","2,129"
"2011","11a","Niagara","2500-2999","377"
"2011","11a","Niagara","3000-3499","774"
"2011","11a","Niagara","3500+","812"
"2011","11a","Niagara","Unknown","0"
"2011","11a","Oneida","Total","2,689"
"2011","11a","Oneida","Under 1000","14"
"2011","11a","Oneida","1000-1499","15"
"2011","11a","Oneida","1500-1999","47"
"2011","11a","Oneida","2000-2499","141"
"2011","11a","Oneida","2500-2999","463"
"2011","11a","Oneida","3000-3499","960"
"2011","11a","Oneida","3500+","1,049"
"2011","11a","Oneida","Unknown","0"
"2011","11a","Onondaga","Total","5,416"
"2011","11a","Onondaga","Under 1000","44"
"2011","11a","Onondaga","1000-1499","51"
"2011","11a","Onondaga","1500-1999","84"
"2011","11a","Onondaga","2000-2499","257"
"2011","11a","Onondaga","2500-2999","924"
"2011","11a","Onondaga","3000-3499","1,930"
"2011","11a","Onondaga","3500+","2,124"
"2011","11a","Onondaga","Unknown","2"
"2011","11a","Ontario","Total","1,020"
"2011","11a","Ontario","Under 1000","2"
"2011","11a","Ontario","1000-1499","8"
"2011","11a","Ontario","1500-1999","23"
"2011","11a","Ontario","2000-2499","48"
"2011","11a","Ontario","2500-2999","152"
"2011","11a","Ontario","3000-3499","348"
"2011","11a","Ontario","3500+","439"
"2011","11a","Ontario","Unknown","0"
"2011","11a","Orange","Total","4,835"
"2011","11a","Orange","Under 1000","44"
"2011","11a","Orange","1000-1499","43"
"2011","11a","Orange","1500-1999","68"
"2011","11a","Orange","2000-2499","205"
"2011","11a","Orange","2500-2999","776"
"2011","11a","Orange","3000-3499","1,866"
"2011","11a","Orange","3500+","1,831"
"2011","11a","Orange","Unknown","2"
"2011","11a","Orleans","Total","411"
"2011","11a","Orleans","Under 1000","2"
"2011","11a","Orleans","1000-1499","2"
"2011","11a","Orleans","1500-1999","6"
"2011","11a","Orleans","2000-2499","14"
"2011","11a","Orleans","2500-2999","77"
"2011","11a","Orleans","3000-3499","150"
"2011","11a","Orleans","3500+","158"
"2011","11a","Orleans","Unknown","2"
"2011","11a","Oswego","2000-2499","64"
"2011","11a","Oswego","Total","1,348"
"2011","11a","Oswego","Under 1000","8"
"2011","11a","Oswego","1000-1499","10"
"2011","11a","Oswego","1500-1999","14"
"2011","11a","Oswego","2500-2999","205"
"2011","11a","Oswego","3000-3499","489"
"2011","11a","Oswego","3500+","553"
"2011","11a","Oswego","Unknown","5"
"2011","11a","Otsego","Total","535"
"2011","11a","Otsego","Under 1000","7"
"2011","11a","Otsego","1000-1499","8"
"2011","11a","Otsego","1500-1999","3"
"2011","11a","Otsego","2000-2499","21"
"2011","11a","Otsego","2500-2999","64"
"2011","11a","Otsego","3000-3499","191"
"2011","11a","Otsego","3500+","240"
"2011","11a","Otsego","Unknown","1"
"2011","11a","Putnam","Total","866"
"2011","11a","Putnam","Under 1000","4"
"2011","11a","Putnam","1000-1499","8"
"2011","11a","Putnam","1500-1999","16"
"2011","11a","Putnam","2000-2499","34"
"2011","11a","Putnam","2500-2999","143"
"2011","11a","Putnam","3000-3499","341"
"2011","11a","Putnam","3500+","320"
"2011","11a","Putnam","Unknown","0"
"2011","11a","Queens","Total","30,300"
"2011","11a","Queens","Unknown","0"
"2011","11a","Queens","3500+","9,227"
"2011","11a","Queens","3000-3499","12,375"
"2011","11a","Queens","2500-2999","6,273"
"2011","11a","Queens","2000-2499","1,549"
"2011","11a","Queens","1500-1999","469"
"2011","11a","Queens","1000-1499","199"
"2011","11a","Queens","Under 1000","208"
"2011","11a","Rensselaer","Unknown","0"
"2011","11a","Rensselaer","3500+","708"
"2011","11a","Rensselaer","3000-3499","601"
"2011","11a","Rensselaer","2500-2999","285"
"2011","11a","Rensselaer","2000-2499","80"
"2011","11a","Rensselaer","1500-1999","31"
"2011","11a","Rensselaer","1000-1499","10"
"2011","11a","Rensselaer","Under 1000","15"
"2011","11a","Rensselaer","Total","1,730"
"2011","11a","Rest of State","Unknown","233"
"2011","11a","Rest of State","3500+","45,329"
"2011","11a","Rest of State","3000-3499","45,694"
"2011","11a","Rest of State","2500-2999","20,352"
"2011","11a","Rest of State","2000-2499","5,751"
"2011","11a","Rest of State","1500-1999","1,919"
"2011","11a","Rest of State","1000-1499","889"
"2011","11a","Rest of State","Under 1000","850"
"2011","11a","Rest of State","Total","121,017"
"2011","11a","Richmond","Total","5,544"
"2011","11a","Richmond","Under 1000","31"
"2011","11a","Richmond","1000-1499","39"
"2011","11a","Richmond","1500-1999","106"
"2011","11a","Richmond","2000-2499","277"
"2011","11a","Richmond","2500-2999","1,019"
"2011","11a","Richmond","3000-3499","2,199"
"2011","11a","Richmond","3500+","1,873"
"2011","11a","Richmond","Unknown","0"
"2011","11a","Rockland","Total","4,535"
"2011","11a","Rockland","Unknown","0"
"2011","11a","Rockland","3500+","1,742"
"2011","11a","Rockland","3000-3499","1,783"
"2011","11a","Rockland","2500-2999","723"
"2011","11a","Rockland","2000-2499","185"
"2011","11a","Rockland","1500-1999","59"
"2011","11a","Rockland","1000-1499","18"
"2011","11a","Rockland","Under 1000","25"
"2011","11a","Saratoga","Total","2,148"
"2011","11a","Saratoga","Unknown","1"
"2011","11a","Saratoga","3500+","908"
"2011","11a","Saratoga","3000-3499","755"
"2011","11a","Saratoga","2500-2999","331"
"2011","11a","Saratoga","2000-2499","97"
"2011","11a","Saratoga","1500-1999","32"
"2011","11a","Saratoga","1000-1499","13"
"2011","11a","Saratoga","Under 1000","11"
"2011","11a","Schenectady","Unknown","0"
"2011","11a","Schenectady","Total","1,764"
"2011","11a","Schenectady","Under 1000","20"
"2011","11a","Schenectady","1000-1499","14"
"2011","11a","Schenectady","1500-1999","29"
"2011","11a","Schenectady","2000-2499","103"
"2011","11a","Schenectady","2500-2999","304"
"2011","11a","Schenectady","3000-3499","644"
"2011","11a","Schenectady","3500+","650"
"2011","11a","Schoharie","Total","288"
"2011","11a","Schoharie","Under 1000","2"
"2011","11a","Schoharie","1000-1499","2"
"2011","11a","Schoharie","1500-1999","2"
"2011","11a","Schoharie","2000-2499","11"
"2011","11a","Schoharie","2500-2999","41"
"2011","11a","Schoharie","3000-3499","107"
"2011","11a","Schoharie","3500+","123"
"2011","11a","Schoharie","Unknown","0"
"2011","11a","Schuyler","2000-2499","7"
"2011","11a","Schuyler","Total","161"
"2011","11a","Schuyler","Under 1000","0"
"2011","11a","Schuyler","1000-1499","1"
"2011","11a","Schuyler","1500-1999","1"
"2011","11a","Schuyler","2500-2999","27"
"2011","11a","Schuyler","3000-3499","71"
"2011","11a","Schuyler","3500+","54"
"2011","11a","Schuyler","Unknown","0"
"2011","11a","Seneca","Unknown","1"
"2011","11a","Seneca","Total","399"
"2011","11a","Seneca","Under 1000","4"
"2011","11a","Seneca","1000-1499","1"
"2011","11a","Seneca","1500-1999","7"
"2011","11a","Seneca","2000-2499","18"
"2011","11a","Seneca","2500-2999","59"
"2011","11a","Seneca","3000-3499","132"
"2011","11a","Seneca","3500+","177"
"2011","11a","Steuben","Total","1,058"
"2011","11a","Steuben","Under 1000","9"
"2011","11a","Steuben","3500+","419"
"2011","11a","Steuben","3000-3499","393"
"2011","11a","Steuben","Unknown","0"
"2011","11a","Steuben","2500-2999","169"
"2011","11a","Steuben","2000-2499","46"
"2011","11a","Steuben","1500-1999","11"
"2011","11a","Steuben","1000-1499","11"
"2011","11a","St Lawrence","1000-1499","10"
"2011","11a","St Lawrence","Under 1000","6"
"2011","11a","St Lawrence","Unknown","37"
"2011","11a","St Lawrence","3500+","465"
"2011","11a","St Lawrence","3000-3499","472"
"2011","11a","St Lawrence","2500-2999","196"
"2011","11a","St Lawrence","Total","1,254"
"2011","11a","St Lawrence","2000-2499","51"
"2011","11a","St Lawrence","1500-1999","17"
"2011","11a","Suffolk","Total","16,027"
"2011","11a","Suffolk","Under 1000","93"
"2011","11a","Suffolk","1000-1499","111"
"2011","11a","Suffolk","1500-1999","290"
"2011","11a","Suffolk","2000-2499","742"
"2011","11a","Suffolk","2500-2999","2,773"
"2011","11a","Suffolk","3000-3499","6,173"
"2011","11a","Suffolk","3500+","5,841"
"2011","11a","Suffolk","Unknown","4"
"2011","11a","Sullivan","Total","808"
"2011","11a","Sullivan","Under 1000","6"
"2011","11a","Sullivan","Unknown","3"
"2011","11a","Sullivan","3500+","259"
"2011","11a","Sullivan","3000-3499","335"
"2011","11a","Sullivan","2500-2999","134"
"2011","11a","Sullivan","2000-2499","42"
"2011","11a","Sullivan","1500-1999","24"
"2011","11a","Sullivan","1000-1499","5"
"2011","11a","Tioga","2000-2499","16"
"2011","11a","Tioga","Total","481"
"2011","11a","Tioga","Under 1000","3"
"2011","11a","Tioga","1000-1499","2"
"2011","11a","Tioga","1500-1999","7"
"2011","11a","Tioga","2500-2999","57"
"2011","11a","Tioga","3000-3499","180"
"2011","11a","Tioga","3500+","216"
"2011","11a","Tioga","Unknown","0"
"2011","11a","Tompkins","Total","915"
"2011","11a","Tompkins","Under 1000","4"
"2011","11a","Tompkins","1000-1499","6"
"2011","11a","Tompkins","1500-1999","10"
"2011","11a","Tompkins","2000-2499","29"
"2011","11a","Tompkins","2500-2999","128"
"2011","11a","Tompkins","3000-3499","356"
"2011","11a","Tompkins","3500+","378"
"2011","11a","Tompkins","Unknown","4"
"2011","11a","Ulster","Total","1,666"
"2011","11a","Ulster","Under 1000","11"
"2011","11a","Ulster","1000-1499","11"
"2011","11a","Ulster","1500-1999","31"
"2011","11a","Ulster","2000-2499","46"
"2011","11a","Ulster","2500-2999","249"
"2011","11a","Ulster","3000-3499","617"
"2011","11a","Ulster","3500+","701"
"2011","11a","Ulster","Unknown","0"
"2011","11a","Warren","Total","601"
"2011","11a","Warren","Under 1000","5"
"2011","11a","Warren","1000-1499","6"
"2011","11a","Warren","1500-1999","8"
"2011","11a","Warren","2000-2499","26"
"2011","11a","Warren","2500-2999","92"
"2011","11a","Warren","3000-3499","225"
"2011","11a","Warren","3500+","239"
"2011","11a","Warren","Unknown","0"
"2011","11a","Washington","Total","655"
"2011","11a","Washington","Under 1000","4"
"2011","11a","Washington","1000-1499","6"
"2011","11a","Washington","1500-1999","12"
"2011","11a","Washington","2000-2499","28"
"2011","11a","Washington","2500-2999","102"
"2011","11a","Washington","3000-3499","214"
"2011","11a","Washington","3500+","289"
"2011","11a","Washington","Unknown","0"
"2011","11a","Wayne","Total","1,033"
"2011","11a","Wayne","Under 1000","5"
"2011","11a","Wayne","1000-1499","3"
"2011","11a","Wayne","1500-1999","13"
"2011","11a","Wayne","2000-2499","49"
"2011","11a","Wayne","2500-2999","136"
"2011","11a","Wayne","3000-3499","374"
"2011","11a","Wayne","3500+","453"
"2011","11a","Wayne","Unknown","0"
"2011","11a","Westchester","Total","10,719"
"2011","11a","Westchester","Under 1000","70"
"2011","11a","Westchester","1000-1499","103"
"2011","11a","Westchester","1500-1999","157"
"2011","11a","Westchester","2000-2499","545"
"2011","11a","Westchester","2500-2999","1,940"
"2011","11a","Westchester","3000-3499","4,306"
"2011","11a","Westchester","3500+","3,597"
"2011","11a","Westchester","Unknown","1"
"2011","11a","Wyoming","Total","389"
"2011","11a","Wyoming","Under 1000","3"
"2011","11a","Wyoming","1000-1499","3"
"2011","11a","Wyoming","1500-1999","6"
"2011","11a","Wyoming","2000-2499","17"
"2011","11a","Wyoming","2500-2999","50"
"2011","11a","Wyoming","3000-3499","130"
"2011","11a","Wyoming","3500+","179"
"2011","11a","Wyoming","Unknown","1"
"2011","11a","Yates","Total","302"
"2011","11a","Yates","Under 1000","1"
"2011","11a","Yates","1000-1499","2"
"2011","11a","Yates","1500-1999","7"
"2011","11a","Yates","2000-2499","10"
"2011","11a","Yates","2500-2999","39"
"2011","11a","Yates","3000-3499","91"
"2011","11a","Yates","3500+","152"
"2011","11a","Yates","Unknown","0"
"2010","11a","Albany","Unknown","1"
"2010","11a","Albany","3500+","1,236"
"2010","11a","Albany","3000-3499","1,099"
"2010","11a","Albany","2500-2999","486"
"2010","11a","Albany","2000-2499","152"
"2010","11a","Albany","1500-1999","49"
"2010","11a","Albany","1000-1499","21"
"2010","11a","Albany","Under 1000","30"
"2010","11a","Albany","Total","3,074"
"2010","11a","Allegany","1000-1499","3"
"2010","11a","Allegany","Total","494"
"2010","11a","Allegany","Under 1000","1"
"2010","11a","Allegany","1500-1999","7"
"2010","11a","Allegany","2000-2499","26"
"2010","11a","Allegany","2500-2999","89"
"2010","11a","Allegany","3000-3499","204"
"2010","11a","Allegany","3500+","164"
"2010","11a","Allegany","Unknown","0"
"2010","11a","Bronx","Total","22,386"
"2010","11a","Bronx","Under 1000","229"
"2010","11a","Bronx","1000-1499","195"
"2010","11a","Bronx","1500-1999","458"
"2010","11a","Bronx","2000-2499","1,292"
"2010","11a","Bronx","2500-2999","4,713"
"2010","11a","Bronx","3000-3499","8,909"
"2010","11a","Bronx","3500+","6,589"
"2010","11a","Bronx","Unknown","1"
"2010","11a","Broome","3000-3499","773"
"2010","11a","Broome","Unknown","2"
"2010","11a","Broome","Total","2,048"
"2010","11a","Broome","Under 1000","16"
"2010","11a","Broome","1000-1499","24"
"2010","11a","Broome","1500-1999","30"
"2010","11a","Broome","2000-2499","104"
"2010","11a","Broome","2500-2999","334"
"2010","11a","Broome","3500+","765"
"2010","11a","Cattaraugus","3000-3499","336"
"2010","11a","Cattaraugus","Unknown","96"
"2010","11a","Cattaraugus","Total","983"
"2010","11a","Cattaraugus","Under 1000","2"
"2010","11a","Cattaraugus","1000-1499","10"
"2010","11a","Cattaraugus","1500-1999","10"
"2010","11a","Cattaraugus","2000-2499","39"
"2010","11a","Cattaraugus","2500-2999","145"
"2010","11a","Cattaraugus","3500+","345"
"2010","11a","Cayuga","3000-3499","287"
"2010","11a","Cayuga","Unknown","0"
"2010","11a","Cayuga","Total","820"
"2010","11a","Cayuga","Under 1000","3"
"2010","11a","Cayuga","1000-1499","5"
"2010","11a","Cayuga","1500-1999","14"
"2010","11a","Cayuga","2000-2499","37"
"2010","11a","Cayuga","2500-2999","123"
"2010","11a","Cayuga","3500+","351"
"2010","11a","Chautauqua","3500+","455"
"2010","11a","Chautauqua","Total","1,372"
"2010","11a","Chautauqua","Under 1000","15"
"2010","11a","Chautauqua","1000-1499","7"
"2010","11a","Chautauqua","1500-1999","23"
"2010","11a","Chautauqua","2000-2499","76"
"2010","11a","Chautauqua","2500-2999","232"
"2010","11a","Chautauqua","3000-3499","541"
"2010","11a","Chautauqua","Unknown","23"
"2010","11a","Chemung","3500+","371"
"2010","11a","Chemung","Unknown","1"
"2010","11a","Chemung","Total","1,001"
"2010","11a","Chemung","Under 1000","3"
"2010","11a","Chemung","1000-1499","9"
"2010","11a","Chemung","1500-1999","21"
"2010","11a","Chemung","2000-2499","55"
"2010","11a","Chemung","2500-2999","144"
"2010","11a","Chemung","3000-3499","397"
"2010","11a","Chenango","3000-3499","177"
"2010","11a","Chenango","Unknown","1"
"2010","11a","Chenango","Total","468"
"2010","11a","Chenango","Under 1000","2"
"2010","11a","Chenango","1000-1499","3"
"2010","11a","Chenango","1500-1999","10"
"2010","11a","Chenango","2000-2499","17"
"2010","11a","Chenango","2500-2999","76"
"2010","11a","Chenango","3500+","182"
"2010","11a","Clinton","3500+","344"
"2010","11a","Clinton","Total","839"
"2010","11a","Clinton","Under 1000","9"
"2010","11a","Clinton","1000-1499","10"
"2010","11a","Clinton","1500-1999","7"
"2010","11a","Clinton","2000-2499","37"
"2010","11a","Clinton","2500-2999","123"
"2010","11a","Clinton","3000-3499","309"
"2010","11a","Clinton","Unknown","0"
"2010","11a","Columbia","3500+","228"
"2010","11a","Columbia","Total","595"
"2010","11a","Columbia","Under 1000","8"
"2010","11a","Columbia","Unknown","7"
"2010","11a","Columbia","1000-1499","2"
"2010","11a","Columbia","1500-1999","8"
"2010","11a","Columbia","2000-2499","19"
"2010","11a","Columbia","2500-2999","97"
"2010","11a","Columbia","3000-3499","226"
"2010","11a","Cortland","2000-2499","20"
"2010","11a","Cortland","2500-2999","63"
"2010","11a","Cortland","3000-3499","188"
"2010","11a","Cortland","Unknown","0"
"2010","11a","Cortland","Total","455"
"2010","11a","Cortland","Under 1000","4"
"2010","11a","Cortland","1000-1499","5"
"2010","11a","Cortland","1500-1999","7"
"2010","11a","Cortland","3500+","168"
"2010","11a","Delaware","1000-1499","2"
"2010","11a","Delaware","Total","459"
"2010","11a","Delaware","Under 1000","4"
"2010","11a","Delaware","1500-1999","2"
"2010","11a","Delaware","2000-2499","19"
"2010","11a","Delaware","2500-2999","61"
"2010","11a","Delaware","3000-3499","180"
"2010","11a","Delaware","3500+","191"
"2010","11a","Delaware","Unknown","0"
"2010","11a","Dutchess","3500+","1,095"
"2010","11a","Dutchess","Unknown","1"
"2010","11a","Dutchess","Total","2,867"
"2010","11a","Dutchess","Under 1000","26"
"2010","11a","Dutchess","1000-1499","17"
"2010","11a","Dutchess","1500-1999","35"
"2010","11a","Dutchess","2000-2499","112"
"2010","11a","Dutchess","2500-2999","498"
"2010","11a","Dutchess","3000-3499","1,083"
"2010","11a","Erie","3000-3499","3,711"
"2010","11a","Erie","Unknown","6"
"2010","11a","Erie","Total","9,757"
"2010","11a","Erie","Under 1000","79"
"2010","11a","Erie","1000-1499","83"
"2010","11a","Erie","1500-1999","175"
"2010","11a","Erie","2000-2499","452"
"2010","11a","Erie","2500-2999","1,743"
"2010","11a","Erie","3500+","3,508"
"2010","11a","Essex","3000-3499","110"
"2010","11a","Essex","Unknown","0"
"2010","11a","Essex","Total","337"
"2010","11a","Essex","Under 1000","4"
"2010","11a","Essex","1000-1499","2"
"2010","11a","Essex","1500-1999","1"
"2010","11a","Essex","2000-2499","14"
"2010","11a","Essex","2500-2999","55"
"2010","11a","Essex","3500+","151"
"2010","11a","Franklin","3000-3499","176"
"2010","11a","Franklin","Unknown","0"
"2010","11a","Franklin","Total","485"
"2010","11a","Franklin","Under 1000","4"
"2010","11a","Franklin","1000-1499","2"
"2010","11a","Franklin","1500-1999","9"
"2010","11a","Franklin","2000-2499","31"
"2010","11a","Franklin","2500-2999","93"
"2010","11a","Franklin","3500+","170"
"2010","11a","Fulton","3500+","210"
"2010","11a","Fulton","Total","555"
"2010","11a","Fulton","Under 1000","2"
"2010","11a","Fulton","1000-1499","3"
"2010","11a","Fulton","1500-1999","6"
"2010","11a","Fulton","2000-2499","21"
"2010","11a","Fulton","2500-2999","90"
"2010","11a","Fulton","3000-3499","222"
"2010","11a","Fulton","Unknown","1"
"2010","11a","Genesee","3500+","268"
"2010","11a","Genesee","Unknown","1"
"2010","11a","Genesee","Total","649"
"2010","11a","Genesee","Under 1000","2"
"2010","11a","Genesee","1000-1499","3"
"2010","11a","Genesee","1500-1999","11"
"2010","11a","Genesee","2000-2499","26"
"2010","11a","Genesee","2500-2999","102"
"2010","11a","Genesee","3000-3499","236"
"2010","11a","Greene","3000-3499","150"
"2010","11a","Greene","Unknown","0"
"2010","11a","Greene","Total","461"
"2010","11a","Greene","Under 1000","5"
"2010","11a","Greene","1000-1499","5"
"2010","11a","Greene","1500-1999","6"
"2010","11a","Greene","2000-2499","28"
"2010","11a","Greene","2500-2999","93"
"2010","11a","Greene","3500+","174"
"2010","11a","Hamilton","Unknown","0"
"2010","11a","Hamilton","Total","34"
"2010","11a","Hamilton","1000-1499","0"
"2010","11a","Hamilton","1500-1999","1"
"2010","11a","Hamilton","2000-2499","1"
"2010","11a","Hamilton","2500-2999","4"
"2010","11a","Hamilton","3000-3499","12"
"2010","11a","Hamilton","3500+","16"
"2010","11a","Hamilton","Under 1000","0"
"2010","11a","Herkimer","Unknown","0"
"2010","11a","Herkimer","Total","635"
"2010","11a","Herkimer","Under 1000","8"
"2010","11a","Herkimer","1000-1499","3"
"2010","11a","Herkimer","1500-1999","7"
"2010","11a","Herkimer","2000-2499","25"
"2010","11a","Herkimer","2500-2999","86"
"2010","11a","Herkimer","3000-3499","236"
"2010","11a","Herkimer","3500+","270"
"2010","11a","Jefferson","1000-1499","13"
"2010","11a","Jefferson","Under 1000","18"
"2010","11a","Jefferson","Unknown","5"
"2010","11a","Jefferson","3500+","869"
"2010","11a","Jefferson","2500-2999","299"
"2010","11a","Jefferson","2000-2499","78"
"2010","11a","Jefferson","3000-3499","766"
"2010","11a","Jefferson","1500-1999","23"
"2010","11a","Jefferson","Total","2,071"
"2010","11a","Kings","1500-1999","729"
"2010","11a","Kings","Unknown","1"
"2010","11a","Kings","3500+","12,839"
"2010","11a","Kings","3000-3499","16,948"
"2010","11a","Kings","2500-2999","8,494"
"2010","11a","Kings","2000-2499","2,131"
"2010","11a","Kings","1000-1499","361"
"2010","11a","Kings","Under 1000","295"
"2010","11a","Kings","Total","41,798"
"2010","11a","Lewis","Unknown","4"
"2010","11a","Lewis","Total","311"
"2010","11a","Lewis","Under 1000","1"
"2010","11a","Lewis","1000-1499","2"
"2010","11a","Lewis","1500-1999","4"
"2010","11a","Lewis","2000-2499","17"
"2010","11a","Lewis","2500-2999","56"
"2010","11a","Lewis","3000-3499","117"
"2010","11a","Lewis","3500+","110"
"2010","11a","Livingston","3500+","230"
"2010","11a","Livingston","Total","570"
"2010","11a","Livingston","Under 1000","1"
"2010","11a","Livingston","1000-1499","1"
"2010","11a","Livingston","1500-1999","7"
"2010","11a","Livingston","2000-2499","29"
"2010","11a","Livingston","2500-2999","91"
"2010","11a","Livingston","3000-3499","211"
"2010","11a","Livingston","Unknown","0"
"2010","11a","Madison","1000-1499","8"
"2010","11a","Madison","Total","642"
"2010","11a","Madison","Under 1000","2"
"2010","11a","Madison","1500-1999","7"
"2010","11a","Madison","2000-2499","34"
"2010","11a","Madison","2500-2999","95"
"2010","11a","Madison","3000-3499","221"
"2010","11a","Madison","3500+","275"
"2010","11a","Madison","Unknown","0"
"2010","11a","Monroe","Unknown","1"
"2010","11a","Monroe","Total","8,526"
"2010","11a","Monroe","Under 1000","76"
"2010","11a","Monroe","1000-1499","76"
"2010","11a","Monroe","1500-1999","149"
"2010","11a","Monroe","2000-2499","424"
"2010","11a","Monroe","2500-2999","1,461"
"2010","11a","Monroe","3000-3499","3,149"
"2010","11a","Monroe","3500+","3,190"
"2010","11a","Montgomery","3500+","244"
"2010","11a","Montgomery","Total","587"
"2010","11a","Montgomery","Under 1000","4"
"2010","11a","Montgomery","1000-1499","4"
"2010","11a","Montgomery","1500-1999","5"
"2010","11a","Montgomery","2000-2499","34"
"2010","11a","Montgomery","2500-2999","102"
"2010","11a","Montgomery","3000-3499","192"
"2010","11a","Montgomery","Unknown","2"
"2010","11a","Nassau","1000-1499","114"
"2010","11a","Nassau","Unknown","0"
"2010","11a","Nassau","3500+","5,049"
"2010","11a","Nassau","Total","14,200"
"2010","11a","Nassau","3000-3499","5,459"
"2010","11a","Nassau","2500-2999","2,562"
"2010","11a","Nassau","2000-2499","701"
"2010","11a","Nassau","1500-1999","238"
"2010","11a","Nassau","Under 1000","77"
"2010","11a","New York","3500+","6,077"
"2010","11a","New York","Total","19,731"
"2010","11a","New York","Under 1000","124"
"2010","11a","New York","1000-1499","146"
"2010","11a","New York","1500-1999","335"
"2010","11a","New York","2000-2499","1,103"
"2010","11a","New York","2500-2999","4,021"
"2010","11a","New York","3000-3499","7,925"
"2010","11a","New York","Unknown","0"
"2010","11a","New York City","Total","120,003"
"2010","11a","New York City","Under 1000","909"
"2010","11a","New York City","1000-1499","1,002"
"2010","11a","New York City","1500-1999","2,152"
"2010","11a","New York City","2000-2499","6,352"
"2010","11a","New York City","2500-2999","24,525"
"2010","11a","New York City","3000-3499","48,270"
"2010","11a","New York City","3500+","36,791"
"2010","11a","New York City","Unknown","2"
"2010","11a","New York State","Unknown","220"
"2010","11a","New York State","3500+","82,841"
"2010","11a","New York State","3000-3499","94,701"
"2010","11a","New York State","2500-2999","45,242"
"2010","11a","New York State","2000-2499","12,132"
"2010","11a","New York State","1500-1999","4,095"
"2010","11a","New York State","1000-1499","1,894"
"2010","11a","New York State","Under 1000","1,789"
"2010","11a","New York State","Total","242,914"
"2010","11a","Niagara","Total","2,214"
"2010","11a","Niagara","Under 1000","16"
"2010","11a","Niagara","1000-1499","9"
"2010","11a","Niagara","1500-1999","40"
"2010","11a","Niagara","2000-2499","114"
"2010","11a","Niagara","2500-2999","401"
"2010","11a","Niagara","3000-3499","814"
"2010","11a","Niagara","3500+","820"
"2010","11a","Niagara","Unknown","0"
"2010","11a","Oneida","3000-3499","1,009"
"2010","11a","Oneida","Total","2,633"
"2010","11a","Oneida","Under 1000","18"
"2010","11a","Oneida","1000-1499","14"
"2010","11a","Oneida","1500-1999","44"
"2010","11a","Oneida","2000-2499","115"
"2010","11a","Oneida","2500-2999","461"
"2010","11a","Oneida","3500+","972"
"2010","11a","Oneida","Unknown","0"
"2010","11a","Onondaga","Total","5,348"
"2010","11a","Onondaga","Under 1000","41"
"2010","11a","Onondaga","1000-1499","33"
"2010","11a","Onondaga","1500-1999","89"
"2010","11a","Onondaga","Unknown","0"
"2010","11a","Onondaga","2000-2499","275"
"2010","11a","Onondaga","2500-2999","943"
"2010","11a","Onondaga","3000-3499","1,934"
"2010","11a","Onondaga","3500+","2,033"
"2010","11a","Ontario","2000-2499","48"
"2010","11a","Ontario","Unknown","0"
"2010","11a","Ontario","3500+","429"
"2010","11a","Ontario","3000-3499","382"
"2010","11a","Ontario","2500-2999","146"
"2010","11a","Ontario","1500-1999","15"
"2010","11a","Ontario","1000-1499","9"
"2010","11a","Ontario","Under 1000","7"
"2010","11a","Ontario","Total","1,036"
"2010","11a","Orange","Unknown","2"
"2010","11a","Orange","Total","4,999"
"2010","11a","Orange","Under 1000","39"
"2010","11a","Orange","1000-1499","26"
"2010","11a","Orange","1500-1999","66"
"2010","11a","Orange","2000-2499","191"
"2010","11a","Orange","2500-2999","804"
"2010","11a","Orange","3000-3499","1,960"
"2010","11a","Orange","3500+","1,911"
"2010","11a","Orleans","Total","433"
"2010","11a","Orleans","Unknown","1"
"2010","11a","Orleans","3500+","153"
"2010","11a","Orleans","3000-3499","179"
"2010","11a","Orleans","2500-2999","68"
"2010","11a","Orleans","2000-2499","17"
"2010","11a","Orleans","1500-1999","7"
"2010","11a","Orleans","1000-1499","2"
"2010","11a","Orleans","Under 1000","6"
"2010","11a","Oswego","Total","1,325"
"2010","11a","Oswego","Under 1000","7"
"2010","11a","Oswego","1000-1499","12"
"2010","11a","Oswego","1500-1999","18"
"2010","11a","Oswego","2000-2499","65"
"2010","11a","Oswego","2500-2999","197"
"2010","11a","Oswego","3000-3499","476"
"2010","11a","Oswego","3500+","543"
"2010","11a","Oswego","Unknown","7"
"2010","11a","Otsego","Total","516"
"2010","11a","Otsego","Unknown","1"
"2010","11a","Otsego","3500+","218"
"2010","11a","Otsego","3000-3499","188"
"2010","11a","Otsego","2500-2999","85"
"2010","11a","Otsego","2000-2499","17"
"2010","11a","Otsego","1500-1999","4"
"2010","11a","Otsego","1000-1499","2"
"2010","11a","Otsego","Under 1000","1"
"2010","11a","Putnam","Unknown","0"
"2010","11a","Putnam","3500+","343"
"2010","11a","Putnam","3000-3499","361"
"2010","11a","Putnam","2500-2999","149"
"2010","11a","Putnam","2000-2499","47"
"2010","11a","Putnam","1500-1999","25"
"2010","11a","Putnam","1000-1499","4"
"2010","11a","Putnam","Under 1000","2"
"2010","11a","Putnam","Total","931"
"2010","11a","Queens","Unknown","0"
"2010","11a","Queens","3500+","9,359"
"2010","11a","Queens","3000-3499","12,309"
"2010","11a","Queens","2500-2999","6,268"
"2010","11a","Queens","2000-2499","1,570"
"2010","11a","Queens","1500-1999","534"
"2010","11a","Queens","1000-1499","242"
"2010","11a","Queens","Under 1000","202"
"2010","11a","Queens","Total","30,484"
"2010","11a","Rensselaer","Unknown","0"
"2010","11a","Rensselaer","3500+","687"
"2010","11a","Rensselaer","3000-3499","600"
"2010","11a","Rensselaer","2500-2999","265"
"2010","11a","Rensselaer","2000-2499","78"
"2010","11a","Rensselaer","1500-1999","31"
"2010","11a","Rensselaer","1000-1499","5"
"2010","11a","Rensselaer","Under 1000","11"
"2010","11a","Rensselaer","Total","1,677"
"2010","11a","Rest of State","Total","122,911"
"2010","11a","Rest of State","Under 1000","880"
"2010","11a","Rest of State","1000-1499","892"
"2010","11a","Rest of State","1500-1999","1,943"
"2010","11a","Rest of State","2000-2499","5,780"
"2010","11a","Rest of State","2500-2999","20,717"
"2010","11a","Rest of State","3000-3499","46,431"
"2010","11a","Rest of State","3500+","46,050"
"2010","11a","Rest of State","Unknown","218"
"2010","11a","Richmond","3500+","1,927"
"2010","11a","Richmond","3000-3499","2,179"
"2010","11a","Richmond","2500-2999","1,029"
"2010","11a","Richmond","2000-2499","256"
"2010","11a","Richmond","1500-1999","96"
"2010","11a","Richmond","1000-1499","58"
"2010","11a","Richmond","Under 1000","59"
"2010","11a","Richmond","Total","5,604"
"2010","11a","Richmond","Unknown","0"
"2010","11a","Rockland","3500+","1,717"
"2010","11a","Rockland","3000-3499","1,766"
"2010","11a","Rockland","2500-2999","764"
"2010","11a","Rockland","2000-2499","153"
"2010","11a","Rockland","1500-1999","59"
"2010","11a","Rockland","1000-1499","35"
"2010","11a","Rockland","Under 1000","31"
"2010","11a","Rockland","Total","4,525"
"2010","11a","Rockland","Unknown","0"
"2010","11a","Saratoga","3500+","974"
"2010","11a","Saratoga","3000-3499","850"
"2010","11a","Saratoga","2500-2999","322"
"2010","11a","Saratoga","2000-2499","94"
"2010","11a","Saratoga","1500-1999","36"
"2010","11a","Saratoga","1000-1499","15"
"2010","11a","Saratoga","Under 1000","13"
"2010","11a","Saratoga","Total","2,304"
"2010","11a","Saratoga","Unknown","0"
"2010","11a","Schenectady","Total","1,837"
"2010","11a","Schenectady","Under 1000","7"
"2010","11a","Schenectady","1000-1499","13"
"2010","11a","Schenectady","1500-1999","29"
"2010","11a","Schenectady","2000-2499","110"
"2010","11a","Schenectady","2500-2999","328"
"2010","11a","Schenectady","3000-3499","646"
"2010","11a","Schenectady","3500+","703"
"2010","11a","Schenectady","Unknown","1"
"2010","11a","Schoharie","Under 1000","3"
"2010","11a","Schoharie","Total","286"
"2010","11a","Schoharie","1000-1499","1"
"2010","11a","Schoharie","1500-1999","2"
"2010","11a","Schoharie","2000-2499","14"
"2010","11a","Schoharie","2500-2999","49"
"2010","11a","Schoharie","3000-3499","104"
"2010","11a","Schoharie","3500+","113"
"2010","11a","Schoharie","Unknown","0"
"2010","11a","Schuyler","3500+","71"
"2010","11a","Schuyler","Total","168"
"2010","11a","Schuyler","Under 1000","1"
"2010","11a","Schuyler","1000-1499","1"
"2010","11a","Schuyler","1500-1999","3"
"2010","11a","Schuyler","2000-2499","7"
"2010","11a","Schuyler","2500-2999","24"
"2010","11a","Schuyler","3000-3499","61"
"2010","11a","Schuyler","Unknown","0"
"2010","11a","Seneca","3500+","181"
"2010","11a","Seneca","3000-3499","139"
"2010","11a","Seneca","2500-2999","59"
"2010","11a","Seneca","2000-2499","8"
"2010","11a","Seneca","1500-1999","3"
"2010","11a","Seneca","1000-1499","4"
"2010","11a","Seneca","Under 1000","2"
"2010","11a","Seneca","Total","396"
"2010","11a","Seneca","Unknown","0"
"2010","11a","Steuben","Unknown","0"
"2010","11a","Steuben","3000-3499","413"
"2010","11a","Steuben","2500-2999","203"
"2010","11a","Steuben","2000-2499","45"
"2010","11a","Steuben","1500-1999","12"
"2010","11a","Steuben","1000-1499","8"
"2010","11a","Steuben","Under 1000","7"
"2010","11a","Steuben","Total","1,173"
"2010","11a","Steuben","3500+","485"
"2010","11a","St Lawrence","3500+","479"
"2010","11a","St Lawrence","Total","1,222"
"2010","11a","St Lawrence","Under 1000","8"
"2010","11a","St Lawrence","1000-1499","8"
"2010","11a","St Lawrence","1500-1999","17"
"2010","11a","St Lawrence","2000-2499","54"
"2010","11a","St Lawrence","2500-2999","190"
"2010","11a","St Lawrence","3000-3499","422"
"2010","11a","St Lawrence","Unknown","44"
"2010","11a","Suffolk","Unknown","3"
"2010","11a","Suffolk","3000-3499","6,481"
"2010","11a","Suffolk","2500-2999","2,922"
"2010","11a","Suffolk","2000-2499","810"
"2010","11a","Suffolk","1500-1999","272"
"2010","11a","Suffolk","1000-1499","108"
"2010","11a","Suffolk","Under 1000","119"
"2010","11a","Suffolk","Total","16,805"
"2010","11a","Suffolk","3500+","6,090"
"2010","11a","Sullivan","Under 1000","12"
"2010","11a","Sullivan","1000-1499","9"
"2010","11a","Sullivan","1500-1999","12"
"2010","11a","Sullivan","2000-2499","51"
"2010","11a","Sullivan","2500-2999","145"
"2010","11a","Sullivan","3000-3499","323"
"2010","11a","Sullivan","3500+","277"
"2010","11a","Sullivan","Unknown","2"
"2010","11a","Sullivan","Total","831"
"2010","11a","Tioga","Unknown","0"
"2010","11a","Tioga","3000-3499","156"
"2010","11a","Tioga","2500-2999","52"
"2010","11a","Tioga","2000-2499","21"
"2010","11a","Tioga","1500-1999","6"
"2010","11a","Tioga","1000-1499","2"
"2010","11a","Tioga","Under 1000","3"
"2010","11a","Tioga","Total","440"
"2010","11a","Tioga","3500+","200"
"2010","11a","Tompkins","3500+","318"
"2010","11a","Tompkins","2500-2999","115"
"2010","11a","Tompkins","2000-2499","29"
"2010","11a","Tompkins","1500-1999","18"
"2010","11a","Tompkins","1000-1499","8"
"2010","11a","Tompkins","Under 1000","9"
"2010","11a","Tompkins","Total","831"
"2010","11a","Tompkins","Unknown","1"
"2010","11a","Tompkins","3000-3499","333"
"2010","11a","Ulster","Under 1000","8"
"2010","11a","Ulster","1000-1499","10"
"2010","11a","Ulster","1500-1999","26"
"2010","11a","Ulster","2000-2499","80"
"2010","11a","Ulster","2500-2999","234"
"2010","11a","Ulster","3000-3499","612"
"2010","11a","Ulster","3500+","722"
"2010","11a","Ulster","Unknown","1"
"2010","11a","Ulster","Total","1,693"
"2010","11a","Warren","3000-3499","230"
"2010","11a","Warren","Total","611"
"2010","11a","Warren","Under 1000","3"
"2010","11a","Warren","1000-1499","5"
"2010","11a","Warren","1500-1999","10"
"2010","11a","Warren","2000-2499","20"
"2010","11a","Warren","2500-2999","83"
"2010","11a","Warren","3500+","260"
"2010","11a","Warren","Unknown","0"
"2010","11a","Washington","Total","604"
"2010","11a","Washington","Unknown","0"
"2010","11a","Washington","3500+","258"
"2010","11a","Washington","3000-3499","219"
"2010","11a","Washington","2500-2999","67"
"2010","11a","Washington","2000-2499","30"
"2010","11a","Washington","1500-1999","13"
"2010","11a","Washington","1000-1499","12"
"2010","11a","Washington","Under 1000","5"
"2010","11a","Wayne","Total","968"
"2010","11a","Wayne","Unknown","1"
"2010","11a","Wayne","3500+","422"
"2010","11a","Wayne","3000-3499","324"
"2010","11a","Wayne","2500-2999","152"
"2010","11a","Wayne","2000-2499","42"
"2010","11a","Wayne","1500-1999","12"
"2010","11a","Wayne","1000-1499","6"
"2010","11a","Wayne","Under 1000","9"
"2010","11a","Westchester","3500+","3,734"
"2010","11a","Westchester","Unknown","0"
"2010","11a","Westchester","Total","11,104"
"2010","11a","Westchester","Under 1000","83"
"2010","11a","Westchester","1000-1499","87"
"2010","11a","Westchester","1500-1999","191"
"2010","11a","Westchester","2000-2499","597"
"2010","11a","Westchester","2500-2999","1,987"
"2010","11a","Westchester","3000-3499","4,425"
"2010","11a","Wyoming","2500-2999","66"
"2010","11a","Wyoming","3000-3499","143"
"2010","11a","Wyoming","3500+","164"
"2010","11a","Wyoming","Total","394"
"2010","11a","Wyoming","Under 1000","2"
"2010","11a","Wyoming","1000-1499","3"
"2010","11a","Wyoming","Unknown","0"
"2010","11a","Wyoming","1500-1999","5"
"2010","11a","Wyoming","2000-2499","11"
"2010","11a","Yates","Total","312"
"2010","11a","Yates","Unknown","2"
"2010","11a","Yates","3500+","144"
"2010","11a","Yates","3000-3499","113"
"2010","11a","Yates","2500-2999","33"
"2010","11a","Yates","2000-2499","9"
"2010","11a","Yates","1500-1999","6"
"2010","11a","Yates","1000-1499","4"
"2010","11a","Yates","Under 1000","1"
"2009","11a","Albany","2000-2499","161"
"2009","11a","Albany","Total","3,176"
"2009","11a","Albany","Under 1000","34"
"2009","11a","Albany","1000-1499","26"
"2009","11a","Albany","1500-1999","60"
"2009","11a","Albany","2500-2999","511"
"2009","11a","Albany","3000-3499","1,151"
"2009","11a","Albany","3500+","1,233"
"2009","11a","Albany","Unknown","0"
"2009","11a","Allegany","Total","521"
"2009","11a","Allegany","Under 1000","1"
"2009","11a","Allegany","1000-1499","3"
"2009","11a","Allegany","1500-1999","9"
"2009","11a","Allegany","2000-2499","26"
"2009","11a","Allegany","2500-2999","94"
"2009","11a","Allegany","3000-3499","201"
"2009","11a","Allegany","3500+","184"
"2009","11a","Allegany","Unknown","3"
"2009","11a","Bronx","Unknown","1"
"2009","11a","Bronx","3500+","6,982"
"2009","11a","Bronx","3000-3499","8,966"
"2009","11a","Bronx","Total","23,000"
"2009","11a","Bronx","Under 1000","237"
"2009","11a","Bronx","2500-2999","4,774"
"2009","11a","Bronx","2000-2499","1,410"
"2009","11a","Bronx","1500-1999","420"
"2009","11a","Bronx","1000-1499","210"
"2009","11a","Broome","Total","2,061"
"2009","11a","Broome","Under 1000","21"
"2009","11a","Broome","1000-1499","12"
"2009","11a","Broome","1500-1999","18"
"2009","11a","Broome","2000-2499","91"
"2009","11a","Broome","2500-2999","345"
"2009","11a","Broome","3000-3499","782"
"2009","11a","Broome","3500+","788"
"2009","11a","Broome","Unknown","4"
"2009","11a","Cattaraugus","2000-2499","40"
"2009","11a","Cattaraugus","Total","978"
"2009","11a","Cattaraugus","Under 1000","7"
"2009","11a","Cattaraugus","1000-1499","8"
"2009","11a","Cattaraugus","1500-1999","14"
"2009","11a","Cattaraugus","2500-2999","136"
"2009","11a","Cattaraugus","3000-3499","357"
"2009","11a","Cattaraugus","3500+","321"
"2009","11a","Cattaraugus","Unknown","95"
"2009","11a","Cayuga","Total","812"
"2009","11a","Cayuga","Under 1000","3"
"2009","11a","Cayuga","1000-1499","8"
"2009","11a","Cayuga","1500-1999","6"
"2009","11a","Cayuga","2000-2499","23"
"2009","11a","Cayuga","2500-2999","144"
"2009","11a","Cayuga","3000-3499","284"
"2009","11a","Cayuga","3500+","343"
"2009","11a","Cayuga","Unknown","1"
"2009","11a","Chautauqua","Total","1,442"
"2009","11a","Chautauqua","Under 1000","5"
"2009","11a","Chautauqua","1000-1499","9"
"2009","11a","Chautauqua","1500-1999","25"
"2009","11a","Chautauqua","2000-2499","72"
"2009","11a","Chautauqua","2500-2999","276"
"2009","11a","Chautauqua","3000-3499","534"
"2009","11a","Chautauqua","3500+","498"
"2009","11a","Chautauqua","Unknown","23"
"2009","11a","Chemung","Total","978"
"2009","11a","Chemung","Unknown","1"
"2009","11a","Chemung","Under 1000","6"
"2009","11a","Chemung","1000-1499","14"
"2009","11a","Chemung","1500-1999","22"
"2009","11a","Chemung","2000-2499","56"
"2009","11a","Chemung","2500-2999","142"
"2009","11a","Chemung","3000-3499","344"
"2009","11a","Chemung","3500+","393"
"2009","11a","Chenango","Total","524"
"2009","11a","Chenango","Unknown","1"
"2009","11a","Chenango","3500+","224"
"2009","11a","Chenango","3000-3499","202"
"2009","11a","Chenango","2500-2999","67"
"2009","11a","Chenango","2000-2499","16"
"2009","11a","Chenango","1500-1999","10"
"2009","11a","Chenango","1000-1499","1"
"2009","11a","Chenango","Under 1000","3"
"2009","11a","Clinton","Total","787"
"2009","11a","Clinton","3500+","326"
"2009","11a","Clinton","3000-3499","284"
"2009","11a","Clinton","2500-2999","119"
"2009","11a","Clinton","2000-2499","38"
"2009","11a","Clinton","1500-1999","15"
"2009","11a","Clinton","1000-1499","3"
"2009","11a","Clinton","Under 1000","1"
"2009","11a","Clinton","Unknown","1"
"2009","11a","Columbia","Unknown","3"
"2009","11a","Columbia","Total","565"
"2009","11a","Columbia","Under 1000","7"
"2009","11a","Columbia","1000-1499","4"
"2009","11a","Columbia","1500-1999","3"
"2009","11a","Columbia","2000-2499","39"
"2009","11a","Columbia","2500-2999","81"
"2009","11a","Columbia","3000-3499","220"
"2009","11a","Columbia","3500+","208"
"2009","11a","Cortland","1000-1499","6"
"2009","11a","Cortland","Total","556"
"2009","11a","Cortland","Unknown","0"
"2009","11a","Cortland","3500+","224"
"2009","11a","Cortland","3000-3499","198"
"2009","11a","Cortland","2500-2999","82"
"2009","11a","Cortland","2000-2499","30"
"2009","11a","Cortland","1500-1999","6"
"2009","11a","Cortland","Under 1000","10"
"2009","11a","Delaware","2500-2999","62"
"2009","11a","Delaware","Total","458"
"2009","11a","Delaware","Under 1000","1"
"2009","11a","Delaware","1000-1499","6"
"2009","11a","Delaware","1500-1999","13"
"2009","11a","Delaware","2000-2499","20"
"2009","11a","Delaware","3000-3499","169"
"2009","11a","Delaware","3500+","187"
"2009","11a","Delaware","Unknown","0"
"2009","11a","Dutchess","Total","2,917"
"2009","11a","Dutchess","Unknown","2"
"2009","11a","Dutchess","3500+","1,177"
"2009","11a","Dutchess","3000-3499","1,082"
"2009","11a","Dutchess","2500-2999","449"
"2009","11a","Dutchess","2000-2499","115"
"2009","11a","Dutchess","1500-1999","47"
"2009","11a","Dutchess","1000-1499","22"
"2009","11a","Dutchess","Under 1000","23"
"2009","11a","Erie","Total","9,797"
"2009","11a","Erie","Under 1000","88"
"2009","11a","Erie","1000-1499","81"
"2009","11a","Erie","1500-1999","168"
"2009","11a","Erie","2000-2499","435"
"2009","11a","Erie","2500-2999","1,746"
"2009","11a","Erie","3000-3499","3,758"
"2009","11a","Erie","3500+","3,515"
"2009","11a","Erie","Unknown","6"
"2009","11a","Essex","Under 1000","6"
"2009","11a","Essex","Unknown","1"
"2009","11a","Essex","3500+","133"
"2009","11a","Essex","3000-3499","117"
"2009","11a","Essex","2500-2999","65"
"2009","11a","Essex","2000-2499","20"
"2009","11a","Essex","1500-1999","9"
"2009","11a","Essex","1000-1499","0"
"2009","11a","Essex","Total","351"
"2009","11a","Franklin","3500+","184"
"2009","11a","Franklin","3000-3499","179"
"2009","11a","Franklin","2500-2999","117"
"2009","11a","Franklin","2000-2499","25"
"2009","11a","Franklin","Unknown","1"
"2009","11a","Franklin","1500-1999","7"
"2009","11a","Franklin","1000-1499","1"
"2009","11a","Franklin","Under 1000","0"
"2009","11a","Franklin","Total","514"
"2009","11a","Fulton","1000-1499","4"
"2009","11a","Fulton","Total","556"
"2009","11a","Fulton","Unknown","0"
"2009","11a","Fulton","3500+","236"
"2009","11a","Fulton","3000-3499","189"
"2009","11a","Fulton","2500-2999","96"
"2009","11a","Fulton","2000-2499","26"
"2009","11a","Fulton","1500-1999","3"
"2009","11a","Fulton","Under 1000","2"
"2009","11a","Genesee","Unknown","0"
"2009","11a","Genesee","Total","657"
"2009","11a","Genesee","Under 1000","1"
"2009","11a","Genesee","1000-1499","7"
"2009","11a","Genesee","1500-1999","9"
"2009","11a","Genesee","2000-2499","27"
"2009","11a","Genesee","2500-2999","91"
"2009","11a","Genesee","3000-3499","224"
"2009","11a","Genesee","3500+","298"
"2009","11a","Greene","Under 1000","1"
"2009","11a","Greene","Total","442"
"2009","11a","Greene","Unknown","0"
"2009","11a","Greene","3500+","161"
"2009","11a","Greene","3000-3499","154"
"2009","11a","Greene","2500-2999","83"
"2009","11a","Greene","2000-2499","21"
"2009","11a","Greene","1500-1999","15"
"2009","11a","Greene","1000-1499","7"
"2009","11a","Hamilton","1000-1499","0"
"2009","11a","Hamilton","Total","40"
"2009","11a","Hamilton","Unknown","0"
"2009","11a","Hamilton","3500+","14"
"2009","11a","Hamilton","3000-3499","14"
"2009","11a","Hamilton","2500-2999","9"
"2009","11a","Hamilton","2000-2499","3"
"2009","11a","Hamilton","1500-1999","0"
"2009","11a","Hamilton","Under 1000","0"
"2009","11a","Herkimer","Unknown","3"
"2009","11a","Herkimer","Total","671"
"2009","11a","Herkimer","Under 1000","9"
"2009","11a","Herkimer","1000-1499","4"
"2009","11a","Herkimer","1500-1999","13"
"2009","11a","Herkimer","2000-2499","26"
"2009","11a","Herkimer","2500-2999","84"
"2009","11a","Herkimer","3000-3499","218"
"2009","11a","Herkimer","3500+","314"
"2009","11a","Jefferson","Under 1000","12"
"2009","11a","Jefferson","Total","1,995"
"2009","11a","Jefferson","Unknown","3"
"2009","11a","Jefferson","3500+","788"
"2009","11a","Jefferson","3000-3499","728"
"2009","11a","Jefferson","2500-2999","337"
"2009","11a","Jefferson","2000-2499","76"
"2009","11a","Jefferson","1500-1999","30"
"2009","11a","Jefferson","1000-1499","21"
"2009","11a","Kings","3500+","13,037"
"2009","11a","Kings","Total","42,101"
"2009","11a","Kings","Under 1000","265"
"2009","11a","Kings","1000-1499","385"
"2009","11a","Kings","1500-1999","710"
"2009","11a","Kings","2000-2499","2,197"
"2009","11a","Kings","2500-2999","8,530"
"2009","11a","Kings","3000-3499","16,975"
"2009","11a","Kings","Unknown","2"
"2009","11a","Lewis","Unknown","9"
"2009","11a","Lewis","Under 1000","0"
"2009","11a","Lewis","1000-1499","2"
"2009","11a","Lewis","1500-1999","3"
"2009","11a","Lewis","2000-2499","10"
"2009","11a","Lewis","2500-2999","54"
"2009","11a","Lewis","3000-3499","124"
"2009","11a","Lewis","3500+","149"
"2009","11a","Lewis","Total","351"
"2009","11a","Livingston","Under 1000","2"
"2009","11a","Livingston","Unknown","0"
"2009","11a","Livingston","3500+","267"
"2009","11a","Livingston","3000-3499","185"
"2009","11a","Livingston","2500-2999","89"
"2009","11a","Livingston","2000-2499","22"
"2009","11a","Livingston","1500-1999","7"
"2009","11a","Livingston","1000-1499","2"
"2009","11a","Livingston","Total","574"
"2009","11a","Madison","Unknown","0"
"2009","11a","Madison","Total","680"
"2009","11a","Madison","Under 1000","3"
"2009","11a","Madison","1000-1499","5"
"2009","11a","Madison","1500-1999","14"
"2009","11a","Madison","2000-2499","17"
"2009","11a","Madison","2500-2999","119"
"2009","11a","Madison","3000-3499","246"
"2009","11a","Madison","3500+","276"
"2009","11a","Monroe","3500+","3,206"
"2009","11a","Monroe","Total","8,580"
"2009","11a","Monroe","Under 1000","84"
"2009","11a","Monroe","1000-1499","73"
"2009","11a","Monroe","1500-1999","130"
"2009","11a","Monroe","2000-2499","453"
"2009","11a","Monroe","2500-2999","1,449"
"2009","11a","Monroe","3000-3499","3,185"
"2009","11a","Monroe","Unknown","0"
"2009","11a","Montgomery","3500+","238"
"2009","11a","Montgomery","Total","611"
"2009","11a","Montgomery","Under 1000","2"
"2009","11a","Montgomery","1000-1499","5"
"2009","11a","Montgomery","1500-1999","7"
"2009","11a","Montgomery","2000-2499","20"
"2009","11a","Montgomery","2500-2999","93"
"2009","11a","Montgomery","3000-3499","241"
"2009","11a","Montgomery","Unknown","5"
"2009","11a","Nassau","Total","14,683"
"2009","11a","Nassau","Unknown","2"
"2009","11a","Nassau","3500+","5,020"
"2009","11a","Nassau","3000-3499","5,758"
"2009","11a","Nassau","2500-2999","2,659"
"2009","11a","Nassau","2000-2499","776"
"2009","11a","Nassau","1500-1999","266"
"2009","11a","Nassau","1000-1499","110"
"2009","11a","Nassau","Under 1000","92"
"2009","11a","New York","Unknown","1"
"2009","11a","New York","3500+","6,280"
"2009","11a","New York","3000-3499","8,122"
"2009","11a","New York","2500-2999","3,967"
"2009","11a","New York","2000-2499","1,142"
"2009","11a","New York","1500-1999","375"
"2009","11a","New York","1000-1499","152"
"2009","11a","New York","Under 1000","128"
"2009","11a","New York","Total","20,167"
"2009","11a","New York City","3500+","37,628"
"2009","11a","New York City","Total","121,745"
"2009","11a","New York City","Under 1000","885"
"2009","11a","New York City","1000-1499","1,038"
"2009","11a","New York City","1500-1999","2,092"
"2009","11a","New York City","2000-2499","6,571"
"2009","11a","New York City","2500-2999","24,647"
"2009","11a","New York City","3000-3499","48,879"
"2009","11a","New York City","Unknown","5"
"2009","11a","New York State","Total","246,592"
"2009","11a","New York State","Unknown","232"
"2009","11a","New York State","3500+","84,122"
"2009","11a","New York State","3000-3499","96,160"
"2009","11a","New York State","2500-2999","45,852"
"2009","11a","New York State","2000-2499","12,400"
"2009","11a","New York State","1500-1999","4,063"
"2009","11a","New York State","1000-1499","1,961"
"2009","11a","New York State","Under 1000","1,802"
"2009","11a","Niagara","Total","2,305"
"2009","11a","Niagara","3500+","873"
"2009","11a","Niagara","3000-3499","842"
"2009","11a","Niagara","2500-2999","397"
"2009","11a","Niagara","2000-2499","108"
"2009","11a","Niagara","1500-1999","41"
"2009","11a","Niagara","1000-1499","19"
"2009","11a","Niagara","Under 1000","25"
"2009","11a","Niagara","Unknown","0"
"2009","11a","Oneida","Total","2,633"
"2009","11a","Oneida","Unknown","1"
"2009","11a","Oneida","3500+","1,017"
"2009","11a","Oneida","3000-3499","929"
"2009","11a","Oneida","2500-2999","480"
"2009","11a","Oneida","2000-2499","126"
"2009","11a","Oneida","1500-1999","36"
"2009","11a","Oneida","1000-1499","20"
"2009","11a","Oneida","Under 1000","24"
"2009","11a","Onondaga","Total","5,479"
"2009","11a","Onondaga","Under 1000","53"
"2009","11a","Onondaga","1000-1499","42"
"2009","11a","Onondaga","1500-1999","87"
"2009","11a","Onondaga","2000-2499","270"
"2009","11a","Onondaga","2500-2999","930"
"2009","11a","Onondaga","3000-3499","1,968"
"2009","11a","Onondaga","3500+","2,127"
"2009","11a","Onondaga","Unknown","2"
"2009","11a","Ontario","Total","1,051"
"2009","11a","Ontario","Under 1000","6"
"2009","11a","Ontario","1000-1499","3"
"2009","11a","Ontario","1500-1999","14"
"2009","11a","Ontario","2000-2499","36"
"2009","11a","Ontario","2500-2999","159"
"2009","11a","Ontario","3000-3499","395"
"2009","11a","Ontario","3500+","438"
"2009","11a","Ontario","Unknown","0"
"2009","11a","Orange","Total","5,062"
"2009","11a","Orange","Under 1000","31"
"2009","11a","Orange","1000-1499","31"
"2009","11a","Orange","1500-1999","59"
"2009","11a","Orange","2000-2499","236"
"2009","11a","Orange","2500-2999","881"
"2009","11a","Orange","3000-3499","2,004"
"2009","11a","Orange","3500+","1,818"
"2009","11a","Orange","Unknown","2"
"2009","11a","Orleans","Total","441"
"2009","11a","Orleans","Under 1000","3"
"2009","11a","Orleans","1000-1499","3"
"2009","11a","Orleans","1500-1999","11"
"2009","11a","Orleans","2000-2499","18"
"2009","11a","Orleans","2500-2999","65"
"2009","11a","Orleans","3000-3499","171"
"2009","11a","Orleans","3500+","168"
"2009","11a","Orleans","Unknown","2"
"2009","11a","Oswego","Total","1,409"
"2009","11a","Oswego","Under 1000","11"
"2009","11a","Oswego","1000-1499","5"
"2009","11a","Oswego","1500-1999","14"
"2009","11a","Oswego","2000-2499","45"
"2009","11a","Oswego","2500-2999","214"
"2009","11a","Oswego","3000-3499","533"
"2009","11a","Oswego","3500+","584"
"2009","11a","Oswego","Unknown","3"
"2009","11a","Otsego","Total","484"
"2009","11a","Otsego","Under 1000","5"
"2009","11a","Otsego","1000-1499","5"
"2009","11a","Otsego","1500-1999","6"
"2009","11a","Otsego","2000-2499","17"
"2009","11a","Otsego","2500-2999","70"
"2009","11a","Otsego","3000-3499","163"
"2009","11a","Otsego","3500+","218"
"2009","11a","Otsego","Unknown","0"
"2009","11a","Putnam","Total","894"
"2009","11a","Putnam","Under 1000","6"
"2009","11a","Putnam","1000-1499","8"
"2009","11a","Putnam","1500-1999","12"
"2009","11a","Putnam","2000-2499","34"
"2009","11a","Putnam","2500-2999","137"
"2009","11a","Putnam","3000-3499","357"
"2009","11a","Putnam","3500+","340"
"2009","11a","Putnam","Unknown","0"
"2009","11a","Queens","Total","30,748"
"2009","11a","Queens","Under 1000","216"
"2009","11a","Queens","1000-1499","240"
"2009","11a","Queens","1500-1999","485"
"2009","11a","Queens","2000-2499","1,534"
"2009","11a","Queens","2500-2999","6,290"
"2009","11a","Queens","3000-3499","12,587"
"2009","11a","Queens","3500+","9,396"
"2009","11a","Queens","Unknown","0"
"2009","11a","Rensselaer","Total","1,772"
"2009","11a","Rensselaer","Under 1000","16"
"2009","11a","Rensselaer","1000-1499","9"
"2009","11a","Rensselaer","1500-1999","19"
"2009","11a","Rensselaer","2000-2499","71"
"2009","11a","Rensselaer","2500-2999","268"
"2009","11a","Rensselaer","3000-3499","633"
"2009","11a","Rensselaer","3500+","755"
"2009","11a","Rensselaer","Unknown","1"
"2009","11a","Rest of State","Unknown","227"
"2009","11a","Rest of State","3500+","46,494"
"2009","11a","Rest of State","3000-3499","47,281"
"2009","11a","Rest of State","2500-2999","21,205"
"2009","11a","Rest of State","2000-2499","5,829"
"2009","11a","Rest of State","1500-1999","1,971"
"2009","11a","Rest of State","1000-1499","923"
"2009","11a","Rest of State","Under 1000","917"
"2009","11a","Rest of State","Total","124,847"
"2009","11a","Richmond","Unknown","1"
"2009","11a","Richmond","3500+","1,933"
"2009","11a","Richmond","3000-3499","2,229"
"2009","11a","Richmond","2500-2999","1,086"
"2009","11a","Richmond","2000-2499","288"
"2009","11a","Richmond","1500-1999","102"
"2009","11a","Richmond","1000-1499","51"
"2009","11a","Richmond","Under 1000","39"
"2009","11a","Richmond","Total","5,729"
"2009","11a","Rockland","Unknown","1"
"2009","11a","Rockland","3500+","1,706"
"2009","11a","Rockland","3000-3499","1,760"
"2009","11a","Rockland","2500-2999","797"
"2009","11a","Rockland","2000-2499","180"
"2009","11a","Rockland","1500-1999","58"
"2009","11a","Rockland","1000-1499","33"
"2009","11a","Rockland","Under 1000","25"
"2009","11a","Rockland","Total","4,560"
"2009","11a","Saratoga","Total","2,222"
"2009","11a","Saratoga","Unknown","0"
"2009","11a","Saratoga","3500+","903"
"2009","11a","Saratoga","3000-3499","845"
"2009","11a","Saratoga","2500-2999","317"
"2009","11a","Saratoga","2000-2499","96"
"2009","11a","Saratoga","1500-1999","28"
"2009","11a","Saratoga","1000-1499","17"
"2009","11a","Saratoga","Under 1000","16"
"2009","11a","Schenectady","3500+","671"
"2009","11a","Schenectady","3000-3499","669"
"2009","11a","Schenectady","2500-2999","297"
"2009","11a","Schenectady","2000-2499","98"
"2009","11a","Schenectady","1500-1999","32"
"2009","11a","Schenectady","1000-1499","15"
"2009","11a","Schenectady","Under 1000","16"
"2009","11a","Schenectady","Total","1,799"
"2009","11a","Schenectady","Unknown","1"
"2009","11a","Schoharie","Total","279"
"2009","11a","Schoharie","3500+","107"
"2009","11a","Schoharie","3000-3499","110"
"2009","11a","Schoharie","2500-2999","43"
"2009","11a","Schoharie","2000-2499","12"
"2009","11a","Schoharie","1500-1999","4"
"2009","11a","Schoharie","1000-1499","0"
"2009","11a","Schoharie","Under 1000","3"
"2009","11a","Schoharie","Unknown","0"
"2009","11a","Schuyler","Total","158"
"2009","11a","Schuyler","Under 1000","0"
"2009","11a","Schuyler","1000-1499","1"
"2009","11a","Schuyler","1500-1999","6"
"2009","11a","Schuyler","2000-2499","6"
"2009","11a","Schuyler","2500-2999","24"
"2009","11a","Schuyler","3000-3499","59"
"2009","11a","Schuyler","3500+","62"
"2009","11a","Schuyler","Unknown","0"
"2009","11a","Seneca","Unknown","0"
"2009","11a","Seneca","Total","370"
"2009","11a","Seneca","Under 1000","2"
"2009","11a","Seneca","1000-1499","0"
"2009","11a","Seneca","1500-1999","5"
"2009","11a","Seneca","2000-2499","12"
"2009","11a","Seneca","2500-2999","55"
"2009","11a","Seneca","3000-3499","119"
"2009","11a","Seneca","3500+","177"
"2009","11a","Steuben","Total","1,118"
"2009","11a","Steuben","Unknown","2"
"2009","11a","Steuben","3500+","450"
"2009","11a","Steuben","3000-3499","407"
"2009","11a","Steuben","2500-2999","182"
"2009","11a","Steuben","2000-2499","44"
"2009","11a","Steuben","1500-1999","14"
"2009","11a","Steuben","1000-1499","7"
"2009","11a","Steuben","Under 1000","12"
"2009","11a","St Lawrence","3500+","471"
"2009","11a","St Lawrence","Under 1000","5"
"2009","11a","St Lawrence","Total","1,191"
"2009","11a","St Lawrence","1000-1499","9"
"2009","11a","St Lawrence","1500-1999","16"
"2009","11a","St Lawrence","2000-2499","66"
"2009","11a","St Lawrence","2500-2999","182"
"2009","11a","St Lawrence","3000-3499","413"
"2009","11a","St Lawrence","Unknown","29"
"2009","11a","Suffolk","Total","17,183"
"2009","11a","Suffolk","Under 1000","103"
"2009","11a","Suffolk","1000-1499","121"
"2009","11a","Suffolk","1500-1999","290"
"2009","11a","Suffolk","2000-2499","810"
"2009","11a","Suffolk","2500-2999","2,943"
"2009","11a","Suffolk","3000-3499","6,752"
"2009","11a","Suffolk","3500+","6,162"
"2009","11a","Suffolk","Unknown","2"
"2009","11a","Sullivan","Total","861"
"2009","11a","Sullivan","Under 1000","9"
"2009","11a","Sullivan","1000-1499","7"
"2009","11a","Sullivan","1500-1999","12"
"2009","11a","Sullivan","2000-2499","45"
"2009","11a","Sullivan","2500-2999","166"
"2009","11a","Sullivan","3000-3499","343"
"2009","11a","Sullivan","3500+","279"
"2009","11a","Sullivan","Unknown","0"
"2009","11a","Tioga","Total","429"
"2009","11a","Tioga","Unknown","0"
"2009","11a","Tioga","3500+","176"
"2009","11a","Tioga","3000-3499","156"
"2009","11a","Tioga","2500-2999","64"
"2009","11a","Tioga","2000-2499","21"
"2009","11a","Tioga","1500-1999","8"
"2009","11a","Tioga","1000-1499","2"
"2009","11a","Tioga","Under 1000","2"
"2009","11a","Tompkins","Unknown","1"
"2009","11a","Tompkins","3500+","372"
"2009","11a","Tompkins","3000-3499","357"
"2009","11a","Tompkins","2500-2999","131"
"2009","11a","Tompkins","2000-2499","31"
"2009","11a","Tompkins","1500-1999","16"
"2009","11a","Tompkins","1000-1499","5"
"2009","11a","Tompkins","Under 1000","5"
"2009","11a","Tompkins","Total","918"
"2009","11a","Ulster","Under 1000","8"
"2009","11a","Ulster","Total","1,706"
"2009","11a","Ulster","1000-1499","15"
"2009","11a","Ulster","1500-1999","24"
"2009","11a","Ulster","2000-2499","67"
"2009","11a","Ulster","2500-2999","284"
"2009","11a","Ulster","3000-3499","607"
"2009","11a","Ulster","3500+","701"
"2009","11a","Ulster","Unknown","0"
"2009","11a","Warren","Total","640"
"2009","11a","Warren","Under 1000","2"
"2009","11a","Warren","1000-1499","1"
"2009","11a","Warren","1500-1999","4"
"2009","11a","Warren","2000-2499","41"
"2009","11a","Warren","2500-2999","96"
"2009","11a","Warren","3000-3499","240"
"2009","11a","Warren","3500+","255"
"2009","11a","Warren","Unknown","1"
"2009","11a","Washington","Total","625"
"2009","11a","Washington","Under 1000","3"
"2009","11a","Washington","1000-1499","3"
"2009","11a","Washington","1500-1999","9"
"2009","11a","Washington","2000-2499","28"
"2009","11a","Washington","2500-2999","105"
"2009","11a","Washington","3000-3499","209"
"2009","11a","Washington","3500+","268"
"2009","11a","Washington","Unknown","0"
"2009","11a","Wayne","3000-3499","364"
"2009","11a","Wayne","Unknown","0"
"2009","11a","Wayne","3500+","463"
"2009","11a","Wayne","2500-2999","161"
"2009","11a","Wayne","2000-2499","48"
"2009","11a","Wayne","1500-1999","17"
"2009","11a","Wayne","1000-1499","9"
"2009","11a","Wayne","Under 1000","3"
"2009","11a","Wayne","Total","1,065"
"2009","11a","Westchester","Under 1000","97"
"2009","11a","Westchester","Total","11,143"
"2009","11a","Westchester","Unknown","13"
"2009","11a","Westchester","3500+","3,683"
"2009","11a","Westchester","3000-3499","4,462"
"2009","11a","Westchester","2500-2999","2,055"
"2009","11a","Westchester","2000-2499","553"
"2009","11a","Westchester","1500-1999","193"
"2009","11a","Westchester","1000-1499","87"
"2009","11a","Wyoming","3500+","183"
"2009","11a","Wyoming","Total","418"
"2009","11a","Wyoming","Under 1000","1"
"2009","11a","Wyoming","1000-1499","2"
"2009","11a","Wyoming","1500-1999","4"
"2009","11a","Wyoming","2000-2499","12"
"2009","11a","Wyoming","2500-2999","56"
"2009","11a","Wyoming","3000-3499","160"
"2009","11a","Wyoming","Unknown","0"
"2009","11a","Yates","Under 1000","1"
"2009","11a","Yates","Total","355"
"2009","11a","Yates","Unknown","2"
"2009","11a","Yates","3500+","162"
"2009","11a","Yates","3000-3499","126"
"2009","11a","Yates","2500-2999","47"
"2009","11a","Yates","2000-2499","14"
"2009","11a","Yates","1500-1999","3"
"2009","11a","Yates","1000-1499","0"
"2008","11a","Albany","Total","3,140"
"2008","11a","Albany","Under 1000","34"
"2008","11a","Albany","1000-1499","27"
"2008","11a","Albany","1500-1999","55"
"2008","11a","Albany","2000-2499","153"
"2008","11a","Albany","2500-2999","537"
"2008","11a","Albany","3000-3499","1,123"
"2008","11a","Albany","3500+","1,210"
"2008","11a","Albany","Unknown","1"
"2008","11a","Allegany","Total","519"
"2008","11a","Allegany","Unknown","1"
"2008","11a","Allegany","3500+","188"
"2008","11a","Allegany","3000-3499","209"
"2008","11a","Allegany","2500-2999","87"
"2008","11a","Allegany","2000-2499","19"
"2008","11a","Allegany","1500-1999","7"
"2008","11a","Allegany","1000-1499","5"
"2008","11a","Allegany","Under 1000","3"
"2008","11a","Bronx","Total","23,011"
"2008","11a","Bronx","Under 1000","208"
"2008","11a","Bronx","1000-1499","216"
"2008","11a","Bronx","1500-1999","477"
"2008","11a","Bronx","2000-2499","1,408"
"2008","11a","Bronx","2500-2999","4,825"
"2008","11a","Bronx","3000-3499","8,989"
"2008","11a","Bronx","3500+","6,888"
"2008","11a","Bronx","Unknown","0"
"2008","11a","Broome","Total","2,074"
"2008","11a","Broome","Under 1000","18"
"2008","11a","Broome","1000-1499","12"
"2008","11a","Broome","1500-1999","26"
"2008","11a","Broome","2000-2499","103"
"2008","11a","Broome","2500-2999","318"
"2008","11a","Broome","3000-3499","812"
"2008","11a","Broome","3500+","784"
"2008","11a","Broome","Unknown","1"
"2008","11a","Cattaraugus","Total","1,010"
"2008","11a","Cattaraugus","Under 1000","7"
"2008","11a","Cattaraugus","1000-1499","5"
"2008","11a","Cattaraugus","1500-1999","14"
"2008","11a","Cattaraugus","2000-2499","34"
"2008","11a","Cattaraugus","2500-2999","146"
"2008","11a","Cattaraugus","3000-3499","391"
"2008","11a","Cattaraugus","3500+","338"
"2008","11a","Cattaraugus","Unknown","75"
"2008","11a","Cayuga","Total","836"
"2008","11a","Cayuga","Under 1000","7"
"2008","11a","Cayuga","1000-1499","8"
"2008","11a","Cayuga","1500-1999","6"
"2008","11a","Cayuga","2000-2499","37"
"2008","11a","Cayuga","2500-2999","122"
"2008","11a","Cayuga","3000-3499","302"
"2008","11a","Cayuga","3500+","352"
"2008","11a","Cayuga","Unknown","2"
"2008","11a","Chautauqua","Total","1,395"
"2008","11a","Chautauqua","Under 1000","8"
"2008","11a","Chautauqua","1000-1499","14"
"2008","11a","Chautauqua","1500-1999","17"
"2008","11a","Chautauqua","2000-2499","81"
"2008","11a","Chautauqua","2500-2999","251"
"2008","11a","Chautauqua","3000-3499","521"
"2008","11a","Chautauqua","3500+","481"
"2008","11a","Chautauqua","Unknown","22"
"2008","11a","Chemung","Total","957"
"2008","11a","Chemung","Unknown","0"
"2008","11a","Chemung","3500+","367"
"2008","11a","Chemung","3000-3499","356"
"2008","11a","Chemung","2500-2999","158"
"2008","11a","Chemung","2000-2499","42"
"2008","11a","Chemung","1500-1999","25"
"2008","11a","Chemung","1000-1499","2"
"2008","11a","Chemung","Under 1000","7"
"2008","11a","Chenango","1000-1499","4"
"2008","11a","Chenango","Unknown","0"
"2008","11a","Chenango","3500+","209"
"2008","11a","Chenango","3000-3499","206"
"2008","11a","Chenango","2500-2999","85"
"2008","11a","Chenango","2000-2499","23"
"2008","11a","Chenango","1500-1999","8"
"2008","11a","Chenango","Under 1000","5"
"2008","11a","Chenango","Total","540"
"2008","11a","Clinton","Under 1000","7"
"2008","11a","Clinton","Total","768"
"2008","11a","Clinton","Unknown","1"
"2008","11a","Clinton","3500+","323"
"2008","11a","Clinton","3000-3499","283"
"2008","11a","Clinton","2500-2999","115"
"2008","11a","Clinton","2000-2499","24"
"2008","11a","Clinton","1500-1999","12"
"2008","11a","Clinton","1000-1499","3"
"2008","11a","Columbia","Unknown","1"
"2008","11a","Columbia","Total","614"
"2008","11a","Columbia","Under 1000","3"
"2008","11a","Columbia","1000-1499","5"
"2008","11a","Columbia","1500-1999","18"
"2008","11a","Columbia","2000-2499","25"
"2008","11a","Columbia","2500-2999","114"
"2008","11a","Columbia","3000-3499","231"
"2008","11a","Columbia","3500+","217"
"2008","11a","Cortland","1000-1499","4"
"2008","11a","Cortland","Under 1000","1"
"2008","11a","Cortland","Total","574"
"2008","11a","Cortland","Unknown","0"
"2008","11a","Cortland","3500+","255"
"2008","11a","Cortland","3000-3499","210"
"2008","11a","Cortland","2500-2999","75"
"2008","11a","Cortland","2000-2499","22"
"2008","11a","Cortland","1500-1999","7"
"2008","11a","Delaware","Unknown","0"
"2008","11a","Delaware","Under 1000","6"
"2008","11a","Delaware","1000-1499","4"
"2008","11a","Delaware","1500-1999","2"
"2008","11a","Delaware","2000-2499","20"
"2008","11a","Delaware","Total","451"
"2008","11a","Delaware","2500-2999","61"
"2008","11a","Delaware","3000-3499","167"
"2008","11a","Delaware","3500+","191"
"2008","11a","Dutchess","Under 1000","20"
"2008","11a","Dutchess","Unknown","7"
"2008","11a","Dutchess","3500+","1,132"
"2008","11a","Dutchess","3000-3499","1,107"
"2008","11a","Dutchess","2500-2999","468"
"2008","11a","Dutchess","2000-2499","125"
"2008","11a","Dutchess","1500-1999","45"
"2008","11a","Dutchess","1000-1499","21"
"2008","11a","Dutchess","Total","2,925"
"2008","11a","Erie","Unknown","7"
"2008","11a","Erie","Total","9,680"
"2008","11a","Erie","Under 1000","71"
"2008","11a","Erie","1000-1499","88"
"2008","11a","Erie","1500-1999","156"
"2008","11a","Erie","2000-2499","482"
"2008","11a","Erie","2500-2999","1,688"
"2008","11a","Erie","3000-3499","3,625"
"2008","11a","Erie","3500+","3,563"
"2008","11a","Essex","Unknown","0"
"2008","11a","Essex","Total","375"
"2008","11a","Essex","Under 1000","1"
"2008","11a","Essex","1000-1499","2"
"2008","11a","Essex","1500-1999","8"
"2008","11a","Essex","2000-2499","29"
"2008","11a","Essex","2500-2999","53"
"2008","11a","Essex","3000-3499","141"
"2008","11a","Essex","3500+","141"
"2008","11a","Franklin","1500-1999","4"
"2008","11a","Franklin","Total","533"
"2008","11a","Franklin","Under 1000","2"
"2008","11a","Franklin","1000-1499","2"
"2008","11a","Franklin","2000-2499","19"
"2008","11a","Franklin","2500-2999","99"
"2008","11a","Franklin","3000-3499","223"
"2008","11a","Franklin","3500+","182"
"2008","11a","Franklin","Unknown","2"
"2008","11a","Fulton","1000-1499","8"
"2008","11a","Fulton","Under 1000","5"
"2008","11a","Fulton","Unknown","0"
"2008","11a","Fulton","3500+","235"
"2008","11a","Fulton","3000-3499","214"
"2008","11a","Fulton","2500-2999","116"
"2008","11a","Fulton","2000-2499","43"
"2008","11a","Fulton","Total","632"
"2008","11a","Fulton","1500-1999","11"
"2008","11a","Genesee","3500+","274"
"2008","11a","Genesee","Total","629"
"2008","11a","Genesee","Under 1000","4"
"2008","11a","Genesee","1000-1499","4"
"2008","11a","Genesee","1500-1999","8"
"2008","11a","Genesee","2000-2499","15"
"2008","11a","Genesee","2500-2999","93"
"2008","11a","Genesee","3000-3499","230"
"2008","11a","Genesee","Unknown","1"
"2008","11a","Greene","3500+","154"
"2008","11a","Greene","Total","439"
"2008","11a","Greene","Under 1000","0"
"2008","11a","Greene","1000-1499","1"
"2008","11a","Greene","1500-1999","11"
"2008","11a","Greene","2000-2499","29"
"2008","11a","Greene","2500-2999","84"
"2008","11a","Greene","3000-3499","160"
"2008","11a","Greene","Unknown","0"
"2008","11a","Hamilton","Under 1000","0"
"2008","11a","Hamilton","Total","34"
"2008","11a","Hamilton","Unknown","0"
"2008","11a","Hamilton","3500+","16"
"2008","11a","Hamilton","3000-3499","9"
"2008","11a","Hamilton","2500-2999","7"
"2008","11a","Hamilton","2000-2499","2"
"2008","11a","Hamilton","1500-1999","0"
"2008","11a","Hamilton","1000-1499","0"
"2008","11a","Herkimer","Unknown","1"
"2008","11a","Herkimer","Total","646"
"2008","11a","Herkimer","Under 1000","2"
"2008","11a","Herkimer","1000-1499","9"
"2008","11a","Herkimer","1500-1999","7"
"2008","11a","Herkimer","2000-2499","27"
"2008","11a","Herkimer","2500-2999","98"
"2008","11a","Herkimer","3000-3499","221"
"2008","11a","Herkimer","3500+","281"
"2008","11a","Jefferson","2500-2999","315"
"2008","11a","Jefferson","Unknown","3"
"2008","11a","Jefferson","3500+","858"
"2008","11a","Jefferson","3000-3499","795"
"2008","11a","Jefferson","Total","2,127"
"2008","11a","Jefferson","2000-2499","93"
"2008","11a","Jefferson","1500-1999","32"
"2008","11a","Jefferson","1000-1499","10"
"2008","11a","Jefferson","Under 1000","21"
"2008","11a","Kings","Total","41,623"
"2008","11a","Kings","Unknown","4"
"2008","11a","Kings","3500+","12,942"
"2008","11a","Kings","3000-3499","16,833"
"2008","11a","Kings","2500-2999","8,254"
"2008","11a","Kings","2000-2499","2,190"
"2008","11a","Kings","1500-1999","681"
"2008","11a","Kings","1000-1499","387"
"2008","11a","Kings","Under 1000","332"
"2008","11a","Lewis","Total","335"
"2008","11a","Lewis","Under 1000","0"
"2008","11a","Lewis","1000-1499","1"
"2008","11a","Lewis","1500-1999","3"
"2008","11a","Lewis","2000-2499","15"
"2008","11a","Lewis","2500-2999","47"
"2008","11a","Lewis","3000-3499","122"
"2008","11a","Lewis","3500+","142"
"2008","11a","Lewis","Unknown","5"
"2008","11a","Livingston","Total","589"
"2008","11a","Livingston","Under 1000","6"
"2008","11a","Livingston","1000-1499","4"
"2008","11a","Livingston","1500-1999","2"
"2008","11a","Livingston","2000-2499","20"
"2008","11a","Livingston","2500-2999","86"
"2008","11a","Livingston","3000-3499","200"
"2008","11a","Livingston","3500+","271"
"2008","11a","Livingston","Unknown","0"
"2008","11a","Madison","Under 1000","2"
"2008","11a","Madison","Unknown","1"
"2008","11a","Madison","3500+","305"
"2008","11a","Madison","3000-3499","256"
"2008","11a","Madison","2500-2999","99"
"2008","11a","Madison","2000-2499","24"
"2008","11a","Madison","1500-1999","9"
"2008","11a","Madison","1000-1499","3"
"2008","11a","Madison","Total","699"
"2008","11a","Monroe","Total","8,707"
"2008","11a","Monroe","Unknown","2"
"2008","11a","Monroe","3500+","3,390"
"2008","11a","Monroe","3000-3499","3,135"
"2008","11a","Monroe","2500-2999","1,478"
"2008","11a","Monroe","2000-2499","422"
"2008","11a","Monroe","1500-1999","130"
"2008","11a","Monroe","1000-1499","70"
"2008","11a","Monroe","Under 1000","80"
"2008","11a","Montgomery","Total","645"
"2008","11a","Montgomery","Unknown","4"
"2008","11a","Montgomery","3500+","249"
"2008","11a","Montgomery","3000-3499","253"
"2008","11a","Montgomery","2500-2999","94"
"2008","11a","Montgomery","2000-2499","29"
"2008","11a","Montgomery","1500-1999","10"
"2008","11a","Montgomery","1000-1499","2"
"2008","11a","Montgomery","Under 1000","4"
"2008","11a","Nassau","Total","15,033"
"2008","11a","Nassau","Unknown","1"
"2008","11a","Nassau","3500+","5,179"
"2008","11a","Nassau","3000-3499","5,991"
"2008","11a","Nassau","2500-2999","2,679"
"2008","11a","Nassau","2000-2499","736"
"2008","11a","Nassau","1500-1999","226"
"2008","11a","Nassau","1000-1499","122"
"2008","11a","Nassau","Under 1000","99"
"2008","11a","New York","3500+","6,331"
"2008","11a","New York","3000-3499","8,157"
"2008","11a","New York","2500-2999","4,045"
"2008","11a","New York","2000-2499","1,175"
"2008","11a","New York","1500-1999","330"
"2008","11a","New York","1000-1499","151"
"2008","11a","New York","Under 1000","114"
"2008","11a","New York","Total","20,306"
"2008","11a","New York","Unknown","3"
"2008","11a","New York City","Under 1000","879"
"2008","11a","New York City","3000-3499","48,806"
"2008","11a","New York City","2500-2999","24,596"
"2008","11a","New York City","2000-2499","6,745"
"2008","11a","New York City","1500-1999","2,049"
"2008","11a","New York City","1000-1499","1,046"
"2008","11a","New York City","3500+","37,628"
"2008","11a","New York City","Total","121,756"
"2008","11a","New York City","Unknown","7"
"2008","11a","New York State","Under 1000","1,739"
"2008","11a","New York State","Total","249,655"
"2008","11a","New York State","1000-1499","1,994"
"2008","11a","New York State","1500-1999","3,950"
"2008","11a","New York State","2000-2499","12,788"
"2008","11a","New York State","2500-2999","46,182"
"2008","11a","New York State","3000-3499","97,239"
"2008","11a","New York State","3500+","85,520"
"2008","11a","New York State","Unknown","243"
"2008","11a","Niagara","2500-2999","399"
"2008","11a","Niagara","Unknown","0"
"2008","11a","Niagara","3500+","861"
"2008","11a","Niagara","3000-3499","821"
"2008","11a","Niagara","2000-2499","119"
"2008","11a","Niagara","1500-1999","31"
"2008","11a","Niagara","1000-1499","16"
"2008","11a","Niagara","Under 1000","16"
"2008","11a","Niagara","Total","2,263"
"2008","11a","Oneida","Total","2,617"
"2008","11a","Oneida","Under 1000","19"
"2008","11a","Oneida","1000-1499","22"
"2008","11a","Oneida","1500-1999","40"
"2008","11a","Oneida","2000-2499","124"
"2008","11a","Oneida","2500-2999","460"
"2008","11a","Oneida","3000-3499","972"
"2008","11a","Oneida","3500+","980"
"2008","11a","Oneida","Unknown","0"
"2008","11a","Onondaga","Total","5,553"
"2008","11a","Onondaga","Under 1000","48"
"2008","11a","Onondaga","1000-1499","35"
"2008","11a","Onondaga","1500-1999","88"
"2008","11a","Onondaga","2000-2499","241"
"2008","11a","Onondaga","2500-2999","901"
"2008","11a","Onondaga","3000-3499","2,046"
"2008","11a","Onondaga","3500+","2,193"
"2008","11a","Onondaga","Unknown","1"
"2008","11a","Ontario","Total","1,111"
"2008","11a","Ontario","Under 1000","2"
"2008","11a","Ontario","1000-1499","5"
"2008","11a","Ontario","1500-1999","14"
"2008","11a","Ontario","2000-2499","38"
"2008","11a","Ontario","2500-2999","181"
"2008","11a","Ontario","3000-3499","378"
"2008","11a","Ontario","3500+","493"
"2008","11a","Ontario","Unknown","0"
"2008","11a","Orange","Total","5,406"
"2008","11a","Orange","Under 1000","28"
"2008","11a","Orange","1000-1499","23"
"2008","11a","Orange","1500-1999","92"
"2008","11a","Orange","2000-2499","261"
"2008","11a","Orange","2500-2999","942"
"2008","11a","Orange","3000-3499","2,097"
"2008","11a","Orange","3500+","1,963"
"2008","11a","Orange","Unknown","0"
"2008","11a","Orleans","Total","418"
"2008","11a","Orleans","Under 1000","2"
"2008","11a","Orleans","1000-1499","3"
"2008","11a","Orleans","1500-1999","4"
"2008","11a","Orleans","2000-2499","21"
"2008","11a","Orleans","2500-2999","63"
"2008","11a","Orleans","3000-3499","140"
"2008","11a","Orleans","3500+","184"
"2008","11a","Orleans","Unknown","1"
"2008","11a","Oswego","Total","1,377"
"2008","11a","Oswego","Under 1000","9"
"2008","11a","Oswego","1000-1499","6"
"2008","11a","Oswego","1500-1999","9"
"2008","11a","Oswego","2000-2499","58"
"2008","11a","Oswego","2500-2999","217"
"2008","11a","Oswego","3000-3499","494"
"2008","11a","Oswego","3500+","583"
"2008","11a","Oswego","Unknown","1"
"2008","11a","Otsego","Total","550"
"2008","11a","Otsego","Under 1000","2"
"2008","11a","Otsego","1000-1499","1"
"2008","11a","Otsego","1500-1999","7"
"2008","11a","Otsego","2000-2499","25"
"2008","11a","Otsego","2500-2999","85"
"2008","11a","Otsego","3000-3499","199"
"2008","11a","Otsego","3500+","231"
"2008","11a","Otsego","Unknown","0"
"2008","11a","Putnam","Total","984"
"2008","11a","Putnam","Under 1000","8"
"2008","11a","Putnam","1000-1499","9"
"2008","11a","Putnam","1500-1999","17"
"2008","11a","Putnam","2000-2499","58"
"2008","11a","Putnam","2500-2999","159"
"2008","11a","Putnam","3000-3499","353"
"2008","11a","Putnam","3500+","379"
"2008","11a","Putnam","Unknown","1"
"2008","11a","Queens","Total","31,063"
"2008","11a","Queens","Under 1000","186"
"2008","11a","Queens","1000-1499","251"
"2008","11a","Queens","1500-1999","469"
"2008","11a","Queens","2000-2499","1,663"
"2008","11a","Queens","2500-2999","6,431"
"2008","11a","Queens","3000-3499","12,506"
"2008","11a","Queens","3500+","9,557"
"2008","11a","Queens","Unknown","0"
"2008","11a","Rensselaer","Total","1,723"
"2008","11a","Rensselaer","Under 1000","14"
"2008","11a","Rensselaer","1000-1499","18"
"2008","11a","Rensselaer","1500-1999","25"
"2008","11a","Rensselaer","2000-2499","75"
"2008","11a","Rensselaer","2500-2999","293"
"2008","11a","Rensselaer","3000-3499","607"
"2008","11a","Rensselaer","3500+","689"
"2008","11a","Rensselaer","Unknown","2"
"2008","11a","Rest of State","Total","127,899"
"2008","11a","Rest of State","Unknown","236"
"2008","11a","Rest of State","3500+","47,892"
"2008","11a","Rest of State","3000-3499","48,433"
"2008","11a","Rest of State","2500-2999","21,586"
"2008","11a","Rest of State","2000-2499","6,043"
"2008","11a","Rest of State","1500-1999","1,901"
"2008","11a","Rest of State","1000-1499","948"
"2008","11a","Rest of State","Under 1000","860"
"2008","11a","Richmond","Unknown","0"
"2008","11a","Richmond","Total","5,753"
"2008","11a","Richmond","Under 1000","39"
"2008","11a","Richmond","1000-1499","41"
"2008","11a","Richmond","1500-1999","92"
"2008","11a","Richmond","2000-2499","309"
"2008","11a","Richmond","2500-2999","1,041"
"2008","11a","Richmond","3000-3499","2,321"
"2008","11a","Richmond","3500+","1,910"
"2008","11a","Rockland","Total","4,956"
"2008","11a","Rockland","Unknown","3"
"2008","11a","Rockland","3500+","1,881"
"2008","11a","Rockland","3000-3499","1,903"
"2008","11a","Rockland","2500-2999","826"
"2008","11a","Rockland","2000-2499","199"
"2008","11a","Rockland","1500-1999","65"
"2008","11a","Rockland","1000-1499","38"
"2008","11a","Rockland","Under 1000","41"
"2008","11a","Saratoga","Total","2,300"
"2008","11a","Saratoga","Unknown","5"
"2008","11a","Saratoga","3500+","973"
"2008","11a","Saratoga","3000-3499","830"
"2008","11a","Saratoga","2500-2999","339"
"2008","11a","Saratoga","2000-2499","82"
"2008","11a","Saratoga","1500-1999","38"
"2008","11a","Saratoga","1000-1499","18"
"2008","11a","Saratoga","Under 1000","15"
"2008","11a","Schenectady","Total","1,802"
"2008","11a","Schenectady","Unknown","0"
"2008","11a","Schenectady","3500+","677"
"2008","11a","Schenectady","3000-3499","654"
"2008","11a","Schenectady","2500-2999","313"
"2008","11a","Schenectady","2000-2499","109"
"2008","11a","Schenectady","1500-1999","27"
"2008","11a","Schenectady","1000-1499","9"
"2008","11a","Schenectady","Under 1000","13"
"2008","11a","Schoharie","Unknown","0"
"2008","11a","Schoharie","3000-3499","104"
"2008","11a","Schoharie","2500-2999","59"
"2008","11a","Schoharie","2000-2499","18"
"2008","11a","Schoharie","1500-1999","8"
"2008","11a","Schoharie","1000-1499","0"
"2008","11a","Schoharie","Under 1000","2"
"2008","11a","Schoharie","Total","327"
"2008","11a","Schoharie","3500+","136"
"2008","11a","Schuyler","3500+","64"
"2008","11a","Schuyler","3000-3499","67"
"2008","11a","Schuyler","Unknown","0"
"2008","11a","Schuyler","2500-2999","36"
"2008","11a","Schuyler","2000-2499","7"
"2008","11a","Schuyler","1500-1999","4"
"2008","11a","Schuyler","1000-1499","2"
"2008","11a","Schuyler","Under 1000","2"
"2008","11a","Schuyler","Total","182"
"2008","11a","Seneca","Unknown","0"
"2008","11a","Seneca","Total","381"
"2008","11a","Seneca","Under 1000","1"
"2008","11a","Seneca","1000-1499","1"
"2008","11a","Seneca","1500-1999","0"
"2008","11a","Seneca","2000-2499","9"
"2008","11a","Seneca","2500-2999","58"
"2008","11a","Seneca","3000-3499","150"
"2008","11a","Seneca","3500+","162"
"2008","11a","Steuben","Total","1,036"
"2008","11a","Steuben","Unknown","1"
"2008","11a","Steuben","3500+","393"
"2008","11a","Steuben","3000-3499","395"
"2008","11a","Steuben","2500-2999","183"
"2008","11a","Steuben","2000-2499","42"
"2008","11a","Steuben","1500-1999","10"
"2008","11a","Steuben","1000-1499","8"
"2008","11a","Steuben","Under 1000","4"
"2008","11a","St Lawrence","1000-1499","5"
"2008","11a","St Lawrence","Unknown","38"
"2008","11a","St Lawrence","Total","1,253"
"2008","11a","St Lawrence","Under 1000","2"
"2008","11a","St Lawrence","1500-1999","19"
"2008","11a","St Lawrence","2000-2499","65"
"2008","11a","St Lawrence","2500-2999","210"
"2008","11a","St Lawrence","3000-3499","477"
"2008","11a","St Lawrence","3500+","437"
"2008","11a","Suffolk","3500+","6,626"
"2008","11a","Suffolk","3000-3499","6,988"
"2008","11a","Suffolk","2500-2999","3,077"
"2008","11a","Suffolk","2000-2499","831"
"2008","11a","Suffolk","1500-1999","240"
"2008","11a","Suffolk","1000-1499","131"
"2008","11a","Suffolk","Under 1000","88"
"2008","11a","Suffolk","Total","17,984"
"2008","11a","Suffolk","Unknown","3"
"2008","11a","Sullivan","Total","959"
"2008","11a","Sullivan","Under 1000","4"
"2008","11a","Sullivan","1000-1499","7"
"2008","11a","Sullivan","1500-1999","23"
"2008","11a","Sullivan","2000-2499","55"
"2008","11a","Sullivan","2500-2999","180"
"2008","11a","Sullivan","3000-3499","348"
"2008","11a","Sullivan","3500+","341"
"2008","11a","Sullivan","Unknown","1"
"2008","11a","Tioga","Unknown","1"
"2008","11a","Tioga","3500+","214"
"2008","11a","Tioga","3000-3499","183"
"2008","11a","Tioga","2500-2999","75"
"2008","11a","Tioga","2000-2499","23"
"2008","11a","Tioga","1500-1999","4"
"2008","11a","Tioga","1000-1499","6"
"2008","11a","Tioga","Under 1000","2"
"2008","11a","Tioga","Total","508"
"2008","11a","Tompkins","Unknown","1"
"2008","11a","Tompkins","Under 1000","3"
"2008","11a","Tompkins","3500+","363"
"2008","11a","Tompkins","3000-3499","311"
"2008","11a","Tompkins","2500-2999","150"
"2008","11a","Tompkins","2000-2499","38"
"2008","11a","Tompkins","1500-1999","13"
"2008","11a","Tompkins","1000-1499","7"
"2008","11a","Tompkins","Total","886"
"2008","11a","Ulster","Total","1,800"
"2008","11a","Ulster","Under 1000","13"
"2008","11a","Ulster","1000-1499","13"
"2008","11a","Ulster","1500-1999","28"
"2008","11a","Ulster","2000-2499","87"
"2008","11a","Ulster","2500-2999","273"
"2008","11a","Ulster","3000-3499","662"
"2008","11a","Ulster","3500+","723"
"2008","11a","Ulster","Unknown","1"
"2008","11a","Warren","Unknown","0"
"2008","11a","Warren","Total","658"
"2008","11a","Warren","Under 1000","3"
"2008","11a","Warren","1000-1499","3"
"2008","11a","Warren","1500-1999","16"
"2008","11a","Warren","2000-2499","33"
"2008","11a","Warren","2500-2999","110"
"2008","11a","Warren","3000-3499","258"
"2008","11a","Warren","3500+","235"
"2008","11a","Washington","3500+","289"
"2008","11a","Washington","Total","662"
"2008","11a","Washington","Under 1000","7"
"2008","11a","Washington","1000-1499","2"
"2008","11a","Washington","1500-1999","8"
"2008","11a","Washington","2000-2499","26"
"2008","11a","Washington","2500-2999","99"
"2008","11a","Washington","3000-3499","231"
"2008","11a","Washington","Unknown","0"
"2008","11a","Wayne","3000-3499","398"
"2008","11a","Wayne","Unknown","0"
"2008","11a","Wayne","3500+","464"
"2008","11a","Wayne","2500-2999","152"
"2008","11a","Wayne","2000-2499","46"
"2008","11a","Wayne","1500-1999","18"
"2008","11a","Wayne","1000-1499","9"
"2008","11a","Wayne","Under 1000","8"
"2008","11a","Wayne","Total","1,095"
"2008","11a","Westchester","Total","11,517"
"2008","11a","Westchester","Unknown","36"
"2008","11a","Westchester","3500+","3,746"
"2008","11a","Westchester","3000-3499","4,641"
"2008","11a","Westchester","2500-2999","2,074"
"2008","11a","Westchester","2000-2499","651"
"2008","11a","Westchester","1500-1999","187"
"2008","11a","Westchester","1000-1499","107"
"2008","11a","Westchester","Under 1000","75"
"2008","11a","Wyoming","3500+","190"
"2008","11a","Wyoming","Total","395"
"2008","11a","Wyoming","Under 1000","4"
"2008","11a","Wyoming","1000-1499","1"
"2008","11a","Wyoming","1500-1999","5"
"2008","11a","Wyoming","2000-2499","8"
"2008","11a","Wyoming","2500-2999","62"
"2008","11a","Wyoming","3000-3499","124"
"2008","11a","Wyoming","Unknown","1"
"2008","11a","Yates","Total","290"
"2008","11a","Yates","Unknown","1"
"2008","11a","Yates","3500+","135"
"2008","11a","Yates","3000-3499","109"
"2008","11a","Yates","2500-2999","37"
"2008","11a","Yates","2000-2499","1"
"2008","11a","Yates","1500-1999","2"
"2008","11a","Yates","1000-1499","3"
"2008","11a","Yates","Under 1000","2"
